test_id,run_number,database,engine,index,target_recall,actual_recall,comparison_recall,recall_tolerance,target_met,calibration_selection,calibration_recall,average_ms,p50_ms,p95_ms,p99_ms,qps,filtered_queries,filtered_recall,filtered_average_ms,filtered_p50_ms,filtered_p95_ms,filtered_p99_ms,unfiltered_queries,unfiltered_recall,unfiltered_average_ms,unfiltered_p50_ms,unfiltered_p95_ms,unfiltered_p99_ms,cpu_average_percent,cpu_max_percent,ram_average_bytes,ram_max_bytes,disk_write_bytes,index_size_bytes,time_to_index_ready_ms,upsert_ms,vector_count,query_executions,concurrency,top_k,warmup_iterations,measurement_iterations,stability_verified,stability_diagnostics,index_parameters,search_parameters,environment,measured_at
"T01",1,"pgvector","PostgreSQL","hnsw",0.900000,0.899500,0.891111,0.010000,true,"WITHIN_TOLERANCE",0.903333,4.648316,3.840500,7.769000,18.767500,2137.406,100,0.975000,4.317945,3.848000,5.635600,18.185600,900,0.891111,4.685023,3.839700,7.887000,18.930400,4.960,4.960,180984217,180984217,0,49389568,11345,11317,10000,1000,10,10,1,5,true,"{""required"":false,""verified"":true,""driftThreshold"":0.0,""calibrationRecall"":null,""serialRecallSamples"":[],""concurrentRecallSamples"":[],""stateBefore"":{},""stateAfter"":{},""reason"":""Adapter has no mandatory drift audit""}","{""metric"":""COSINE"",""m"":16,""dimension"":1024,""force_index_scan"":true,""ef_construction"":128}","{""ef_search"":200}","{""springBootVersion"":""4.1.1"",""cpu"":""AMD64 Family 25 Model 33 Stepping 0, AuthenticAMD"",""metric"":""COSINE"",""declaredVectorDbBudget"":{""cpuCores"":4.0,""memoryBytes"":8589934592},""containerLimits"":{""vector-postgres"":""cpuNano=4000000000,memoryBytes=8589934592,memorySwapBytes=8589934592""},""sourceOfTruth"":{""datasetSha256"":""cc23f095b88585453940e8fca998f8b16f9573361b0c83f021d7bb095ba9e4c6"",""documentCount"":200,""chunkCount"":10000,""synchronizedNow"":false},""physicalMemoryBytes"":51460743168,""queryVectorsSha256"":""d06cc81c1169e1a926fc69a835fabda560932d8834bd687893fe0da301c4cfa9"",""javaVersion"":""21.0.11"",""queryPartition"":{""evaluationIdsSha256"":""f856701d0c4b142b59ef1f22919e1e8f1c897145a9bdf88e6b18a59196a6ca25"",""calibrationIdsSha256"":""8b3e0cf00bea0503372f6e0e968ec87a831d597ac5132d0e7ae30ade95164508"",""evaluationQueries"":200,""method"":""query-type-stratified-sha256"",""calibrationQueries"":100},""os"":""Windows 11 10.0 amd64"",""documentVectorsSha256"":""cc23f095b88585453940e8fca998f8b16f9573361b0c83f021d7bb095ba9e4c6"",""availableProcessors"":16,""queryDefinitionsSha256"":""e9e52e8cd2ce129bb91205fa1a08f2baf2d4ca8bd28fe9c42299eefdb99ada18"",""dockerServerVersion"":""29.7.2""}",2026-09-11T09:48:58.235088Z
"T02",1,"pgvector","PostgreSQL","hnsw",0.950000,0.957000,0.952222,0.010000,true,"WITHIN_TOLERANCE",0.950000,10.280201,6.348700,47.381900,52.000500,970.944,100,1.000000,9.418139,6.482200,42.861500,47.400600,900,0.952222,10.375985,6.336300,47.413900,52.145200,55.240,109.050,185440665,186646528,800000,49389568,11345,11317,10000,1000,10,10,1,5,true,"{""required"":false,""verified"":true,""driftThreshold"":0.0,""calibrationRecall"":null,""serialRecallSamples"":[],""concurrentRecallSamples"":[],""stateBefore"":{},""stateAfter"":{},""reason"":""Adapter has no mandatory drift audit""}","{""metric"":""COSINE"",""m"":16,""dimension"":1024,""force_index_scan"":true,""ef_construction"":128}","{""ef_search"":800}","{""springBootVersion"":""4.1.1"",""cpu"":""AMD64 Family 25 Model 33 Stepping 0, AuthenticAMD"",""metric"":""COSINE"",""declaredVectorDbBudget"":{""cpuCores"":4.0,""memoryBytes"":8589934592},""containerLimits"":{""vector-postgres"":""cpuNano=4000000000,memoryBytes=8589934592,memorySwapBytes=8589934592""},""sourceOfTruth"":{""datasetSha256"":""cc23f095b88585453940e8fca998f8b16f9573361b0c83f021d7bb095ba9e4c6"",""documentCount"":200,""chunkCount"":10000,""synchronizedNow"":false},""physicalMemoryBytes"":51460743168,""queryVectorsSha256"":""d06cc81c1169e1a926fc69a835fabda560932d8834bd687893fe0da301c4cfa9"",""javaVersion"":""21.0.11"",""queryPartition"":{""evaluationIdsSha256"":""f856701d0c4b142b59ef1f22919e1e8f1c897145a9bdf88e6b18a59196a6ca25"",""calibrationIdsSha256"":""8b3e0cf00bea0503372f6e0e968ec87a831d597ac5132d0e7ae30ade95164508"",""evaluationQueries"":200,""method"":""query-type-stratified-sha256"",""calibrationQueries"":100},""os"":""Windows 11 10.0 amd64"",""documentVectorsSha256"":""cc23f095b88585453940e8fca998f8b16f9573361b0c83f021d7bb095ba9e4c6"",""availableProcessors"":16,""queryDefinitionsSha256"":""e9e52e8cd2ce129bb91205fa1a08f2baf2d4ca8bd28fe9c42299eefdb99ada18"",""dockerServerVersion"":""29.7.2""}",2026-09-11T09:49:04.239279900Z
"T03",1,"pgvector","PostgreSQL","ivfflat",0.900000,0.936000,0.935000,0.010000,false,"WITHIN_TOLERANCE",0.903333,8.434252,5.712600,39.072600,42.680100,1178.997,100,0.945000,9.290382,6.118200,37.518900,42.063100,900,0.935000,8.339126,5.666700,39.142100,42.680100,0.210,0.210,225338982,225338982,2000000,82010112,3427,2945,10000,1000,10,10,1,5,true,"{""required"":false,""verified"":true,""driftThreshold"":0.0,""calibrationRecall"":null,""serialRecallSamples"":[],""concurrentRecallSamples"":[],""stateBefore"":{},""stateAfter"":{},""reason"":""Adapter has no mandatory drift audit""}","{""metric"":""COSINE"",""force_index_scan"":true,""dimension"":1024,""lists"":10}","{""probes"":2}","{""javaVersion"":""21.0.11"",""queryVectorsSha256"":""d06cc81c1169e1a926fc69a835fabda560932d8834bd687893fe0da301c4cfa9"",""physicalMemoryBytes"":51460743168,""sourceOfTruth"":{""datasetSha256"":""cc23f095b88585453940e8fca998f8b16f9573361b0c83f021d7bb095ba9e4c6"",""documentCount"":200,""chunkCount"":10000,""synchronizedNow"":false},""containerLimits"":{""vector-postgres"":""cpuNano=4000000000,memoryBytes=8589934592,memorySwapBytes=8589934592""},""metric"":""COSINE"",""declaredVectorDbBudget"":{""cpuCores"":4.0,""memoryBytes"":8589934592},""cpu"":""AMD64 Family 25 Model 33 Stepping 0, AuthenticAMD"",""springBootVersion"":""4.1.1"",""dockerServerVersion"":""29.7.2"",""queryDefinitionsSha256"":""e9e52e8cd2ce129bb91205fa1a08f2baf2d4ca8bd28fe9c42299eefdb99ada18"",""availableProcessors"":16,""os"":""Windows 11 10.0 amd64"",""documentVectorsSha256"":""cc23f095b88585453940e8fca998f8b16f9573361b0c83f021d7bb095ba9e4c6"",""queryPartition"":{""calibrationIdsSha256"":""8b3e0cf00bea0503372f6e0e968ec87a831d597ac5132d0e7ae30ade95164508"",""evaluationIdsSha256"":""f856701d0c4b142b59ef1f22919e1e8f1c897145a9bdf88e6b18a59196a6ca25"",""calibrationQueries"":100,""method"":""query-type-stratified-sha256"",""evaluationQueries"":200}}",2026-09-11T09:49:33.116503Z
"T04",1,"pgvector","PostgreSQL","ivfflat",0.950000,0.976000,0.973333,0.010000,false,"WITHIN_TOLERANCE",0.952222,12.355821,7.359500,49.992300,54.368100,806.000,100,1.000000,16.517784,7.583100,52.511300,56.237000,900,0.973333,11.893381,7.336200,49.786400,54.329000,72.120,144.220,225705983,225758412,0,82010112,3427,2945,10000,1000,10,10,1,5,true,"{""required"":false,""verified"":true,""driftThreshold"":0.0,""calibrationRecall"":null,""serialRecallSamples"":[],""concurrentRecallSamples"":[],""stateBefore"":{},""stateAfter"":{},""reason"":""Adapter has no mandatory drift audit""}","{""metric"":""COSINE"",""force_index_scan"":true,""dimension"":1024,""lists"":10}","{""probes"":3}","{""javaVersion"":""21.0.11"",""queryVectorsSha256"":""d06cc81c1169e1a926fc69a835fabda560932d8834bd687893fe0da301c4cfa9"",""physicalMemoryBytes"":51460743168,""sourceOfTruth"":{""datasetSha256"":""cc23f095b88585453940e8fca998f8b16f9573361b0c83f021d7bb095ba9e4c6"",""documentCount"":200,""chunkCount"":10000,""synchronizedNow"":false},""containerLimits"":{""vector-postgres"":""cpuNano=4000000000,memoryBytes=8589934592,memorySwapBytes=8589934592""},""metric"":""COSINE"",""declaredVectorDbBudget"":{""cpuCores"":4.0,""memoryBytes"":8589934592},""cpu"":""AMD64 Family 25 Model 33 Stepping 0, AuthenticAMD"",""springBootVersion"":""4.1.1"",""dockerServerVersion"":""29.7.2"",""queryDefinitionsSha256"":""e9e52e8cd2ce129bb91205fa1a08f2baf2d4ca8bd28fe9c42299eefdb99ada18"",""availableProcessors"":16,""os"":""Windows 11 10.0 amd64"",""documentVectorsSha256"":""cc23f095b88585453940e8fca998f8b16f9573361b0c83f021d7bb095ba9e4c6"",""queryPartition"":{""calibrationIdsSha256"":""8b3e0cf00bea0503372f6e0e968ec87a831d597ac5132d0e7ae30ade95164508"",""evaluationIdsSha256"":""f856701d0c4b142b59ef1f22919e1e8f1c897145a9bdf88e6b18a59196a6ca25"",""calibrationQueries"":100,""method"":""query-type-stratified-sha256"",""evaluationQueries"":200}}",2026-09-11T09:49:38.123072500Z
"T05",1,"qdrant","Native","hnsw",0.900000,0.891000,0.893889,0.010000,true,"WITHIN_TOLERANCE",0.900000,2.892142,2.684200,4.432300,7.038000,3424.591,100,0.865000,2.980893,2.806300,4.255500,6.861200,900,0.893889,2.882281,2.669200,4.432300,7.060200,0.130,0.130,117755084,117755084,0,-1,10166,3735,10000,1000,10,10,1,5,true,"{""required"":false,""verified"":true,""driftThreshold"":0.0,""calibrationRecall"":null,""serialRecallSamples"":[],""concurrentRecallSamples"":[],""stateBefore"":{},""stateAfter"":{},""reason"":""Adapter has no mandatory drift audit""}","{""metric"":""COSINE"",""dimension"":1024,""indexing_threshold_kb"":10,""full_scan_threshold_kb"":10,""ef_construct"":128,""m"":16,""payload_index_fields"":{""tenant"":""keyword"",""category"":""keyword"",""language"":""keyword"",""tenant_id"":""keyword"",""benchmark_selectivity_01"":""keyword"",""benchmark_selectivity_50"":""keyword"",""benchmark_selectivity_10"":""keyword"",""status"":""keyword"",""access_level"":""keyword""}}","{""hnsw_ef"":10}","{""availableProcessors"":16,""os"":""Windows 11 10.0 amd64"",""documentVectorsSha256"":""cc23f095b88585453940e8fca998f8b16f9573361b0c83f021d7bb095ba9e4c6"",""queryPartition"":{""method"":""query-type-stratified-sha256"",""evaluationQueries"":200,""calibrationIdsSha256"":""8b3e0cf00bea0503372f6e0e968ec87a831d597ac5132d0e7ae30ade95164508"",""evaluationIdsSha256"":""f856701d0c4b142b59ef1f22919e1e8f1c897145a9bdf88e6b18a59196a6ca25"",""calibrationQueries"":100},""javaVersion"":""21.0.11"",""queryVectorsSha256"":""d06cc81c1169e1a926fc69a835fabda560932d8834bd687893fe0da301c4cfa9"",""physicalMemoryBytes"":51460743168,""sourceOfTruth"":{""datasetSha256"":""cc23f095b88585453940e8fca998f8b16f9573361b0c83f021d7bb095ba9e4c6"",""documentCount"":200,""chunkCount"":10000,""synchronizedNow"":false},""containerLimits"":{""vector-qdrant"":""cpuNano=4000000000,memoryBytes=8589934592,memorySwapBytes=8589934592""},""cpu"":""AMD64 Family 25 Model 33 Stepping 0, AuthenticAMD"",""metric"":""COSINE"",""declaredVectorDbBudget"":{""cpuCores"":4.0,""memoryBytes"":8589934592},""springBootVersion"":""4.1.1"",""dockerServerVersion"":""29.7.2"",""queryDefinitionsSha256"":""e9e52e8cd2ce129bb91205fa1a08f2baf2d4ca8bd28fe9c42299eefdb99ada18""}",2026-09-11T09:50:08.575257Z
"T06",1,"qdrant","Native","hnsw",0.950000,0.973000,0.970000,0.010000,false,"CLOSEST_AVAILABLE",0.967778,3.242677,3.039500,5.086400,6.889000,3058.360,100,1.000000,3.407659,3.069900,5.423000,8.274600,900,0.970000,3.224346,3.035400,5.063600,6.343300,0.050,0.050,119118233,119118233,0,-1,10166,3735,10000,1000,10,10,1,5,true,"{""required"":false,""verified"":true,""driftThreshold"":0.0,""calibrationRecall"":null,""serialRecallSamples"":[],""concurrentRecallSamples"":[],""stateBefore"":{},""stateAfter"":{},""reason"":""Adapter has no mandatory drift audit""}","{""metric"":""COSINE"",""dimension"":1024,""indexing_threshold_kb"":10,""full_scan_threshold_kb"":10,""ef_construct"":128,""m"":16,""payload_index_fields"":{""tenant"":""keyword"",""category"":""keyword"",""language"":""keyword"",""tenant_id"":""keyword"",""benchmark_selectivity_01"":""keyword"",""benchmark_selectivity_50"":""keyword"",""benchmark_selectivity_10"":""keyword"",""status"":""keyword"",""access_level"":""keyword""}}","{""hnsw_ef"":20}","{""availableProcessors"":16,""os"":""Windows 11 10.0 amd64"",""documentVectorsSha256"":""cc23f095b88585453940e8fca998f8b16f9573361b0c83f021d7bb095ba9e4c6"",""queryPartition"":{""method"":""query-type-stratified-sha256"",""evaluationQueries"":200,""calibrationIdsSha256"":""8b3e0cf00bea0503372f6e0e968ec87a831d597ac5132d0e7ae30ade95164508"",""evaluationIdsSha256"":""f856701d0c4b142b59ef1f22919e1e8f1c897145a9bdf88e6b18a59196a6ca25"",""calibrationQueries"":100},""javaVersion"":""21.0.11"",""queryVectorsSha256"":""d06cc81c1169e1a926fc69a835fabda560932d8834bd687893fe0da301c4cfa9"",""physicalMemoryBytes"":51460743168,""sourceOfTruth"":{""datasetSha256"":""cc23f095b88585453940e8fca998f8b16f9573361b0c83f021d7bb095ba9e4c6"",""documentCount"":200,""chunkCount"":10000,""synchronizedNow"":false},""containerLimits"":{""vector-qdrant"":""cpuNano=4000000000,memoryBytes=8589934592,memorySwapBytes=8589934592""},""cpu"":""AMD64 Family 25 Model 33 Stepping 0, AuthenticAMD"",""metric"":""COSINE"",""declaredVectorDbBudget"":{""cpuCores"":4.0,""memoryBytes"":8589934592},""springBootVersion"":""4.1.1"",""dockerServerVersion"":""29.7.2"",""queryDefinitionsSha256"":""e9e52e8cd2ce129bb91205fa1a08f2baf2d4ca8bd28fe9c42299eefdb99ada18""}",2026-09-11T09:50:12.590495200Z
"T09",1,"weaviate","Native","hfresh",0.900000,0.964500,0.960556,0.010000,false,"CLOSEST_AVAILABLE",0.955556,19.008611,18.321000,33.338700,41.261400,523.999,100,1.000000,21.937850,20.619900,36.850400,41.767000,900,0.960556,18.683140,17.810500,32.654400,40.710900,192.350,384.470,120638668,120795955,0,-1,69133,8623,10000,1000,10,10,1,5,true,"{""required"":false,""verified"":true,""driftThreshold"":0.0,""calibrationRecall"":null,""serialRecallSamples"":[],""concurrentRecallSamples"":[],""stateBefore"":{},""stateAfter"":{},""reason"":""Adapter has no mandatory drift audit""}","{""dimension"":1024,""rqBits"":1,""distance"":""cosine"",""replicas"":4,""maxPostingSizeKB"":48}","{""searchProbe"":8}","{""containerLimits"":{""vector-weaviate"":""cpuNano=4000000000,memoryBytes=8589934592,memorySwapBytes=8589934592""},""sourceOfTruth"":{""datasetSha256"":""cc23f095b88585453940e8fca998f8b16f9573361b0c83f021d7bb095ba9e4c6"",""documentCount"":200,""chunkCount"":10000,""synchronizedNow"":false},""physicalMemoryBytes"":51460743168,""queryVectorsSha256"":""d06cc81c1169e1a926fc69a835fabda560932d8834bd687893fe0da301c4cfa9"",""javaVersion"":""21.0.11"",""queryPartition"":{""calibrationIdsSha256"":""8b3e0cf00bea0503372f6e0e968ec87a831d597ac5132d0e7ae30ade95164508"",""evaluationQueries"":200,""method"":""query-type-stratified-sha256"",""calibrationQueries"":100,""evaluationIdsSha256"":""f856701d0c4b142b59ef1f22919e1e8f1c897145a9bdf88e6b18a59196a6ca25""},""os"":""Windows 11 10.0 amd64"",""documentVectorsSha256"":""cc23f095b88585453940e8fca998f8b16f9573361b0c83f021d7bb095ba9e4c6"",""availableProcessors"":16,""dockerServerVersion"":""29.7.2"",""queryDefinitionsSha256"":""e9e52e8cd2ce129bb91205fa1a08f2baf2d4ca8bd28fe9c42299eefdb99ada18"",""springBootVersion"":""4.1.1"",""cpu"":""AMD64 Family 25 Model 33 Stepping 0, AuthenticAMD"",""metric"":""COSINE"",""declaredVectorDbBudget"":{""memoryBytes"":8589934592,""cpuCores"":4.0}}",2026-09-11T09:52:05.217286400Z
"T10",1,"weaviate","Native","hfresh",0.950000,0.964500,0.960556,0.010000,false,"WITHIN_TOLERANCE",0.955556,20.621922,19.492500,36.718100,46.953600,483.537,100,1.000000,23.115695,22.100600,37.463000,47.852200,900,0.960556,20.344837,19.281600,36.401500,46.857200,128.123,383.770,112512204,120900812,0,-1,69133,8623,10000,1000,10,10,1,5,true,"{""required"":false,""verified"":true,""driftThreshold"":0.0,""calibrationRecall"":null,""serialRecallSamples"":[],""concurrentRecallSamples"":[],""stateBefore"":{},""stateAfter"":{},""reason"":""Adapter has no mandatory drift audit""}","{""dimension"":1024,""rqBits"":1,""distance"":""cosine"",""replicas"":4,""maxPostingSizeKB"":48}","{""searchProbe"":8}","{""containerLimits"":{""vector-weaviate"":""cpuNano=4000000000,memoryBytes=8589934592,memorySwapBytes=8589934592""},""sourceOfTruth"":{""datasetSha256"":""cc23f095b88585453940e8fca998f8b16f9573361b0c83f021d7bb095ba9e4c6"",""documentCount"":200,""chunkCount"":10000,""synchronizedNow"":false},""physicalMemoryBytes"":51460743168,""queryVectorsSha256"":""d06cc81c1169e1a926fc69a835fabda560932d8834bd687893fe0da301c4cfa9"",""javaVersion"":""21.0.11"",""queryPartition"":{""calibrationIdsSha256"":""8b3e0cf00bea0503372f6e0e968ec87a831d597ac5132d0e7ae30ade95164508"",""evaluationQueries"":200,""method"":""query-type-stratified-sha256"",""calibrationQueries"":100,""evaluationIdsSha256"":""f856701d0c4b142b59ef1f22919e1e8f1c897145a9bdf88e6b18a59196a6ca25""},""os"":""Windows 11 10.0 amd64"",""documentVectorsSha256"":""cc23f095b88585453940e8fca998f8b16f9573361b0c83f021d7bb095ba9e4c6"",""availableProcessors"":16,""dockerServerVersion"":""29.7.2"",""queryDefinitionsSha256"":""e9e52e8cd2ce129bb91205fa1a08f2baf2d4ca8bd28fe9c42299eefdb99ada18"",""springBootVersion"":""4.1.1"",""cpu"":""AMD64 Family 25 Model 33 Stepping 0, AuthenticAMD"",""metric"":""COSINE"",""declaredVectorDbBudget"":{""memoryBytes"":8589934592,""cpuCores"":4.0}}",2026-09-11T09:52:11.632738Z
"T07",1,"weaviate","Native","hnsw",0.900000,0.876000,0.862222,0.010000,false,"WITHIN_TOLERANCE",0.891111,14.484108,13.329600,26.105500,32.391900,688.526,100,1.000000,16.854949,16.660100,28.560100,32.266600,900,0.862222,14.220682,13.024000,26.024100,32.391900,109.385,218.580,199858585,199858585,0,-1,67336,8437,10000,1000,10,10,1,5,true,"{""required"":false,""verified"":true,""driftThreshold"":0.0,""calibrationRecall"":null,""serialRecallSamples"":[],""concurrentRecallSamples"":[],""stateBefore"":{},""stateAfter"":{},""reason"":""Adapter has no mandatory drift audit""}","{""dimension"":1024,""distance"":""cosine"",""efConstruction"":128,""maxConnections"":16}","{""ef"":120}","{""physicalMemoryBytes"":51460743168,""sourceOfTruth"":{""datasetSha256"":""cc23f095b88585453940e8fca998f8b16f9573361b0c83f021d7bb095ba9e4c6"",""documentCount"":200,""chunkCount"":10000,""synchronizedNow"":false},""containerLimits"":{""vector-weaviate"":""cpuNano=4000000000,memoryBytes=8589934592,memorySwapBytes=8589934592""},""cpu"":""AMD64 Family 25 Model 33 Stepping 0, AuthenticAMD"",""metric"":""COSINE"",""declaredVectorDbBudget"":{""memoryBytes"":8589934592,""cpuCores"":4.0},""springBootVersion"":""4.1.1"",""dockerServerVersion"":""29.7.2"",""queryDefinitionsSha256"":""e9e52e8cd2ce129bb91205fa1a08f2baf2d4ca8bd28fe9c42299eefdb99ada18"",""availableProcessors"":16,""os"":""Windows 11 10.0 amd64"",""documentVectorsSha256"":""cc23f095b88585453940e8fca998f8b16f9573361b0c83f021d7bb095ba9e4c6"",""queryPartition"":{""evaluationIdsSha256"":""f856701d0c4b142b59ef1f22919e1e8f1c897145a9bdf88e6b18a59196a6ca25"",""calibrationQueries"":100,""method"":""query-type-stratified-sha256"",""evaluationQueries"":200,""calibrationIdsSha256"":""8b3e0cf00bea0503372f6e0e968ec87a831d597ac5132d0e7ae30ade95164508""},""javaVersion"":""21.0.11"",""queryVectorsSha256"":""d06cc81c1169e1a926fc69a835fabda560932d8834bd687893fe0da301c4cfa9""}",2026-09-11T09:53:56.751775500Z
"T08",1,"weaviate","Native","hnsw",0.950000,0.943000,0.936667,0.010000,false,"WITHIN_TOLERANCE",0.940000,19.052739,16.467700,39.115000,62.414800,523.032,100,1.000000,19.608848,15.894000,41.499500,51.145700,900,0.936667,18.990949,16.531200,38.769200,62.414800,194.340,388.500,197184716,197237145,0,-1,67336,8437,10000,1000,10,10,1,5,true,"{""required"":false,""verified"":true,""driftThreshold"":0.0,""calibrationRecall"":null,""serialRecallSamples"":[],""concurrentRecallSamples"":[],""stateBefore"":{},""stateAfter"":{},""reason"":""Adapter has no mandatory drift audit""}","{""dimension"":1024,""distance"":""cosine"",""efConstruction"":128,""maxConnections"":16}","{""ef"":400}","{""physicalMemoryBytes"":51460743168,""sourceOfTruth"":{""datasetSha256"":""cc23f095b88585453940e8fca998f8b16f9573361b0c83f021d7bb095ba9e4c6"",""documentCount"":200,""chunkCount"":10000,""synchronizedNow"":false},""containerLimits"":{""vector-weaviate"":""cpuNano=4000000000,memoryBytes=8589934592,memorySwapBytes=8589934592""},""cpu"":""AMD64 Family 25 Model 33 Stepping 0, AuthenticAMD"",""metric"":""COSINE"",""declaredVectorDbBudget"":{""memoryBytes"":8589934592,""cpuCores"":4.0},""springBootVersion"":""4.1.1"",""dockerServerVersion"":""29.7.2"",""queryDefinitionsSha256"":""e9e52e8cd2ce129bb91205fa1a08f2baf2d4ca8bd28fe9c42299eefdb99ada18"",""availableProcessors"":16,""os"":""Windows 11 10.0 amd64"",""documentVectorsSha256"":""cc23f095b88585453940e8fca998f8b16f9573361b0c83f021d7bb095ba9e4c6"",""queryPartition"":{""evaluationIdsSha256"":""f856701d0c4b142b59ef1f22919e1e8f1c897145a9bdf88e6b18a59196a6ca25"",""calibrationQueries"":100,""method"":""query-type-stratified-sha256"",""evaluationQueries"":200,""calibrationIdsSha256"":""8b3e0cf00bea0503372f6e0e968ec87a831d597ac5132d0e7ae30ade95164508""},""javaVersion"":""21.0.11"",""queryVectorsSha256"":""d06cc81c1169e1a926fc69a835fabda560932d8834bd687893fe0da301c4cfa9""}",2026-09-11T09:54:03.777321400Z
"T19",1,"milvus","Native","DISKANN",0.900000,0.833500,0.838333,0.010000,false,"WITHIN_TOLERANCE",0.897778,10.384845,9.086400,20.407700,26.616900,958.095,100,0.790000,11.033541,9.879900,20.968900,28.644900,900,0.838333,10.312768,9.059400,20.368500,26.294000,26.850,45.870,727281826,727491541,29999,-1,48213,4147,10000,1000,10,10,1,5,true,"{""required"":true,""verified"":true,""driftThreshold"":0.05,""calibrationRecall"":0.8977777777777778,""serialRecallSamples"":[0.8977777777777778,0.8977777777777778,0.8977777777777778],""concurrentRecallSamples"":[0.8977777777777778,0.8977777777777778,0.8977777777777778],""stateBefore"":{""loadState"":{""loadProgress"":100,""loadState"":""LoadStateLoaded""},""querySegments"":[{""collectionID"":469007193208571795,""indexID"":469007193208571801,""indexName"":""DISKANN"",""isSorted"":true,""level"":""L1"",""memSize"":0,""nodeIDs"":[42],""numOfRows"":10000,""partitionID"":469007193208571796,""segmentID"":469007193208772847,""state"":""Sealed""}],""indexState"":[{""failReason"":"""",""fieldName"":""embedding"",""indexName"":""embedding_ann"",""indexParams"":[{""key"":""index_type"",""value"":""DISKANN""},{""key"":""metric_type"",""value"":""COSINE""}],""indexState"":""Finished"",""indexType"":""DISKANN"",""indexedRows"":10000,""indexoffsetcache.enabled"":"""",""maxIndexVersion"":8,""metricType"":""COSINE"",""minIndexVersion"":8,""mmap.enabled"":"""",""pendingRows"":0,""totalRows"":10000,""warmup"":""""}]},""stateAfter"":{""loadState"":{""loadProgress"":100,""loadState"":""LoadStateLoaded""},""querySegments"":[{""collectionID"":469007193208571795,""indexID"":469007193208571801,""indexName"":""DISKANN"",""isSorted"":true,""level"":""L1"",""memSize"":0,""nodeIDs"":[42],""numOfRows"":10000,""partitionID"":469007193208571796,""segmentID"":469007193208772847,""state"":""Sealed""}],""indexState"":[{""failReason"":"""",""fieldName"":""embedding"",""indexName"":""embedding_ann"",""indexParams"":[{""key"":""index_type"",""value"":""DISKANN""},{""key"":""metric_type"",""value"":""COSINE""}],""indexState"":""Finished"",""indexType"":""DISKANN"",""indexedRows"":10000,""indexoffsetcache.enabled"":"""",""maxIndexVersion"":8,""metricType"":""COSINE"",""minIndexVersion"":8,""mmap.enabled"":"""",""pendingRows"":0,""totalRows"":10000,""warmup"":""""}]},""reason"":""max calibration drift=0.000000, serial/concurrent median delta=0.000000, stateComplete=true""}","{""metricType"":""COSINE"",""dimension"":1024}","{""search_list"":40}","{""queryDefinitionsSha256"":""e9e52e8cd2ce129bb91205fa1a08f2baf2d4ca8bd28fe9c42299eefdb99ada18"",""dockerServerVersion"":""29.7.2"",""availableProcessors"":16,""documentVectorsSha256"":""cc23f095b88585453940e8fca998f8b16f9573361b0c83f021d7bb095ba9e4c6"",""os"":""Windows 11 10.0 amd64"",""queryPartition"":{""calibrationQueries"":100,""method"":""query-type-stratified-sha256"",""evaluationQueries"":200,""calibrationIdsSha256"":""8b3e0cf00bea0503372f6e0e968ec87a831d597ac5132d0e7ae30ade95164508"",""evaluationIdsSha256"":""f856701d0c4b142b59ef1f22919e1e8f1c897145a9bdf88e6b18a59196a6ca25""},""javaVersion"":""21.0.11"",""queryVectorsSha256"":""d06cc81c1169e1a926fc69a835fabda560932d8834bd687893fe0da301c4cfa9"",""physicalMemoryBytes"":51460743168,""sourceOfTruth"":{""datasetSha256"":""cc23f095b88585453940e8fca998f8b16f9573361b0c83f021d7bb095ba9e4c6"",""documentCount"":200,""chunkCount"":10000,""synchronizedNow"":false},""containerLimits"":{""vector-milvus"":""cpuNano=3000000000,memoryBytes=6979321856,memorySwapBytes=6979321856"",""vector-milvus-etcd"":""cpuNano=500000000,memoryBytes=536870912,memorySwapBytes=536870912"",""vector-milvus-minio"":""cpuNano=500000000,memoryBytes=1073741824,memorySwapBytes=1073741824""},""cpu"":""AMD64 Family 25 Model 33 Stepping 0, AuthenticAMD"",""metric"":""COSINE"",""declaredVectorDbBudget"":{""memoryBytes"":8589934592,""cpuCores"":4.0},""springBootVersion"":""4.1.1""}",2026-09-11T09:55:53.907280800Z
"T20",1,"milvus","Native","DISKANN",0.950000,0.921500,0.927778,0.010000,false,"WITHIN_TOLERANCE",0.946667,19.576085,19.144600,25.281900,29.081800,508.277,100,0.865000,20.179515,21.167500,27.589400,32.576800,900,0.927778,19.509037,18.987000,24.684500,28.668800,112.335,221.500,719988981,720088596,50000,-1,48213,4147,10000,1000,10,10,1,5,true,"{""required"":true,""verified"":true,""driftThreshold"":0.05,""calibrationRecall"":0.9466666666666667,""serialRecallSamples"":[0.9466666666666667,0.9466666666666667,0.9466666666666667],""concurrentRecallSamples"":[0.9466666666666667,0.9466666666666667,0.9466666666666667],""stateBefore"":{""loadState"":{""loadProgress"":100,""loadState"":""LoadStateLoaded""},""querySegments"":[{""collectionID"":469007193208571795,""indexID"":469007193208571801,""indexName"":""DISKANN"",""isSorted"":true,""level"":""L1"",""memSize"":0,""nodeIDs"":[42],""numOfRows"":10000,""partitionID"":469007193208571796,""segmentID"":469007193208772847,""state"":""Sealed""}],""indexState"":[{""failReason"":"""",""fieldName"":""embedding"",""indexName"":""embedding_ann"",""indexParams"":[{""key"":""index_type"",""value"":""DISKANN""},{""key"":""metric_type"",""value"":""COSINE""}],""indexState"":""Finished"",""indexType"":""DISKANN"",""indexedRows"":10000,""indexoffsetcache.enabled"":"""",""maxIndexVersion"":8,""metricType"":""COSINE"",""minIndexVersion"":8,""mmap.enabled"":"""",""pendingRows"":0,""totalRows"":10000,""warmup"":""""}]},""stateAfter"":{""loadState"":{""loadProgress"":100,""loadState"":""LoadStateLoaded""},""querySegments"":[{""collectionID"":469007193208571795,""indexID"":469007193208571801,""indexName"":""DISKANN"",""isSorted"":true,""level"":""L1"",""memSize"":0,""nodeIDs"":[42],""numOfRows"":10000,""partitionID"":469007193208571796,""segmentID"":469007193208772847,""state"":""Sealed""}],""indexState"":[{""failReason"":"""",""fieldName"":""embedding"",""indexName"":""embedding_ann"",""indexParams"":[{""key"":""index_type"",""value"":""DISKANN""},{""key"":""metric_type"",""value"":""COSINE""}],""indexState"":""Finished"",""indexType"":""DISKANN"",""indexedRows"":10000,""indexoffsetcache.enabled"":"""",""maxIndexVersion"":8,""metricType"":""COSINE"",""minIndexVersion"":8,""mmap.enabled"":"""",""pendingRows"":0,""totalRows"":10000,""warmup"":""""}]},""reason"":""max calibration drift=0.000000, serial/concurrent median delta=0.000000, stateComplete=true""}","{""metricType"":""COSINE"",""dimension"":1024}","{""search_list"":200}","{""queryDefinitionsSha256"":""e9e52e8cd2ce129bb91205fa1a08f2baf2d4ca8bd28fe9c42299eefdb99ada18"",""dockerServerVersion"":""29.7.2"",""availableProcessors"":16,""documentVectorsSha256"":""cc23f095b88585453940e8fca998f8b16f9573361b0c83f021d7bb095ba9e4c6"",""os"":""Windows 11 10.0 amd64"",""queryPartition"":{""calibrationQueries"":100,""method"":""query-type-stratified-sha256"",""evaluationQueries"":200,""calibrationIdsSha256"":""8b3e0cf00bea0503372f6e0e968ec87a831d597ac5132d0e7ae30ade95164508"",""evaluationIdsSha256"":""f856701d0c4b142b59ef1f22919e1e8f1c897145a9bdf88e6b18a59196a6ca25""},""javaVersion"":""21.0.11"",""queryVectorsSha256"":""d06cc81c1169e1a926fc69a835fabda560932d8834bd687893fe0da301c4cfa9"",""physicalMemoryBytes"":51460743168,""sourceOfTruth"":{""datasetSha256"":""cc23f095b88585453940e8fca998f8b16f9573361b0c83f021d7bb095ba9e4c6"",""documentCount"":200,""chunkCount"":10000,""synchronizedNow"":false},""containerLimits"":{""vector-milvus"":""cpuNano=3000000000,memoryBytes=6979321856,memorySwapBytes=6979321856"",""vector-milvus-etcd"":""cpuNano=500000000,memoryBytes=536870912,memorySwapBytes=536870912"",""vector-milvus-minio"":""cpuNano=500000000,memoryBytes=1073741824,memorySwapBytes=1073741824""},""cpu"":""AMD64 Family 25 Model 33 Stepping 0, AuthenticAMD"",""metric"":""COSINE"",""declaredVectorDbBudget"":{""memoryBytes"":8589934592,""cpuCores"":4.0},""springBootVersion"":""4.1.1""}",2026-09-11T09:56:15.398480600Z
"T11",1,"milvus","Native","HNSW",0.900000,0.893500,0.886667,0.010000,false,"CLOSEST_AVAILABLE",0.914444,6.842779,5.016600,16.500100,43.609800,1450.953,100,0.955000,9.546025,7.796800,25.026800,34.610200,900,0.886667,6.542418,4.803100,16.486700,43.609800,4.120,4.120,815613869,815613869,4000,-1,17487,4022,10000,1000,10,10,1,5,true,"{""required"":true,""verified"":true,""driftThreshold"":0.05,""calibrationRecall"":0.9144444444444444,""serialRecallSamples"":[0.9144444444444444,0.9144444444444444,0.9144444444444444],""concurrentRecallSamples"":[0.9144444444444444,0.9144444444444444,0.9144444444444444],""stateBefore"":{""indexState"":[{""failReason"":"""",""fieldName"":""embedding"",""indexName"":""embedding_ann"",""indexParams"":[{""key"":""index_type"",""value"":""HNSW""},{""key"":""metric_type"",""value"":""COSINE""},{""key"":""params"",""value"":""{\""M\"":16,\""efConstruction\"":128}""}],""indexState"":""Finished"",""indexType"":""HNSW"",""indexedRows"":10000,""indexoffsetcache.enabled"":"""",""maxIndexVersion"":8,""metricType"":""COSINE"",""minIndexVersion"":8,""mmap.enabled"":"""",""pendingRows"":0,""totalRows"":10000,""warmup"":""""}],""querySegments"":[{""collectionID"":469007227872871488,""indexID"":469007227872871494,""indexName"":""HNSW"",""isSorted"":true,""level"":""L1"",""memSize"":0,""nodeIDs"":[43],""numOfRows"":10000,""partitionID"":469007227872871489,""segmentID"":469007227873072539,""state"":""Sealed""}],""loadState"":{""loadProgress"":100,""loadState"":""LoadStateLoaded""}},""stateAfter"":{""indexState"":[{""failReason"":"""",""fieldName"":""embedding"",""indexName"":""embedding_ann"",""indexParams"":[{""key"":""index_type"",""value"":""HNSW""},{""key"":""metric_type"",""value"":""COSINE""},{""key"":""params"",""value"":""{\""M\"":16,\""efConstruction\"":128}""}],""indexState"":""Finished"",""indexType"":""HNSW"",""indexedRows"":10000,""indexoffsetcache.enabled"":"""",""maxIndexVersion"":8,""metricType"":""COSINE"",""minIndexVersion"":8,""mmap.enabled"":"""",""pendingRows"":0,""totalRows"":10000,""warmup"":""""}],""querySegments"":[{""collectionID"":469007227872871488,""indexID"":469007227872871494,""indexName"":""HNSW"",""isSorted"":true,""level"":""L1"",""memSize"":0,""nodeIDs"":[43],""numOfRows"":10000,""partitionID"":469007227872871489,""segmentID"":469007227873072539,""state"":""Sealed""}],""loadState"":{""loadProgress"":100,""loadState"":""LoadStateLoaded""}},""reason"":""max calibration drift=0.000000, serial/concurrent median delta=0.000000, stateComplete=true""}","{""efConstruction"":128,""metricType"":""COSINE"",""M"":16,""dimension"":1024}","{""ef"":40}","{""springBootVersion"":""4.1.1"",""cpu"":""AMD64 Family 25 Model 33 Stepping 0, AuthenticAMD"",""metric"":""COSINE"",""declaredVectorDbBudget"":{""cpuCores"":4.0,""memoryBytes"":8589934592},""containerLimits"":{""vector-milvus-etcd"":""cpuNano=500000000,memoryBytes=536870912,memorySwapBytes=536870912"",""vector-milvus"":""cpuNano=3000000000,memoryBytes=6979321856,memorySwapBytes=6979321856"",""vector-milvus-minio"":""cpuNano=500000000,memoryBytes=1073741824,memorySwapBytes=1073741824""},""sourceOfTruth"":{""datasetSha256"":""cc23f095b88585453940e8fca998f8b16f9573361b0c83f021d7bb095ba9e4c6"",""documentCount"":200,""chunkCount"":10000,""synchronizedNow"":false},""physicalMemoryBytes"":51460743168,""queryVectorsSha256"":""d06cc81c1169e1a926fc69a835fabda560932d8834bd687893fe0da301c4cfa9"",""javaVersion"":""21.0.11"",""queryPartition"":{""evaluationIdsSha256"":""f856701d0c4b142b59ef1f22919e1e8f1c897145a9bdf88e6b18a59196a6ca25"",""calibrationIdsSha256"":""8b3e0cf00bea0503372f6e0e968ec87a831d597ac5132d0e7ae30ade95164508"",""evaluationQueries"":200,""method"":""query-type-stratified-sha256"",""calibrationQueries"":100},""os"":""Windows 11 10.0 amd64"",""documentVectorsSha256"":""cc23f095b88585453940e8fca998f8b16f9573361b0c83f021d7bb095ba9e4c6"",""availableProcessors"":16,""queryDefinitionsSha256"":""e9e52e8cd2ce129bb91205fa1a08f2baf2d4ca8bd28fe9c42299eefdb99ada18"",""dockerServerVersion"":""29.7.2""}",2026-09-11T09:57:16.627048600Z
"T12",1,"milvus","Native","HNSW",0.950000,0.954500,0.952222,0.010000,true,"CLOSEST_AVAILABLE",0.963333,7.275010,5.281400,25.763700,36.065400,1368.071,100,0.975000,11.303198,8.163400,34.342200,36.359100,900,0.952222,6.827434,5.062100,21.578000,34.884500,8.750,8.750,627111362,627111362,104000,-1,17487,4022,10000,1000,10,10,1,5,true,"{""required"":true,""verified"":true,""driftThreshold"":0.05,""calibrationRecall"":0.9633333333333334,""serialRecallSamples"":[0.9633333333333334,0.9633333333333334,0.9633333333333334],""concurrentRecallSamples"":[0.9633333333333334,0.9633333333333334,0.9633333333333334],""stateBefore"":{""indexState"":[{""failReason"":"""",""fieldName"":""embedding"",""indexName"":""embedding_ann"",""indexParams"":[{""key"":""index_type"",""value"":""HNSW""},{""key"":""metric_type"",""value"":""COSINE""},{""key"":""params"",""value"":""{\""M\"":16,\""efConstruction\"":128}""}],""indexState"":""Finished"",""indexType"":""HNSW"",""indexedRows"":10000,""indexoffsetcache.enabled"":"""",""maxIndexVersion"":8,""metricType"":""COSINE"",""minIndexVersion"":8,""mmap.enabled"":"""",""pendingRows"":0,""totalRows"":10000,""warmup"":""""}],""querySegments"":[{""collectionID"":469007227872871488,""indexID"":469007227872871494,""indexName"":""HNSW"",""isSorted"":true,""level"":""L1"",""memSize"":0,""nodeIDs"":[43],""numOfRows"":10000,""partitionID"":469007227872871489,""segmentID"":469007227873072539,""state"":""Sealed""}],""loadState"":{""loadProgress"":100,""loadState"":""LoadStateLoaded""}},""stateAfter"":{""indexState"":[{""failReason"":"""",""fieldName"":""embedding"",""indexName"":""embedding_ann"",""indexParams"":[{""key"":""index_type"",""value"":""HNSW""},{""key"":""metric_type"",""value"":""COSINE""},{""key"":""params"",""value"":""{\""M\"":16,\""efConstruction\"":128}""}],""indexState"":""Finished"",""indexType"":""HNSW"",""indexedRows"":10000,""indexoffsetcache.enabled"":"""",""maxIndexVersion"":8,""metricType"":""COSINE"",""minIndexVersion"":8,""mmap.enabled"":"""",""pendingRows"":0,""totalRows"":10000,""warmup"":""""}],""querySegments"":[{""collectionID"":469007227872871488,""indexID"":469007227872871494,""indexName"":""HNSW"",""isSorted"":true,""level"":""L1"",""memSize"":0,""nodeIDs"":[43],""numOfRows"":10000,""partitionID"":469007227872871489,""segmentID"":469007227873072539,""state"":""Sealed""}],""loadState"":{""loadProgress"":100,""loadState"":""LoadStateLoaded""}},""reason"":""max calibration drift=0.000000, serial/concurrent median delta=0.000000, stateComplete=true""}","{""efConstruction"":128,""metricType"":""COSINE"",""M"":16,""dimension"":1024}","{""ef"":80}","{""springBootVersion"":""4.1.1"",""cpu"":""AMD64 Family 25 Model 33 Stepping 0, AuthenticAMD"",""metric"":""COSINE"",""declaredVectorDbBudget"":{""cpuCores"":4.0,""memoryBytes"":8589934592},""containerLimits"":{""vector-milvus-etcd"":""cpuNano=500000000,memoryBytes=536870912,memorySwapBytes=536870912"",""vector-milvus"":""cpuNano=3000000000,memoryBytes=6979321856,memorySwapBytes=6979321856"",""vector-milvus-minio"":""cpuNano=500000000,memoryBytes=1073741824,memorySwapBytes=1073741824""},""sourceOfTruth"":{""datasetSha256"":""cc23f095b88585453940e8fca998f8b16f9573361b0c83f021d7bb095ba9e4c6"",""documentCount"":200,""chunkCount"":10000,""synchronizedNow"":false},""physicalMemoryBytes"":51460743168,""queryVectorsSha256"":""d06cc81c1169e1a926fc69a835fabda560932d8834bd687893fe0da301c4cfa9"",""javaVersion"":""21.0.11"",""queryPartition"":{""evaluationIdsSha256"":""f856701d0c4b142b59ef1f22919e1e8f1c897145a9bdf88e6b18a59196a6ca25"",""calibrationIdsSha256"":""8b3e0cf00bea0503372f6e0e968ec87a831d597ac5132d0e7ae30ade95164508"",""evaluationQueries"":200,""method"":""query-type-stratified-sha256"",""calibrationQueries"":100},""os"":""Windows 11 10.0 amd64"",""documentVectorsSha256"":""cc23f095b88585453940e8fca998f8b16f9573361b0c83f021d7bb095ba9e4c6"",""availableProcessors"":16,""queryDefinitionsSha256"":""e9e52e8cd2ce129bb91205fa1a08f2baf2d4ca8bd28fe9c42299eefdb99ada18"",""dockerServerVersion"":""29.7.2""}",2026-09-11T09:57:24.808403600Z
"T13",1,"milvus","Native","IVF_FLAT",0.900000,0.915000,0.912222,0.010000,false,"CLOSEST_AVAILABLE",0.915556,6.694911,5.043600,11.758700,48.899700,1485.288,100,0.940000,9.517711,7.338000,30.058700,35.524900,900,0.912222,6.381266,4.843900,10.096700,48.899700,3.160,3.160,804918394,804918394,4000,-1,17469,3986,10000,1000,10,10,1,5,true,"{""required"":true,""verified"":true,""driftThreshold"":0.05,""calibrationRecall"":0.9155555555555556,""serialRecallSamples"":[0.9155555555555556,0.9155555555555556,0.9155555555555556],""concurrentRecallSamples"":[0.9155555555555556,0.9155555555555556,0.9155555555555556],""stateBefore"":{""indexState"":[{""failReason"":"""",""fieldName"":""embedding"",""indexName"":""embedding_ann"",""indexParams"":[{""key"":""index_type"",""value"":""IVF_FLAT""},{""key"":""metric_type"",""value"":""COSINE""},{""key"":""params"",""value"":""{\""nlist\"":128}""}],""indexState"":""Finished"",""indexType"":""IVF_FLAT"",""indexedRows"":10000,""indexoffsetcache.enabled"":"""",""maxIndexVersion"":8,""metricType"":""COSINE"",""minIndexVersion"":8,""mmap.enabled"":"""",""pendingRows"":0,""totalRows"":10000,""warmup"":""""}],""loadState"":{""loadProgress"":100,""loadState"":""LoadStateLoaded""},""querySegments"":[{""collectionID"":469007246060472209,""indexID"":469007246060472215,""indexName"":""IVF_FLAT"",""isSorted"":true,""level"":""L1"",""memSize"":0,""nodeIDs"":[44],""numOfRows"":10000,""partitionID"":469007246060472210,""segmentID"":469007246060673260,""state"":""Sealed""}]},""stateAfter"":{""indexState"":[{""failReason"":"""",""fieldName"":""embedding"",""indexName"":""embedding_ann"",""indexParams"":[{""key"":""index_type"",""value"":""IVF_FLAT""},{""key"":""metric_type"",""value"":""COSINE""},{""key"":""params"",""value"":""{\""nlist\"":128}""}],""indexState"":""Finished"",""indexType"":""IVF_FLAT"",""indexedRows"":10000,""indexoffsetcache.enabled"":"""",""maxIndexVersion"":8,""metricType"":""COSINE"",""minIndexVersion"":8,""mmap.enabled"":"""",""pendingRows"":0,""totalRows"":10000,""warmup"":""""}],""loadState"":{""loadProgress"":100,""loadState"":""LoadStateLoaded""},""querySegments"":[{""collectionID"":469007246060472209,""indexID"":469007246060472215,""indexName"":""IVF_FLAT"",""isSorted"":true,""level"":""L1"",""memSize"":0,""nodeIDs"":[44],""numOfRows"":10000,""partitionID"":469007246060472210,""segmentID"":469007246060673260,""state"":""Sealed""}]},""reason"":""max calibration drift=0.000000, serial/concurrent median delta=0.000000, stateComplete=true""}","{""metricType"":""COSINE"",""dimension"":1024,""nlist"":128}","{""nprobe"":4}","{""javaVersion"":""21.0.11"",""queryVectorsSha256"":""d06cc81c1169e1a926fc69a835fabda560932d8834bd687893fe0da301c4cfa9"",""physicalMemoryBytes"":51460743168,""sourceOfTruth"":{""datasetSha256"":""cc23f095b88585453940e8fca998f8b16f9573361b0c83f021d7bb095ba9e4c6"",""documentCount"":200,""chunkCount"":10000,""synchronizedNow"":false},""containerLimits"":{""vector-milvus-minio"":""cpuNano=500000000,memoryBytes=1073741824,memorySwapBytes=1073741824"",""vector-milvus"":""cpuNano=3000000000,memoryBytes=6979321856,memorySwapBytes=6979321856"",""vector-milvus-etcd"":""cpuNano=500000000,memoryBytes=536870912,memorySwapBytes=536870912""},""declaredVectorDbBudget"":{""cpuCores"":4.0,""memoryBytes"":8589934592},""cpu"":""AMD64 Family 25 Model 33 Stepping 0, AuthenticAMD"",""metric"":""COSINE"",""springBootVersion"":""4.1.1"",""dockerServerVersion"":""29.7.2"",""queryDefinitionsSha256"":""e9e52e8cd2ce129bb91205fa1a08f2baf2d4ca8bd28fe9c42299eefdb99ada18"",""availableProcessors"":16,""os"":""Windows 11 10.0 amd64"",""documentVectorsSha256"":""cc23f095b88585453940e8fca998f8b16f9573361b0c83f021d7bb095ba9e4c6"",""queryPartition"":{""calibrationIdsSha256"":""8b3e0cf00bea0503372f6e0e968ec87a831d597ac5132d0e7ae30ade95164508"",""evaluationIdsSha256"":""f856701d0c4b142b59ef1f22919e1e8f1c897145a9bdf88e6b18a59196a6ca25"",""calibrationQueries"":100,""method"":""query-type-stratified-sha256"",""evaluationQueries"":200}}",2026-09-11T09:58:27.427663600Z
"T14",1,"milvus","Native","IVF_FLAT",0.950000,0.957000,0.955556,0.010000,true,"WITHIN_TOLERANCE",0.954444,6.569796,4.957100,22.899100,32.224700,1479.291,100,0.970000,8.432969,6.937500,12.241200,36.031200,900,0.955556,6.362777,4.766200,22.899100,32.219600,3.390,3.390,593473043,593473043,4000,-1,17469,3986,10000,1000,10,10,1,5,true,"{""required"":true,""verified"":true,""driftThreshold"":0.05,""calibrationRecall"":0.9544444444444444,""serialRecallSamples"":[0.9544444444444444,0.9544444444444444,0.9544444444444444],""concurrentRecallSamples"":[0.9544444444444444,0.9544444444444444,0.9544444444444444],""stateBefore"":{""indexState"":[{""failReason"":"""",""fieldName"":""embedding"",""indexName"":""embedding_ann"",""indexParams"":[{""key"":""index_type"",""value"":""IVF_FLAT""},{""key"":""metric_type"",""value"":""COSINE""},{""key"":""params"",""value"":""{\""nlist\"":128}""}],""indexState"":""Finished"",""indexType"":""IVF_FLAT"",""indexedRows"":10000,""indexoffsetcache.enabled"":"""",""maxIndexVersion"":8,""metricType"":""COSINE"",""minIndexVersion"":8,""mmap.enabled"":"""",""pendingRows"":0,""totalRows"":10000,""warmup"":""""}],""loadState"":{""loadProgress"":100,""loadState"":""LoadStateLoaded""},""querySegments"":[{""collectionID"":469007246060472209,""indexID"":469007246060472215,""indexName"":""IVF_FLAT"",""isSorted"":true,""level"":""L1"",""memSize"":0,""nodeIDs"":[44],""numOfRows"":10000,""partitionID"":469007246060472210,""segmentID"":469007246060673260,""state"":""Sealed""}]},""stateAfter"":{""indexState"":[{""failReason"":"""",""fieldName"":""embedding"",""indexName"":""embedding_ann"",""indexParams"":[{""key"":""index_type"",""value"":""IVF_FLAT""},{""key"":""metric_type"",""value"":""COSINE""},{""key"":""params"",""value"":""{\""nlist\"":128}""}],""indexState"":""Finished"",""indexType"":""IVF_FLAT"",""indexedRows"":10000,""indexoffsetcache.enabled"":"""",""maxIndexVersion"":8,""metricType"":""COSINE"",""minIndexVersion"":8,""mmap.enabled"":"""",""pendingRows"":0,""totalRows"":10000,""warmup"":""""}],""loadState"":{""loadProgress"":100,""loadState"":""LoadStateLoaded""},""querySegments"":[{""collectionID"":469007246060472209,""indexID"":469007246060472215,""indexName"":""IVF_FLAT"",""isSorted"":true,""level"":""L1"",""memSize"":0,""nodeIDs"":[44],""numOfRows"":10000,""partitionID"":469007246060472210,""segmentID"":469007246060673260,""state"":""Sealed""}]},""reason"":""max calibration drift=0.000000, serial/concurrent median delta=0.000000, stateComplete=true""}","{""metricType"":""COSINE"",""dimension"":1024,""nlist"":128}","{""nprobe"":8}","{""javaVersion"":""21.0.11"",""queryVectorsSha256"":""d06cc81c1169e1a926fc69a835fabda560932d8834bd687893fe0da301c4cfa9"",""physicalMemoryBytes"":51460743168,""sourceOfTruth"":{""datasetSha256"":""cc23f095b88585453940e8fca998f8b16f9573361b0c83f021d7bb095ba9e4c6"",""documentCount"":200,""chunkCount"":10000,""synchronizedNow"":false},""containerLimits"":{""vector-milvus-minio"":""cpuNano=500000000,memoryBytes=1073741824,memorySwapBytes=1073741824"",""vector-milvus"":""cpuNano=3000000000,memoryBytes=6979321856,memorySwapBytes=6979321856"",""vector-milvus-etcd"":""cpuNano=500000000,memoryBytes=536870912,memorySwapBytes=536870912""},""declaredVectorDbBudget"":{""cpuCores"":4.0,""memoryBytes"":8589934592},""cpu"":""AMD64 Family 25 Model 33 Stepping 0, AuthenticAMD"",""metric"":""COSINE"",""springBootVersion"":""4.1.1"",""dockerServerVersion"":""29.7.2"",""queryDefinitionsSha256"":""e9e52e8cd2ce129bb91205fa1a08f2baf2d4ca8bd28fe9c42299eefdb99ada18"",""availableProcessors"":16,""os"":""Windows 11 10.0 amd64"",""documentVectorsSha256"":""cc23f095b88585453940e8fca998f8b16f9573361b0c83f021d7bb095ba9e4c6"",""queryPartition"":{""calibrationIdsSha256"":""8b3e0cf00bea0503372f6e0e968ec87a831d597ac5132d0e7ae30ade95164508"",""evaluationIdsSha256"":""f856701d0c4b142b59ef1f22919e1e8f1c897145a9bdf88e6b18a59196a6ca25"",""calibrationQueries"":100,""method"":""query-type-stratified-sha256"",""evaluationQueries"":200}}",2026-09-11T09:58:35.641820400Z
"T17",1,"milvus","Native","IVF_PQ",0.900000,0.623500,0.601111,0.010000,false,"CLOSEST_AVAILABLE",0.591111,7.444299,5.632000,23.623800,33.908800,1331.527,100,0.825000,10.882642,8.509400,31.355500,34.186800,900,0.601111,7.062261,5.360000,22.473900,32.457200,3.390,3.390,829245357,829245357,4000,-1,18607,4117,10000,1000,10,10,1,5,true,"{""required"":true,""verified"":true,""driftThreshold"":0.05,""calibrationRecall"":0.5911111111111111,""serialRecallSamples"":[0.5911111111111111,0.5911111111111111,0.5911111111111111],""concurrentRecallSamples"":[0.5911111111111111,0.5911111111111111,0.5911111111111111],""stateBefore"":{""indexState"":[{""failReason"":"""",""fieldName"":""embedding"",""indexName"":""embedding_ann"",""indexParams"":[{""key"":""index_type"",""value"":""IVF_PQ""},{""key"":""metric_type"",""value"":""COSINE""},{""key"":""params"",""value"":""{\""m\"":64,\""nbits\"":8,\""nlist\"":128}""}],""indexState"":""Finished"",""indexType"":""IVF_PQ"",""indexedRows"":10000,""indexoffsetcache.enabled"":"""",""maxIndexVersion"":8,""metricType"":""COSINE"",""minIndexVersion"":8,""mmap.enabled"":"""",""pendingRows"":0,""totalRows"":10000,""warmup"":""""}],""querySegments"":[{""collectionID"":469007264610305937,""indexID"":469007264610305943,""indexName"":""IVF_PQ"",""isSorted"":true,""level"":""L1"",""memSize"":0,""nodeIDs"":[45],""numOfRows"":10000,""partitionID"":469007264610305938,""segmentID"":469007264610506989,""state"":""Sealed""}],""loadState"":{""loadProgress"":100,""loadState"":""LoadStateLoaded""}},""stateAfter"":{""indexState"":[{""failReason"":"""",""fieldName"":""embedding"",""indexName"":""embedding_ann"",""indexParams"":[{""key"":""index_type"",""value"":""IVF_PQ""},{""key"":""metric_type"",""value"":""COSINE""},{""key"":""params"",""value"":""{\""m\"":64,\""nbits\"":8,\""nlist\"":128}""}],""indexState"":""Finished"",""indexType"":""IVF_PQ"",""indexedRows"":10000,""indexoffsetcache.enabled"":"""",""maxIndexVersion"":8,""metricType"":""COSINE"",""minIndexVersion"":8,""mmap.enabled"":"""",""pendingRows"":0,""totalRows"":10000,""warmup"":""""}],""querySegments"":[{""collectionID"":469007264610305937,""indexID"":469007264610305943,""indexName"":""IVF_PQ"",""isSorted"":true,""level"":""L1"",""memSize"":0,""nodeIDs"":[45],""numOfRows"":10000,""partitionID"":469007264610305938,""segmentID"":469007264610506989,""state"":""Sealed""}],""loadState"":{""loadProgress"":100,""loadState"":""LoadStateLoaded""}},""reason"":""max calibration drift=0.000000, serial/concurrent median delta=0.000000, stateComplete=true""}","{""m"":64,""dimension"":1024,""nlist"":128,""nbits"":8,""metricType"":""COSINE""}","{""nprobe"":8}","{""springBootVersion"":""4.1.1"",""cpu"":""AMD64 Family 25 Model 33 Stepping 0, AuthenticAMD"",""metric"":""COSINE"",""declaredVectorDbBudget"":{""cpuCores"":4.0,""memoryBytes"":8589934592},""containerLimits"":{""vector-milvus-minio"":""cpuNano=500000000,memoryBytes=1073741824,memorySwapBytes=1073741824"",""vector-milvus-etcd"":""cpuNano=500000000,memoryBytes=536870912,memorySwapBytes=536870912"",""vector-milvus"":""cpuNano=3000000000,memoryBytes=6979321856,memorySwapBytes=6979321856""},""sourceOfTruth"":{""datasetSha256"":""cc23f095b88585453940e8fca998f8b16f9573361b0c83f021d7bb095ba9e4c6"",""documentCount"":200,""chunkCount"":10000,""synchronizedNow"":false},""physicalMemoryBytes"":51460743168,""queryVectorsSha256"":""d06cc81c1169e1a926fc69a835fabda560932d8834bd687893fe0da301c4cfa9"",""javaVersion"":""21.0.11"",""queryPartition"":{""evaluationIdsSha256"":""f856701d0c4b142b59ef1f22919e1e8f1c897145a9bdf88e6b18a59196a6ca25"",""calibrationIdsSha256"":""8b3e0cf00bea0503372f6e0e968ec87a831d597ac5132d0e7ae30ade95164508"",""evaluationQueries"":200,""method"":""query-type-stratified-sha256"",""calibrationQueries"":100},""os"":""Windows 11 10.0 amd64"",""documentVectorsSha256"":""cc23f095b88585453940e8fca998f8b16f9573361b0c83f021d7bb095ba9e4c6"",""availableProcessors"":16,""queryDefinitionsSha256"":""e9e52e8cd2ce129bb91205fa1a08f2baf2d4ca8bd28fe9c42299eefdb99ada18"",""dockerServerVersion"":""29.7.2""}",2026-09-11T09:59:37.305482300Z
"T18",1,"milvus","Native","IVF_PQ",0.950000,0.623500,0.601111,0.010000,false,"CLOSEST_AVAILABLE",0.591111,6.765539,5.042800,22.599100,32.556900,1466.303,100,0.825000,9.652547,7.580400,29.368500,32.706200,900,0.601111,6.444761,4.848100,20.986000,32.539800,4.590,4.590,612536155,612536155,4000,-1,18607,4117,10000,1000,10,10,1,5,true,"{""required"":true,""verified"":true,""driftThreshold"":0.05,""calibrationRecall"":0.5911111111111111,""serialRecallSamples"":[0.5911111111111111,0.5911111111111111,0.5911111111111111],""concurrentRecallSamples"":[0.5911111111111111,0.5911111111111111,0.5911111111111111],""stateBefore"":{""indexState"":[{""failReason"":"""",""fieldName"":""embedding"",""indexName"":""embedding_ann"",""indexParams"":[{""key"":""index_type"",""value"":""IVF_PQ""},{""key"":""metric_type"",""value"":""COSINE""},{""key"":""params"",""value"":""{\""m\"":64,\""nbits\"":8,\""nlist\"":128}""}],""indexState"":""Finished"",""indexType"":""IVF_PQ"",""indexedRows"":10000,""indexoffsetcache.enabled"":"""",""maxIndexVersion"":8,""metricType"":""COSINE"",""minIndexVersion"":8,""mmap.enabled"":"""",""pendingRows"":0,""totalRows"":10000,""warmup"":""""}],""querySegments"":[{""collectionID"":469007264610305937,""indexID"":469007264610305943,""indexName"":""IVF_PQ"",""isSorted"":true,""level"":""L1"",""memSize"":0,""nodeIDs"":[45],""numOfRows"":10000,""partitionID"":469007264610305938,""segmentID"":469007264610506989,""state"":""Sealed""}],""loadState"":{""loadProgress"":100,""loadState"":""LoadStateLoaded""}},""stateAfter"":{""indexState"":[{""failReason"":"""",""fieldName"":""embedding"",""indexName"":""embedding_ann"",""indexParams"":[{""key"":""index_type"",""value"":""IVF_PQ""},{""key"":""metric_type"",""value"":""COSINE""},{""key"":""params"",""value"":""{\""m\"":64,\""nbits\"":8,\""nlist\"":128}""}],""indexState"":""Finished"",""indexType"":""IVF_PQ"",""indexedRows"":10000,""indexoffsetcache.enabled"":"""",""maxIndexVersion"":8,""metricType"":""COSINE"",""minIndexVersion"":8,""mmap.enabled"":"""",""pendingRows"":0,""totalRows"":10000,""warmup"":""""}],""querySegments"":[{""collectionID"":469007264610305937,""indexID"":469007264610305943,""indexName"":""IVF_PQ"",""isSorted"":true,""level"":""L1"",""memSize"":0,""nodeIDs"":[45],""numOfRows"":10000,""partitionID"":469007264610305938,""segmentID"":469007264610506989,""state"":""Sealed""}],""loadState"":{""loadProgress"":100,""loadState"":""LoadStateLoaded""}},""reason"":""max calibration drift=0.000000, serial/concurrent median delta=0.000000, stateComplete=true""}","{""m"":64,""dimension"":1024,""nlist"":128,""nbits"":8,""metricType"":""COSINE""}","{""nprobe"":8}","{""springBootVersion"":""4.1.1"",""cpu"":""AMD64 Family 25 Model 33 Stepping 0, AuthenticAMD"",""metric"":""COSINE"",""declaredVectorDbBudget"":{""cpuCores"":4.0,""memoryBytes"":8589934592},""containerLimits"":{""vector-milvus-minio"":""cpuNano=500000000,memoryBytes=1073741824,memorySwapBytes=1073741824"",""vector-milvus-etcd"":""cpuNano=500000000,memoryBytes=536870912,memorySwapBytes=536870912"",""vector-milvus"":""cpuNano=3000000000,memoryBytes=6979321856,memorySwapBytes=6979321856""},""sourceOfTruth"":{""datasetSha256"":""cc23f095b88585453940e8fca998f8b16f9573361b0c83f021d7bb095ba9e4c6"",""documentCount"":200,""chunkCount"":10000,""synchronizedNow"":false},""physicalMemoryBytes"":51460743168,""queryVectorsSha256"":""d06cc81c1169e1a926fc69a835fabda560932d8834bd687893fe0da301c4cfa9"",""javaVersion"":""21.0.11"",""queryPartition"":{""evaluationIdsSha256"":""f856701d0c4b142b59ef1f22919e1e8f1c897145a9bdf88e6b18a59196a6ca25"",""calibrationIdsSha256"":""8b3e0cf00bea0503372f6e0e968ec87a831d597ac5132d0e7ae30ade95164508"",""evaluationQueries"":200,""method"":""query-type-stratified-sha256"",""calibrationQueries"":100},""os"":""Windows 11 10.0 amd64"",""documentVectorsSha256"":""cc23f095b88585453940e8fca998f8b16f9573361b0c83f021d7bb095ba9e4c6"",""availableProcessors"":16,""queryDefinitionsSha256"":""e9e52e8cd2ce129bb91205fa1a08f2baf2d4ca8bd28fe9c42299eefdb99ada18"",""dockerServerVersion"":""29.7.2""}",2026-09-11T09:59:45.226015900Z
"T15",1,"milvus","Native","IVF_SQ8",0.900000,0.914000,0.911111,0.010000,false,"CLOSEST_AVAILABLE",0.914444,6.692057,5.065700,19.587100,33.867400,1481.697,100,0.940000,10.240168,8.253400,24.489200,33.493100,900,0.911111,6.297822,4.830600,19.415900,33.867400,4.440,4.440,690980125,690980125,4000,-1,17431,3988,10000,1000,10,10,1,5,true,"{""required"":true,""verified"":true,""driftThreshold"":0.05,""calibrationRecall"":0.9144444444444444,""serialRecallSamples"":[0.9144444444444444,0.9144444444444444,0.9144444444444444],""concurrentRecallSamples"":[0.9144444444444444,0.9144444444444444,0.9144444444444444],""stateBefore"":{""querySegments"":[{""collectionID"":469007282878597009,""indexID"":469007282878597015,""indexName"":""IVF_SQ8"",""isSorted"":true,""level"":""L1"",""memSize"":0,""nodeIDs"":[46],""numOfRows"":10000,""partitionID"":469007282878597010,""segmentID"":469007282878798058,""state"":""Sealed""}],""loadState"":{""loadProgress"":100,""loadState"":""LoadStateLoaded""},""indexState"":[{""failReason"":"""",""fieldName"":""embedding"",""indexName"":""embedding_ann"",""indexParams"":[{""key"":""index_type"",""value"":""IVF_SQ8""},{""key"":""metric_type"",""value"":""COSINE""},{""key"":""params"",""value"":""{\""nlist\"":128}""}],""indexState"":""Finished"",""indexType"":""IVF_SQ8"",""indexedRows"":10000,""indexoffsetcache.enabled"":"""",""maxIndexVersion"":8,""metricType"":""COSINE"",""minIndexVersion"":8,""mmap.enabled"":"""",""pendingRows"":0,""totalRows"":10000,""warmup"":""""}]},""stateAfter"":{""querySegments"":[{""collectionID"":469007282878597009,""indexID"":469007282878597015,""indexName"":""IVF_SQ8"",""isSorted"":true,""level"":""L1"",""memSize"":0,""nodeIDs"":[46],""numOfRows"":10000,""partitionID"":469007282878597010,""segmentID"":469007282878798058,""state"":""Sealed""}],""loadState"":{""loadProgress"":100,""loadState"":""LoadStateLoaded""},""indexState"":[{""failReason"":"""",""fieldName"":""embedding"",""indexName"":""embedding_ann"",""indexParams"":[{""key"":""index_type"",""value"":""IVF_SQ8""},{""key"":""metric_type"",""value"":""COSINE""},{""key"":""params"",""value"":""{\""nlist\"":128}""}],""indexState"":""Finished"",""indexType"":""IVF_SQ8"",""indexedRows"":10000,""indexoffsetcache.enabled"":"""",""maxIndexVersion"":8,""metricType"":""COSINE"",""minIndexVersion"":8,""mmap.enabled"":"""",""pendingRows"":0,""totalRows"":10000,""warmup"":""""}]},""reason"":""max calibration drift=0.000000, serial/concurrent median delta=0.000000, stateComplete=true""}","{""nlist"":128,""dimension"":1024,""metricType"":""COSINE""}","{""nprobe"":4}","{""queryVectorsSha256"":""d06cc81c1169e1a926fc69a835fabda560932d8834bd687893fe0da301c4cfa9"",""javaVersion"":""21.0.11"",""queryPartition"":{""evaluationQueries"":200,""method"":""query-type-stratified-sha256"",""calibrationQueries"":100,""evaluationIdsSha256"":""f856701d0c4b142b59ef1f22919e1e8f1c897145a9bdf88e6b18a59196a6ca25"",""calibrationIdsSha256"":""8b3e0cf00bea0503372f6e0e968ec87a831d597ac5132d0e7ae30ade95164508""},""os"":""Windows 11 10.0 amd64"",""documentVectorsSha256"":""cc23f095b88585453940e8fca998f8b16f9573361b0c83f021d7bb095ba9e4c6"",""availableProcessors"":16,""dockerServerVersion"":""29.7.2"",""queryDefinitionsSha256"":""e9e52e8cd2ce129bb91205fa1a08f2baf2d4ca8bd28fe9c42299eefdb99ada18"",""springBootVersion"":""4.1.1"",""metric"":""COSINE"",""declaredVectorDbBudget"":{""memoryBytes"":8589934592,""cpuCores"":4.0},""cpu"":""AMD64 Family 25 Model 33 Stepping 0, AuthenticAMD"",""containerLimits"":{""vector-milvus-etcd"":""cpuNano=500000000,memoryBytes=536870912,memorySwapBytes=536870912"",""vector-milvus"":""cpuNano=3000000000,memoryBytes=6979321856,memorySwapBytes=6979321856"",""vector-milvus-minio"":""cpuNano=500000000,memoryBytes=1073741824,memorySwapBytes=1073741824""},""sourceOfTruth"":{""datasetSha256"":""cc23f095b88585453940e8fca998f8b16f9573361b0c83f021d7bb095ba9e4c6"",""documentCount"":200,""chunkCount"":10000,""synchronizedNow"":false},""physicalMemoryBytes"":51460743168}",2026-09-11T10:00:46.570929200Z
"T16",1,"milvus","Native","IVF_SQ8",0.950000,0.956000,0.954444,0.010000,true,"WITHIN_TOLERANCE",0.953333,6.695141,4.879000,17.976600,37.581600,1485.696,100,0.970000,9.653350,7.927100,16.029900,38.725600,900,0.954444,6.366452,4.634600,28.501600,37.025900,9.450,9.450,552945581,552945581,100000,-1,17431,3988,10000,1000,10,10,1,5,true,"{""required"":true,""verified"":true,""driftThreshold"":0.05,""calibrationRecall"":0.9533333333333334,""serialRecallSamples"":[0.9533333333333334,0.9533333333333334,0.9533333333333334],""concurrentRecallSamples"":[0.9533333333333334,0.9533333333333334,0.9533333333333334],""stateBefore"":{""querySegments"":[{""collectionID"":469007282878597009,""indexID"":469007282878597015,""indexName"":""IVF_SQ8"",""isSorted"":true,""level"":""L1"",""memSize"":0,""nodeIDs"":[46],""numOfRows"":10000,""partitionID"":469007282878597010,""segmentID"":469007282878798058,""state"":""Sealed""}],""loadState"":{""loadProgress"":100,""loadState"":""LoadStateLoaded""},""indexState"":[{""failReason"":"""",""fieldName"":""embedding"",""indexName"":""embedding_ann"",""indexParams"":[{""key"":""index_type"",""value"":""IVF_SQ8""},{""key"":""metric_type"",""value"":""COSINE""},{""key"":""params"",""value"":""{\""nlist\"":128}""}],""indexState"":""Finished"",""indexType"":""IVF_SQ8"",""indexedRows"":10000,""indexoffsetcache.enabled"":"""",""maxIndexVersion"":8,""metricType"":""COSINE"",""minIndexVersion"":8,""mmap.enabled"":"""",""pendingRows"":0,""totalRows"":10000,""warmup"":""""}]},""stateAfter"":{""querySegments"":[{""collectionID"":469007282878597009,""indexID"":469007282878597015,""indexName"":""IVF_SQ8"",""isSorted"":true,""level"":""L1"",""memSize"":0,""nodeIDs"":[46],""numOfRows"":10000,""partitionID"":469007282878597010,""segmentID"":469007282878798058,""state"":""Sealed""}],""loadState"":{""loadProgress"":100,""loadState"":""LoadStateLoaded""},""indexState"":[{""failReason"":"""",""fieldName"":""embedding"",""indexName"":""embedding_ann"",""indexParams"":[{""key"":""index_type"",""value"":""IVF_SQ8""},{""key"":""metric_type"",""value"":""COSINE""},{""key"":""params"",""value"":""{\""nlist\"":128}""}],""indexState"":""Finished"",""indexType"":""IVF_SQ8"",""indexedRows"":10000,""indexoffsetcache.enabled"":"""",""maxIndexVersion"":8,""metricType"":""COSINE"",""minIndexVersion"":8,""mmap.enabled"":"""",""pendingRows"":0,""totalRows"":10000,""warmup"":""""}]},""reason"":""max calibration drift=0.000000, serial/concurrent median delta=0.000000, stateComplete=true""}","{""nlist"":128,""dimension"":1024,""metricType"":""COSINE""}","{""nprobe"":8}","{""queryVectorsSha256"":""d06cc81c1169e1a926fc69a835fabda560932d8834bd687893fe0da301c4cfa9"",""javaVersion"":""21.0.11"",""queryPartition"":{""evaluationQueries"":200,""method"":""query-type-stratified-sha256"",""calibrationQueries"":100,""evaluationIdsSha256"":""f856701d0c4b142b59ef1f22919e1e8f1c897145a9bdf88e6b18a59196a6ca25"",""calibrationIdsSha256"":""8b3e0cf00bea0503372f6e0e968ec87a831d597ac5132d0e7ae30ade95164508""},""os"":""Windows 11 10.0 amd64"",""documentVectorsSha256"":""cc23f095b88585453940e8fca998f8b16f9573361b0c83f021d7bb095ba9e4c6"",""availableProcessors"":16,""dockerServerVersion"":""29.7.2"",""queryDefinitionsSha256"":""e9e52e8cd2ce129bb91205fa1a08f2baf2d4ca8bd28fe9c42299eefdb99ada18"",""springBootVersion"":""4.1.1"",""metric"":""COSINE"",""declaredVectorDbBudget"":{""memoryBytes"":8589934592,""cpuCores"":4.0},""cpu"":""AMD64 Family 25 Model 33 Stepping 0, AuthenticAMD"",""containerLimits"":{""vector-milvus-etcd"":""cpuNano=500000000,memoryBytes=536870912,memorySwapBytes=536870912"",""vector-milvus"":""cpuNano=3000000000,memoryBytes=6979321856,memorySwapBytes=6979321856"",""vector-milvus-minio"":""cpuNano=500000000,memoryBytes=1073741824,memorySwapBytes=1073741824""},""sourceOfTruth"":{""datasetSha256"":""cc23f095b88585453940e8fca998f8b16f9573361b0c83f021d7bb095ba9e4c6"",""documentCount"":200,""chunkCount"":10000,""synchronizedNow"":false},""physicalMemoryBytes"":51460743168}",2026-09-11T10:00:54.370892900Z
"T23",1,"opensearch","Faiss","HNSW",0.900000,0.876000,0.885556,0.010000,false,"WITHIN_TOLERANCE",0.908889,6.022625,5.436700,8.250500,12.726200,1648.941,100,0.790000,6.516392,5.948900,8.600000,11.741200,900,0.885556,5.967762,5.377500,8.062300,12.726200,0.880,0.880,5320390737,5320390737,0,85437741,10942,8490,10000,1000,10,10,1,5,true,"{""required"":false,""verified"":true,""driftThreshold"":0.0,""calibrationRecall"":null,""serialRecallSamples"":[],""concurrentRecallSamples"":[],""stateBefore"":{},""stateAfter"":{},""reason"":""Adapter has no mandatory drift audit""}","{""ef_construction"":128,""space_type"":""cosinesimil"",""method"":""hnsw"",""engine"":""faiss"",""m"":16,""dimension"":1024}","{""ef_search"":20}","{""documentVectorsSha256"":""cc23f095b88585453940e8fca998f8b16f9573361b0c83f021d7bb095ba9e4c6"",""availableProcessors"":16,""dockerServerVersion"":""29.7.2"",""queryDefinitionsSha256"":""e9e52e8cd2ce129bb91205fa1a08f2baf2d4ca8bd28fe9c42299eefdb99ada18"",""springBootVersion"":""4.1.1"",""declaredVectorDbBudget"":{""cpuCores"":4.0,""memoryBytes"":8589934592},""cpu"":""AMD64 Family 25 Model 33 Stepping 0, AuthenticAMD"",""metric"":""COSINE"",""containerLimits"":{""vector-opensearch"":""cpuNano=4000000000,memoryBytes=8589934592,memorySwapBytes=8589934592""},""sourceOfTruth"":{""datasetSha256"":""cc23f095b88585453940e8fca998f8b16f9573361b0c83f021d7bb095ba9e4c6"",""documentCount"":200,""chunkCount"":10000,""synchronizedNow"":false},""physicalMemoryBytes"":51460743168,""queryVectorsSha256"":""d06cc81c1169e1a926fc69a835fabda560932d8834bd687893fe0da301c4cfa9"",""javaVersion"":""21.0.11"",""queryPartition"":{""calibrationQueries"":100,""evaluationIdsSha256"":""f856701d0c4b142b59ef1f22919e1e8f1c897145a9bdf88e6b18a59196a6ca25"",""calibrationIdsSha256"":""8b3e0cf00bea0503372f6e0e968ec87a831d597ac5132d0e7ae30ade95164508"",""evaluationQueries"":200,""method"":""query-type-stratified-sha256""},""os"":""Windows 11 10.0 amd64""}",2026-09-11T10:01:45.710258700Z
"T24",1,"opensearch","Faiss","HNSW",0.950000,0.930000,0.937222,0.010000,false,"CLOSEST_AVAILABLE",0.967778,6.290662,5.872100,9.523500,13.092600,1580.165,100,0.865000,6.371155,6.266200,8.405800,9.113800,900,0.937222,6.281718,5.848700,9.734800,13.132400,0.750,0.750,5323611963,5323611963,0,85437741,10942,8490,10000,1000,10,10,1,5,true,"{""required"":false,""verified"":true,""driftThreshold"":0.0,""calibrationRecall"":null,""serialRecallSamples"":[],""concurrentRecallSamples"":[],""stateBefore"":{},""stateAfter"":{},""reason"":""Adapter has no mandatory drift audit""}","{""ef_construction"":128,""space_type"":""cosinesimil"",""method"":""hnsw"",""engine"":""faiss"",""m"":16,""dimension"":1024}","{""ef_search"":40}","{""documentVectorsSha256"":""cc23f095b88585453940e8fca998f8b16f9573361b0c83f021d7bb095ba9e4c6"",""availableProcessors"":16,""dockerServerVersion"":""29.7.2"",""queryDefinitionsSha256"":""e9e52e8cd2ce129bb91205fa1a08f2baf2d4ca8bd28fe9c42299eefdb99ada18"",""springBootVersion"":""4.1.1"",""declaredVectorDbBudget"":{""cpuCores"":4.0,""memoryBytes"":8589934592},""cpu"":""AMD64 Family 25 Model 33 Stepping 0, AuthenticAMD"",""metric"":""COSINE"",""containerLimits"":{""vector-opensearch"":""cpuNano=4000000000,memoryBytes=8589934592,memorySwapBytes=8589934592""},""sourceOfTruth"":{""datasetSha256"":""cc23f095b88585453940e8fca998f8b16f9573361b0c83f021d7bb095ba9e4c6"",""documentCount"":200,""chunkCount"":10000,""synchronizedNow"":false},""physicalMemoryBytes"":51460743168,""queryVectorsSha256"":""d06cc81c1169e1a926fc69a835fabda560932d8834bd687893fe0da301c4cfa9"",""javaVersion"":""21.0.11"",""queryPartition"":{""calibrationQueries"":100,""evaluationIdsSha256"":""f856701d0c4b142b59ef1f22919e1e8f1c897145a9bdf88e6b18a59196a6ca25"",""calibrationIdsSha256"":""8b3e0cf00bea0503372f6e0e968ec87a831d597ac5132d0e7ae30ade95164508"",""evaluationQueries"":200,""method"":""query-type-stratified-sha256""},""os"":""Windows 11 10.0 amd64""}",2026-09-11T10:01:49.718661400Z
"T25",1,"opensearch","Faiss","IVF",0.900000,0.915000,0.912222,0.010000,false,"CLOSEST_AVAILABLE",0.916667,6.685501,5.931700,11.627800,21.020400,1486.778,100,0.940000,7.460705,6.271300,12.616000,31.527900,900,0.912222,6.599367,5.881400,11.571400,18.841700,1.030,1.030,5141075853,5141075853,0,84688553,19876,7953,10000,1000,10,10,1,5,true,"{""required"":false,""verified"":true,""driftThreshold"":0.0,""calibrationRecall"":null,""serialRecallSamples"":[],""concurrentRecallSamples"":[],""stateBefore"":{},""stateAfter"":{},""reason"":""Adapter has no mandatory drift audit""}","{""engine"":""faiss"",""method"":""ivf"",""nlist"":128,""space_type"":""cosinesimil"",""dimension"":1024}","{""nprobes"":4}","{""queryVectorsSha256"":""d06cc81c1169e1a926fc69a835fabda560932d8834bd687893fe0da301c4cfa9"",""javaVersion"":""21.0.11"",""queryPartition"":{""evaluationQueries"":200,""method"":""query-type-stratified-sha256"",""calibrationQueries"":100,""evaluationIdsSha256"":""f856701d0c4b142b59ef1f22919e1e8f1c897145a9bdf88e6b18a59196a6ca25"",""calibrationIdsSha256"":""8b3e0cf00bea0503372f6e0e968ec87a831d597ac5132d0e7ae30ade95164508""},""os"":""Windows 11 10.0 amd64"",""documentVectorsSha256"":""cc23f095b88585453940e8fca998f8b16f9573361b0c83f021d7bb095ba9e4c6"",""availableProcessors"":16,""dockerServerVersion"":""29.7.2"",""queryDefinitionsSha256"":""e9e52e8cd2ce129bb91205fa1a08f2baf2d4ca8bd28fe9c42299eefdb99ada18"",""springBootVersion"":""4.1.1"",""metric"":""COSINE"",""declaredVectorDbBudget"":{""memoryBytes"":8589934592,""cpuCores"":4.0},""cpu"":""AMD64 Family 25 Model 33 Stepping 0, AuthenticAMD"",""containerLimits"":{""vector-opensearch"":""cpuNano=4000000000,memoryBytes=8589934592,memorySwapBytes=8589934592""},""sourceOfTruth"":{""datasetSha256"":""cc23f095b88585453940e8fca998f8b16f9573361b0c83f021d7bb095ba9e4c6"",""documentCount"":200,""chunkCount"":10000,""synchronizedNow"":false},""physicalMemoryBytes"":51460743168}",2026-09-11T10:02:49.437510200Z
"T26",1,"opensearch","Faiss","IVF",0.950000,0.957000,0.955556,0.010000,true,"WITHIN_TOLERANCE",0.955556,6.843262,6.783400,9.576900,11.571600,1451.722,100,0.970000,7.202699,7.119800,9.765900,10.899300,900,0.955556,6.803325,6.747500,9.431400,11.571600,0.900,0.900,5141075853,5141075853,0,84688553,19876,7953,10000,1000,10,10,1,5,true,"{""required"":false,""verified"":true,""driftThreshold"":0.0,""calibrationRecall"":null,""serialRecallSamples"":[],""concurrentRecallSamples"":[],""stateBefore"":{},""stateAfter"":{},""reason"":""Adapter has no mandatory drift audit""}","{""engine"":""faiss"",""method"":""ivf"",""nlist"":128,""space_type"":""cosinesimil"",""dimension"":1024}","{""nprobes"":8}","{""queryVectorsSha256"":""d06cc81c1169e1a926fc69a835fabda560932d8834bd687893fe0da301c4cfa9"",""javaVersion"":""21.0.11"",""queryPartition"":{""evaluationQueries"":200,""method"":""query-type-stratified-sha256"",""calibrationQueries"":100,""evaluationIdsSha256"":""f856701d0c4b142b59ef1f22919e1e8f1c897145a9bdf88e6b18a59196a6ca25"",""calibrationIdsSha256"":""8b3e0cf00bea0503372f6e0e968ec87a831d597ac5132d0e7ae30ade95164508""},""os"":""Windows 11 10.0 amd64"",""documentVectorsSha256"":""cc23f095b88585453940e8fca998f8b16f9573361b0c83f021d7bb095ba9e4c6"",""availableProcessors"":16,""dockerServerVersion"":""29.7.2"",""queryDefinitionsSha256"":""e9e52e8cd2ce129bb91205fa1a08f2baf2d4ca8bd28fe9c42299eefdb99ada18"",""springBootVersion"":""4.1.1"",""metric"":""COSINE"",""declaredVectorDbBudget"":{""memoryBytes"":8589934592,""cpuCores"":4.0},""cpu"":""AMD64 Family 25 Model 33 Stepping 0, AuthenticAMD"",""containerLimits"":{""vector-opensearch"":""cpuNano=4000000000,memoryBytes=8589934592,memorySwapBytes=8589934592""},""sourceOfTruth"":{""datasetSha256"":""cc23f095b88585453940e8fca998f8b16f9573361b0c83f021d7bb095ba9e4c6"",""documentCount"":200,""chunkCount"":10000,""synchronizedNow"":false},""physicalMemoryBytes"":51460743168}",2026-09-11T10:02:53.450662300Z
"T27",1,"opensearch","JVector","DiskANN",0.900000,0.888000,0.875556,0.010000,false,"WITHIN_TOLERANCE",0.905556,12.148476,7.224100,44.647800,51.628500,818.089,100,1.000000,17.393686,15.001100,50.912500,55.175900,900,0.875556,11.565675,7.127200,43.876200,50.591300,68.405,135.640,5069135151,5069135151,0,88989571,26306,8990,10000,1000,10,10,1,5,true,"{""required"":false,""verified"":true,""driftThreshold"":0.0,""calibrationRecall"":null,""serialRecallSamples"":[],""concurrentRecallSamples"":[],""stateBefore"":{},""stateAfter"":{},""reason"":""Adapter has no mandatory drift audit""}","{""space_type"":""cosinesimil"",""ef_construction"":128,""dimension"":1024,""m"":16,""engine"":""jvector"",""method"":""disk_ann""}","{""candidate_k"":80}","{""queryDefinitionsSha256"":""e9e52e8cd2ce129bb91205fa1a08f2baf2d4ca8bd28fe9c42299eefdb99ada18"",""dockerServerVersion"":""29.7.2"",""availableProcessors"":16,""documentVectorsSha256"":""cc23f095b88585453940e8fca998f8b16f9573361b0c83f021d7bb095ba9e4c6"",""os"":""Windows 11 10.0 amd64"",""queryPartition"":{""calibrationQueries"":100,""method"":""query-type-stratified-sha256"",""evaluationQueries"":200,""calibrationIdsSha256"":""8b3e0cf00bea0503372f6e0e968ec87a831d597ac5132d0e7ae30ade95164508"",""evaluationIdsSha256"":""f856701d0c4b142b59ef1f22919e1e8f1c897145a9bdf88e6b18a59196a6ca25""},""javaVersion"":""21.0.11"",""queryVectorsSha256"":""d06cc81c1169e1a926fc69a835fabda560932d8834bd687893fe0da301c4cfa9"",""physicalMemoryBytes"":51460743168,""sourceOfTruth"":{""datasetSha256"":""cc23f095b88585453940e8fca998f8b16f9573361b0c83f021d7bb095ba9e4c6"",""documentCount"":200,""chunkCount"":10000,""synchronizedNow"":false},""containerLimits"":{""vector-opensearch-jvector"":""cpuNano=4000000000,memoryBytes=8589934592,memorySwapBytes=8589934592""},""cpu"":""AMD64 Family 25 Model 33 Stepping 0, AuthenticAMD"",""metric"":""COSINE"",""declaredVectorDbBudget"":{""memoryBytes"":8589934592,""cpuCores"":4.0},""springBootVersion"":""4.1.1""}",2026-09-11T10:04:07.282040800Z
"T28",1,"opensearch","JVector","DiskANN",0.950000,0.949000,0.943333,0.010000,true,"WITHIN_TOLERANCE",0.946667,14.935774,8.583000,51.454900,58.608700,665.847,100,1.000000,22.798161,17.320000,60.485900,71.101600,900,0.943333,14.062176,8.442300,50.608600,55.475700,118.780,236.180,5070208892,5070208892,0,88989571,26306,8990,10000,1000,10,10,1,5,true,"{""required"":false,""verified"":true,""driftThreshold"":0.0,""calibrationRecall"":null,""serialRecallSamples"":[],""concurrentRecallSamples"":[],""stateBefore"":{},""stateAfter"":{},""reason"":""Adapter has no mandatory drift audit""}","{""space_type"":""cosinesimil"",""ef_construction"":128,""dimension"":1024,""m"":16,""engine"":""jvector"",""method"":""disk_ann""}","{""candidate_k"":120}","{""queryDefinitionsSha256"":""e9e52e8cd2ce129bb91205fa1a08f2baf2d4ca8bd28fe9c42299eefdb99ada18"",""dockerServerVersion"":""29.7.2"",""availableProcessors"":16,""documentVectorsSha256"":""cc23f095b88585453940e8fca998f8b16f9573361b0c83f021d7bb095ba9e4c6"",""os"":""Windows 11 10.0 amd64"",""queryPartition"":{""calibrationQueries"":100,""method"":""query-type-stratified-sha256"",""evaluationQueries"":200,""calibrationIdsSha256"":""8b3e0cf00bea0503372f6e0e968ec87a831d597ac5132d0e7ae30ade95164508"",""evaluationIdsSha256"":""f856701d0c4b142b59ef1f22919e1e8f1c897145a9bdf88e6b18a59196a6ca25""},""javaVersion"":""21.0.11"",""queryVectorsSha256"":""d06cc81c1169e1a926fc69a835fabda560932d8834bd687893fe0da301c4cfa9"",""physicalMemoryBytes"":51460743168,""sourceOfTruth"":{""datasetSha256"":""cc23f095b88585453940e8fca998f8b16f9573361b0c83f021d7bb095ba9e4c6"",""documentCount"":200,""chunkCount"":10000,""synchronizedNow"":false},""containerLimits"":{""vector-opensearch-jvector"":""cpuNano=4000000000,memoryBytes=8589934592,memorySwapBytes=8589934592""},""cpu"":""AMD64 Family 25 Model 33 Stepping 0, AuthenticAMD"",""metric"":""COSINE"",""declaredVectorDbBudget"":{""memoryBytes"":8589934592,""cpuCores"":4.0},""springBootVersion"":""4.1.1""}",2026-09-11T10:04:12.299995500Z
"T21",1,"opensearch","Lucene","HNSW",0.900000,0.890000,0.885556,0.010000,false,"CLOSEST_AVAILABLE",0.944444,5.963974,5.434900,9.450500,17.207900,1667.062,100,0.930000,6.547075,5.864600,11.174100,18.779200,900,0.885556,5.899184,5.388100,9.192300,16.986000,9.210,9.210,5015448059,5015448059,0,43095641,11570,9485,10000,1000,10,10,1,5,true,"{""required"":false,""verified"":true,""driftThreshold"":0.0,""calibrationRecall"":null,""serialRecallSamples"":[],""concurrentRecallSamples"":[],""stateBefore"":{},""stateAfter"":{},""reason"":""Adapter has no mandatory drift audit""}","{""space_type"":""cosinesimil"",""ef_construction"":128,""dimension"":1024,""m"":16,""engine"":""lucene"",""method"":""hnsw""}","{""candidate_k"":10}","{""containerLimits"":{""vector-opensearch"":""cpuNano=4000000000,memoryBytes=8589934592,memorySwapBytes=8589934592""},""cpu"":""AMD64 Family 25 Model 33 Stepping 0, AuthenticAMD"",""metric"":""COSINE"",""declaredVectorDbBudget"":{""memoryBytes"":8589934592,""cpuCores"":4.0},""springBootVersion"":""4.1.1"",""dockerServerVersion"":""29.7.2"",""queryDefinitionsSha256"":""e9e52e8cd2ce129bb91205fa1a08f2baf2d4ca8bd28fe9c42299eefdb99ada18"",""availableProcessors"":16,""os"":""Windows 11 10.0 amd64"",""documentVectorsSha256"":""cc23f095b88585453940e8fca998f8b16f9573361b0c83f021d7bb095ba9e4c6"",""queryPartition"":{""evaluationIdsSha256"":""f856701d0c4b142b59ef1f22919e1e8f1c897145a9bdf88e6b18a59196a6ca25"",""calibrationQueries"":100,""method"":""query-type-stratified-sha256"",""evaluationQueries"":200,""calibrationIdsSha256"":""8b3e0cf00bea0503372f6e0e968ec87a831d597ac5132d0e7ae30ade95164508""},""javaVersion"":""21.0.11"",""queryVectorsSha256"":""d06cc81c1169e1a926fc69a835fabda560932d8834bd687893fe0da301c4cfa9"",""physicalMemoryBytes"":51460743168,""sourceOfTruth"":{""datasetSha256"":""cc23f095b88585453940e8fca998f8b16f9573361b0c83f021d7bb095ba9e4c6"",""documentCount"":200,""chunkCount"":10000,""synchronizedNow"":false}}",2026-09-11T10:05:00.847248400Z
"T22",1,"opensearch","Lucene","HNSW",0.950000,0.890000,0.885556,0.010000,false,"WITHIN_TOLERANCE",0.944444,5.753931,5.425000,8.247900,14.638000,1727.647,100,0.930000,6.397705,6.107800,8.296500,16.121200,900,0.885556,5.682400,5.368700,8.177500,14.626300,0.750,0.750,5015448059,5015448059,0,43095641,11570,9485,10000,1000,10,10,1,5,true,"{""required"":false,""verified"":true,""driftThreshold"":0.0,""calibrationRecall"":null,""serialRecallSamples"":[],""concurrentRecallSamples"":[],""stateBefore"":{},""stateAfter"":{},""reason"":""Adapter has no mandatory drift audit""}","{""space_type"":""cosinesimil"",""ef_construction"":128,""dimension"":1024,""m"":16,""engine"":""lucene"",""method"":""hnsw""}","{""candidate_k"":10}","{""containerLimits"":{""vector-opensearch"":""cpuNano=4000000000,memoryBytes=8589934592,memorySwapBytes=8589934592""},""cpu"":""AMD64 Family 25 Model 33 Stepping 0, AuthenticAMD"",""metric"":""COSINE"",""declaredVectorDbBudget"":{""memoryBytes"":8589934592,""cpuCores"":4.0},""springBootVersion"":""4.1.1"",""dockerServerVersion"":""29.7.2"",""queryDefinitionsSha256"":""e9e52e8cd2ce129bb91205fa1a08f2baf2d4ca8bd28fe9c42299eefdb99ada18"",""availableProcessors"":16,""os"":""Windows 11 10.0 amd64"",""documentVectorsSha256"":""cc23f095b88585453940e8fca998f8b16f9573361b0c83f021d7bb095ba9e4c6"",""queryPartition"":{""evaluationIdsSha256"":""f856701d0c4b142b59ef1f22919e1e8f1c897145a9bdf88e6b18a59196a6ca25"",""calibrationQueries"":100,""method"":""query-type-stratified-sha256"",""evaluationQueries"":200,""calibrationIdsSha256"":""8b3e0cf00bea0503372f6e0e968ec87a831d597ac5132d0e7ae30ade95164508""},""javaVersion"":""21.0.11"",""queryVectorsSha256"":""d06cc81c1169e1a926fc69a835fabda560932d8834bd687893fe0da301c4cfa9"",""physicalMemoryBytes"":51460743168,""sourceOfTruth"":{""datasetSha256"":""cc23f095b88585453940e8fca998f8b16f9573361b0c83f021d7bb095ba9e4c6"",""documentCount"":200,""chunkCount"":10000,""synchronizedNow"":false}}",2026-09-11T10:05:04.858058200Z
"T09",2,"weaviate","Native","hfresh",0.900000,0.966000,0.962222,0.010000,false,"CLOSEST_AVAILABLE",0.943556,18.742345,17.928600,32.779100,42.577400,530.941,100,1.000000,23.102834,21.711900,37.298700,42.682200,900,0.962222,18.257846,17.502500,31.959300,40.594700,189.140,378.030,121896959,122054246,0,-1,67913,8237,10000,1000,10,10,1,5,true,"{""required"":false,""verified"":true,""driftThreshold"":0.0,""calibrationRecall"":null,""serialRecallSamples"":[],""concurrentRecallSamples"":[],""stateBefore"":{},""stateAfter"":{},""reason"":""Adapter has no mandatory drift audit""}","{""rqBits"":1,""dimension"":1024,""maxPostingSizeKB"":48,""replicas"":4,""distance"":""cosine""}","{""searchProbe"":8}","{""queryPartition"":{""calibrationIdsSha256"":""8b3e0cf00bea0503372f6e0e968ec87a831d597ac5132d0e7ae30ade95164508"",""evaluationIdsSha256"":""f856701d0c4b142b59ef1f22919e1e8f1c897145a9bdf88e6b18a59196a6ca25"",""calibrationQueries"":100,""method"":""query-type-stratified-sha256"",""evaluationQueries"":200},""javaVersion"":""21.0.11"",""queryVectorsSha256"":""d06cc81c1169e1a926fc69a835fabda560932d8834bd687893fe0da301c4cfa9"",""physicalMemoryBytes"":51460743168,""sourceOfTruth"":{""datasetSha256"":""cc23f095b88585453940e8fca998f8b16f9573361b0c83f021d7bb095ba9e4c6"",""documentCount"":200,""chunkCount"":10000,""synchronizedNow"":false},""containerLimits"":{""vector-weaviate"":""cpuNano=4000000000,memoryBytes=8589934592,memorySwapBytes=8589934592""},""declaredVectorDbBudget"":{""cpuCores"":4.0,""memoryBytes"":8589934592},""cpu"":""AMD64 Family 25 Model 33 Stepping 0, AuthenticAMD"",""metric"":""COSINE"",""springBootVersion"":""4.1.1"",""dockerServerVersion"":""29.7.2"",""queryDefinitionsSha256"":""e9e52e8cd2ce129bb91205fa1a08f2baf2d4ca8bd28fe9c42299eefdb99ada18"",""availableProcessors"":16,""os"":""Windows 11 10.0 amd64"",""documentVectorsSha256"":""cc23f095b88585453940e8fca998f8b16f9573361b0c83f021d7bb095ba9e4c6""}",2026-09-11T10:06:57.889230400Z
"T10",2,"weaviate","Native","hfresh",0.950000,0.966000,0.962222,0.010000,false,"WITHIN_TOLERANCE",0.943556,19.074838,18.244300,34.250300,43.546100,521.637,100,1.000000,23.292961,21.694800,41.807000,45.806800,900,0.962222,18.606158,17.786900,33.290400,43.323800,193.430,386.670,123417395,123417395,0,-1,67913,8237,10000,1000,10,10,1,5,true,"{""required"":false,""verified"":true,""driftThreshold"":0.0,""calibrationRecall"":null,""serialRecallSamples"":[],""concurrentRecallSamples"":[],""stateBefore"":{},""stateAfter"":{},""reason"":""Adapter has no mandatory drift audit""}","{""rqBits"":1,""dimension"":1024,""maxPostingSizeKB"":48,""replicas"":4,""distance"":""cosine""}","{""searchProbe"":8}","{""queryPartition"":{""calibrationIdsSha256"":""8b3e0cf00bea0503372f6e0e968ec87a831d597ac5132d0e7ae30ade95164508"",""evaluationIdsSha256"":""f856701d0c4b142b59ef1f22919e1e8f1c897145a9bdf88e6b18a59196a6ca25"",""calibrationQueries"":100,""method"":""query-type-stratified-sha256"",""evaluationQueries"":200},""javaVersion"":""21.0.11"",""queryVectorsSha256"":""d06cc81c1169e1a926fc69a835fabda560932d8834bd687893fe0da301c4cfa9"",""physicalMemoryBytes"":51460743168,""sourceOfTruth"":{""datasetSha256"":""cc23f095b88585453940e8fca998f8b16f9573361b0c83f021d7bb095ba9e4c6"",""documentCount"":200,""chunkCount"":10000,""synchronizedNow"":false},""containerLimits"":{""vector-weaviate"":""cpuNano=4000000000,memoryBytes=8589934592,memorySwapBytes=8589934592""},""declaredVectorDbBudget"":{""cpuCores"":4.0,""memoryBytes"":8589934592},""cpu"":""AMD64 Family 25 Model 33 Stepping 0, AuthenticAMD"",""metric"":""COSINE"",""springBootVersion"":""4.1.1"",""dockerServerVersion"":""29.7.2"",""queryDefinitionsSha256"":""e9e52e8cd2ce129bb91205fa1a08f2baf2d4ca8bd28fe9c42299eefdb99ada18"",""availableProcessors"":16,""os"":""Windows 11 10.0 amd64"",""documentVectorsSha256"":""cc23f095b88585453940e8fca998f8b16f9573361b0c83f021d7bb095ba9e4c6""}",2026-09-11T10:07:04.288217900Z
"T07",2,"weaviate","Native","hnsw",0.900000,0.932500,0.925000,0.010000,false,"CLOSEST_AVAILABLE",0.931111,15.774377,14.880000,27.790900,34.278700,632.312,100,1.000000,16.280754,14.782100,29.913500,32.726300,900,0.925000,15.718113,14.916800,27.521300,34.278700,131.945,263.700,194301132,194301132,0,-1,72319,7913,10000,1000,10,10,1,5,true,"{""required"":false,""verified"":true,""driftThreshold"":0.0,""calibrationRecall"":null,""serialRecallSamples"":[],""concurrentRecallSamples"":[],""stateBefore"":{},""stateAfter"":{},""reason"":""Adapter has no mandatory drift audit""}","{""dimension"":1024,""distance"":""cosine"",""efConstruction"":128,""maxConnections"":16}","{""ef"":400}","{""springBootVersion"":""4.1.1"",""queryDefinitionsSha256"":""e9e52e8cd2ce129bb91205fa1a08f2baf2d4ca8bd28fe9c42299eefdb99ada18"",""dockerServerVersion"":""29.7.2"",""availableProcessors"":16,""os"":""Windows 11 10.0 amd64"",""documentVectorsSha256"":""cc23f095b88585453940e8fca998f8b16f9573361b0c83f021d7bb095ba9e4c6"",""queryPartition"":{""calibrationQueries"":100,""method"":""query-type-stratified-sha256"",""evaluationQueries"":200,""calibrationIdsSha256"":""8b3e0cf00bea0503372f6e0e968ec87a831d597ac5132d0e7ae30ade95164508"",""evaluationIdsSha256"":""f856701d0c4b142b59ef1f22919e1e8f1c897145a9bdf88e6b18a59196a6ca25""},""javaVersion"":""21.0.11"",""queryVectorsSha256"":""d06cc81c1169e1a926fc69a835fabda560932d8834bd687893fe0da301c4cfa9"",""physicalMemoryBytes"":51460743168,""sourceOfTruth"":{""datasetSha256"":""cc23f095b88585453940e8fca998f8b16f9573361b0c83f021d7bb095ba9e4c6"",""documentCount"":200,""chunkCount"":10000,""synchronizedNow"":false},""containerLimits"":{""vector-weaviate"":""cpuNano=4000000000,memoryBytes=8589934592,memorySwapBytes=8589934592""},""cpu"":""AMD64 Family 25 Model 33 Stepping 0, AuthenticAMD"",""metric"":""COSINE"",""declaredVectorDbBudget"":{""memoryBytes"":8589934592,""cpuCores"":4.0}}",2026-09-11T10:08:53.054963Z
"T08",2,"weaviate","Native","hnsw",0.950000,0.954500,0.949444,0.010000,true,"WITHIN_TOLERANCE",0.946667,17.174037,16.299900,29.053000,36.521500,580.764,100,1.000000,17.877966,17.376200,28.950400,32.811200,900,0.949444,17.095822,16.194000,29.053000,38.686600,159.810,319.450,192518553,192518553,0,-1,72319,7913,10000,1000,10,10,1,5,true,"{""required"":false,""verified"":true,""driftThreshold"":0.0,""calibrationRecall"":null,""serialRecallSamples"":[],""concurrentRecallSamples"":[],""stateBefore"":{},""stateAfter"":{},""reason"":""Adapter has no mandatory drift audit""}","{""dimension"":1024,""distance"":""cosine"",""efConstruction"":128,""maxConnections"":16}","{""ef"":800}","{""springBootVersion"":""4.1.1"",""queryDefinitionsSha256"":""e9e52e8cd2ce129bb91205fa1a08f2baf2d4ca8bd28fe9c42299eefdb99ada18"",""dockerServerVersion"":""29.7.2"",""availableProcessors"":16,""os"":""Windows 11 10.0 amd64"",""documentVectorsSha256"":""cc23f095b88585453940e8fca998f8b16f9573361b0c83f021d7bb095ba9e4c6"",""queryPartition"":{""calibrationQueries"":100,""method"":""query-type-stratified-sha256"",""evaluationQueries"":200,""calibrationIdsSha256"":""8b3e0cf00bea0503372f6e0e968ec87a831d597ac5132d0e7ae30ade95164508"",""evaluationIdsSha256"":""f856701d0c4b142b59ef1f22919e1e8f1c897145a9bdf88e6b18a59196a6ca25""},""javaVersion"":""21.0.11"",""queryVectorsSha256"":""d06cc81c1169e1a926fc69a835fabda560932d8834bd687893fe0da301c4cfa9"",""physicalMemoryBytes"":51460743168,""sourceOfTruth"":{""datasetSha256"":""cc23f095b88585453940e8fca998f8b16f9573361b0c83f021d7bb095ba9e4c6"",""documentCount"":200,""chunkCount"":10000,""synchronizedNow"":false},""containerLimits"":{""vector-weaviate"":""cpuNano=4000000000,memoryBytes=8589934592,memorySwapBytes=8589934592""},""cpu"":""AMD64 Family 25 Model 33 Stepping 0, AuthenticAMD"",""metric"":""COSINE"",""declaredVectorDbBudget"":{""memoryBytes"":8589934592,""cpuCores"":4.0}}",2026-09-11T10:08:59.069550Z
"T23",2,"opensearch","Faiss","HNSW",0.900000,0.871000,0.873333,0.010000,false,"CLOSEST_AVAILABLE",0.882222,5.800760,5.244200,10.081500,12.792300,1714.131,100,0.850000,5.907608,5.550400,9.254000,10.107500,900,0.873333,5.788888,5.187400,10.154600,13.139800,2.850,2.850,5085241278,5085241278,0,85430127,10856,8552,10000,1000,10,10,1,5,true,"{""required"":false,""verified"":true,""driftThreshold"":0.0,""calibrationRecall"":null,""serialRecallSamples"":[],""concurrentRecallSamples"":[],""stateBefore"":{},""stateAfter"":{},""reason"":""Adapter has no mandatory drift audit""}","{""dimension"":1024,""m"":16,""engine"":""faiss"",""method"":""hnsw"",""space_type"":""cosinesimil"",""ef_construction"":128}","{""ef_search"":20}","{""documentVectorsSha256"":""cc23f095b88585453940e8fca998f8b16f9573361b0c83f021d7bb095ba9e4c6"",""queryPartition"":{""evaluationQueries"":200,""calibrationIdsSha256"":""8b3e0cf00bea0503372f6e0e968ec87a831d597ac5132d0e7ae30ade95164508"",""evaluationIdsSha256"":""f856701d0c4b142b59ef1f22919e1e8f1c897145a9bdf88e6b18a59196a6ca25"",""calibrationQueries"":100,""method"":""query-type-stratified-sha256""},""javaVersion"":""21.0.11"",""queryVectorsSha256"":""d06cc81c1169e1a926fc69a835fabda560932d8834bd687893fe0da301c4cfa9"",""physicalMemoryBytes"":51460743168,""sourceOfTruth"":{""datasetSha256"":""cc23f095b88585453940e8fca998f8b16f9573361b0c83f021d7bb095ba9e4c6"",""documentCount"":200,""chunkCount"":10000,""synchronizedNow"":false},""containerLimits"":{""vector-opensearch"":""cpuNano=4000000000,memoryBytes=8589934592,memorySwapBytes=8589934592""},""declaredVectorDbBudget"":{""cpuCores"":4.0,""memoryBytes"":8589934592},""cpu"":""AMD64 Family 25 Model 33 Stepping 0, AuthenticAMD"",""metric"":""COSINE"",""springBootVersion"":""4.1.1"",""dockerServerVersion"":""29.7.2"",""queryDefinitionsSha256"":""e9e52e8cd2ce129bb91205fa1a08f2baf2d4ca8bd28fe9c42299eefdb99ada18"",""availableProcessors"":16,""os"":""Windows 11 10.0 amd64""}",2026-09-11T10:09:46.559188Z
"T24",2,"opensearch","Faiss","HNSW",0.950000,0.934500,0.936111,0.010000,false,"CLOSEST_AVAILABLE",0.933333,6.004875,5.361800,8.978300,15.775800,1656.252,100,0.920000,6.698453,5.640500,8.668900,46.095300,900,0.936111,5.927811,5.316600,8.978300,13.349300,0.790,0.790,5126043467,5126043467,0,85430127,10856,8552,10000,1000,10,10,1,5,true,"{""required"":false,""verified"":true,""driftThreshold"":0.0,""calibrationRecall"":null,""serialRecallSamples"":[],""concurrentRecallSamples"":[],""stateBefore"":{},""stateAfter"":{},""reason"":""Adapter has no mandatory drift audit""}","{""dimension"":1024,""m"":16,""engine"":""faiss"",""method"":""hnsw"",""space_type"":""cosinesimil"",""ef_construction"":128}","{""ef_search"":40}","{""documentVectorsSha256"":""cc23f095b88585453940e8fca998f8b16f9573361b0c83f021d7bb095ba9e4c6"",""queryPartition"":{""evaluationQueries"":200,""calibrationIdsSha256"":""8b3e0cf00bea0503372f6e0e968ec87a831d597ac5132d0e7ae30ade95164508"",""evaluationIdsSha256"":""f856701d0c4b142b59ef1f22919e1e8f1c897145a9bdf88e6b18a59196a6ca25"",""calibrationQueries"":100,""method"":""query-type-stratified-sha256""},""javaVersion"":""21.0.11"",""queryVectorsSha256"":""d06cc81c1169e1a926fc69a835fabda560932d8834bd687893fe0da301c4cfa9"",""physicalMemoryBytes"":51460743168,""sourceOfTruth"":{""datasetSha256"":""cc23f095b88585453940e8fca998f8b16f9573361b0c83f021d7bb095ba9e4c6"",""documentCount"":200,""chunkCount"":10000,""synchronizedNow"":false},""containerLimits"":{""vector-opensearch"":""cpuNano=4000000000,memoryBytes=8589934592,memorySwapBytes=8589934592""},""declaredVectorDbBudget"":{""cpuCores"":4.0,""memoryBytes"":8589934592},""cpu"":""AMD64 Family 25 Model 33 Stepping 0, AuthenticAMD"",""metric"":""COSINE"",""springBootVersion"":""4.1.1"",""dockerServerVersion"":""29.7.2"",""queryDefinitionsSha256"":""e9e52e8cd2ce129bb91205fa1a08f2baf2d4ca8bd28fe9c42299eefdb99ada18"",""availableProcessors"":16,""os"":""Windows 11 10.0 amd64""}",2026-09-11T10:09:50.565293800Z
"T25",2,"opensearch","Faiss","IVF",0.900000,0.915500,0.912778,0.010000,false,"CLOSEST_AVAILABLE",0.915556,7.356682,5.686600,18.741400,43.119200,1352.282,100,0.940000,7.006318,5.759100,9.270500,32.315300,900,0.912778,7.395611,5.663500,20.324100,47.905700,1.150,1.150,5116379791,5116379791,0,84680536,19201,7759,10000,1000,10,10,1,5,true,"{""required"":false,""verified"":true,""driftThreshold"":0.0,""calibrationRecall"":null,""serialRecallSamples"":[],""concurrentRecallSamples"":[],""stateBefore"":{},""stateAfter"":{},""reason"":""Adapter has no mandatory drift audit""}","{""engine"":""faiss"",""method"":""ivf"",""nlist"":128,""space_type"":""cosinesimil"",""dimension"":1024}","{""nprobes"":4}","{""javaVersion"":""21.0.11"",""queryPartition"":{""evaluationQueries"":200,""method"":""query-type-stratified-sha256"",""calibrationQueries"":100,""evaluationIdsSha256"":""f856701d0c4b142b59ef1f22919e1e8f1c897145a9bdf88e6b18a59196a6ca25"",""calibrationIdsSha256"":""8b3e0cf00bea0503372f6e0e968ec87a831d597ac5132d0e7ae30ade95164508""},""os"":""Windows 11 10.0 amd64"",""documentVectorsSha256"":""cc23f095b88585453940e8fca998f8b16f9573361b0c83f021d7bb095ba9e4c6"",""availableProcessors"":16,""dockerServerVersion"":""29.7.2"",""queryDefinitionsSha256"":""e9e52e8cd2ce129bb91205fa1a08f2baf2d4ca8bd28fe9c42299eefdb99ada18"",""springBootVersion"":""4.1.1"",""metric"":""COSINE"",""declaredVectorDbBudget"":{""memoryBytes"":8589934592,""cpuCores"":4.0},""cpu"":""AMD64 Family 25 Model 33 Stepping 0, AuthenticAMD"",""containerLimits"":{""vector-opensearch"":""cpuNano=4000000000,memoryBytes=8589934592,memorySwapBytes=8589934592""},""sourceOfTruth"":{""datasetSha256"":""cc23f095b88585453940e8fca998f8b16f9573361b0c83f021d7bb095ba9e4c6"",""documentCount"":200,""chunkCount"":10000,""synchronizedNow"":false},""physicalMemoryBytes"":51460743168,""queryVectorsSha256"":""d06cc81c1169e1a926fc69a835fabda560932d8834bd687893fe0da301c4cfa9""}",2026-09-11T10:10:47.392647100Z
"T26",2,"opensearch","Faiss","IVF",0.950000,0.957500,0.956111,0.010000,true,"WITHIN_TOLERANCE",0.954444,6.835508,6.240100,12.075100,21.580700,1455.459,100,0.970000,6.638411,6.219900,9.581400,18.499500,900,0.956111,6.857408,6.240100,12.187900,21.691700,5.400,5.400,5120674758,5120674758,0,84680536,19201,7759,10000,1000,10,10,1,5,true,"{""required"":false,""verified"":true,""driftThreshold"":0.0,""calibrationRecall"":null,""serialRecallSamples"":[],""concurrentRecallSamples"":[],""stateBefore"":{},""stateAfter"":{},""reason"":""Adapter has no mandatory drift audit""}","{""engine"":""faiss"",""method"":""ivf"",""nlist"":128,""space_type"":""cosinesimil"",""dimension"":1024}","{""nprobes"":8}","{""javaVersion"":""21.0.11"",""queryPartition"":{""evaluationQueries"":200,""method"":""query-type-stratified-sha256"",""calibrationQueries"":100,""evaluationIdsSha256"":""f856701d0c4b142b59ef1f22919e1e8f1c897145a9bdf88e6b18a59196a6ca25"",""calibrationIdsSha256"":""8b3e0cf00bea0503372f6e0e968ec87a831d597ac5132d0e7ae30ade95164508""},""os"":""Windows 11 10.0 amd64"",""documentVectorsSha256"":""cc23f095b88585453940e8fca998f8b16f9573361b0c83f021d7bb095ba9e4c6"",""availableProcessors"":16,""dockerServerVersion"":""29.7.2"",""queryDefinitionsSha256"":""e9e52e8cd2ce129bb91205fa1a08f2baf2d4ca8bd28fe9c42299eefdb99ada18"",""springBootVersion"":""4.1.1"",""metric"":""COSINE"",""declaredVectorDbBudget"":{""memoryBytes"":8589934592,""cpuCores"":4.0},""cpu"":""AMD64 Family 25 Model 33 Stepping 0, AuthenticAMD"",""containerLimits"":{""vector-opensearch"":""cpuNano=4000000000,memoryBytes=8589934592,memorySwapBytes=8589934592""},""sourceOfTruth"":{""datasetSha256"":""cc23f095b88585453940e8fca998f8b16f9573361b0c83f021d7bb095ba9e4c6"",""documentCount"":200,""chunkCount"":10000,""synchronizedNow"":false},""physicalMemoryBytes"":51460743168,""queryVectorsSha256"":""d06cc81c1169e1a926fc69a835fabda560932d8834bd687893fe0da301c4cfa9""}",2026-09-11T10:10:51.401566800Z
"T27",2,"opensearch","JVector","DiskANN",0.900000,0.874000,0.860000,0.010000,false,"WITHIN_TOLERANCE",0.901111,14.574997,8.059200,52.874600,58.847700,680.940,100,1.000000,26.348654,16.870500,61.643400,63.526100,900,0.860000,13.266813,7.907300,50.965400,55.957800,140.205,278.720,5039070380,5039070380,0,88980591,25281,8731,10000,1000,10,10,1,5,true,"{""required"":false,""verified"":true,""driftThreshold"":0.0,""calibrationRecall"":null,""serialRecallSamples"":[],""concurrentRecallSamples"":[],""stateBefore"":{},""stateAfter"":{},""reason"":""Adapter has no mandatory drift audit""}","{""space_type"":""cosinesimil"",""ef_construction"":128,""dimension"":1024,""m"":16,""engine"":""jvector"",""method"":""disk_ann""}","{""candidate_k"":80}","{""springBootVersion"":""4.1.1"",""queryDefinitionsSha256"":""e9e52e8cd2ce129bb91205fa1a08f2baf2d4ca8bd28fe9c42299eefdb99ada18"",""dockerServerVersion"":""29.7.2"",""availableProcessors"":16,""os"":""Windows 11 10.0 amd64"",""documentVectorsSha256"":""cc23f095b88585453940e8fca998f8b16f9573361b0c83f021d7bb095ba9e4c6"",""queryPartition"":{""calibrationQueries"":100,""method"":""query-type-stratified-sha256"",""evaluationQueries"":200,""calibrationIdsSha256"":""8b3e0cf00bea0503372f6e0e968ec87a831d597ac5132d0e7ae30ade95164508"",""evaluationIdsSha256"":""f856701d0c4b142b59ef1f22919e1e8f1c897145a9bdf88e6b18a59196a6ca25""},""javaVersion"":""21.0.11"",""queryVectorsSha256"":""d06cc81c1169e1a926fc69a835fabda560932d8834bd687893fe0da301c4cfa9"",""physicalMemoryBytes"":51460743168,""sourceOfTruth"":{""datasetSha256"":""cc23f095b88585453940e8fca998f8b16f9573361b0c83f021d7bb095ba9e4c6"",""documentCount"":200,""chunkCount"":10000,""synchronizedNow"":false},""containerLimits"":{""vector-opensearch-jvector"":""cpuNano=4000000000,memoryBytes=8589934592,memorySwapBytes=8589934592""},""cpu"":""AMD64 Family 25 Model 33 Stepping 0, AuthenticAMD"",""metric"":""COSINE"",""declaredVectorDbBudget"":{""memoryBytes"":8589934592,""cpuCores"":4.0}}",2026-09-11T10:12:01.887083400Z
"T28",2,"opensearch","JVector","DiskANN",0.950000,0.912500,0.902778,0.010000,false,"WITHIN_TOLERANCE",0.952222,13.455557,7.770200,50.060200,56.229700,739.005,100,1.000000,18.381798,16.017100,56.220200,62.311600,900,0.902778,12.908197,7.625500,49.548400,55.893800,88.690,176.190,5037996638,5037996638,0,88980591,25281,8731,10000,1000,10,10,1,5,true,"{""required"":false,""verified"":true,""driftThreshold"":0.0,""calibrationRecall"":null,""serialRecallSamples"":[],""concurrentRecallSamples"":[],""stateBefore"":{},""stateAfter"":{},""reason"":""Adapter has no mandatory drift audit""}","{""space_type"":""cosinesimil"",""ef_construction"":128,""dimension"":1024,""m"":16,""engine"":""jvector"",""method"":""disk_ann""}","{""candidate_k"":120}","{""springBootVersion"":""4.1.1"",""queryDefinitionsSha256"":""e9e52e8cd2ce129bb91205fa1a08f2baf2d4ca8bd28fe9c42299eefdb99ada18"",""dockerServerVersion"":""29.7.2"",""availableProcessors"":16,""os"":""Windows 11 10.0 amd64"",""documentVectorsSha256"":""cc23f095b88585453940e8fca998f8b16f9573361b0c83f021d7bb095ba9e4c6"",""queryPartition"":{""calibrationQueries"":100,""method"":""query-type-stratified-sha256"",""evaluationQueries"":200,""calibrationIdsSha256"":""8b3e0cf00bea0503372f6e0e968ec87a831d597ac5132d0e7ae30ade95164508"",""evaluationIdsSha256"":""f856701d0c4b142b59ef1f22919e1e8f1c897145a9bdf88e6b18a59196a6ca25""},""javaVersion"":""21.0.11"",""queryVectorsSha256"":""d06cc81c1169e1a926fc69a835fabda560932d8834bd687893fe0da301c4cfa9"",""physicalMemoryBytes"":51460743168,""sourceOfTruth"":{""datasetSha256"":""cc23f095b88585453940e8fca998f8b16f9573361b0c83f021d7bb095ba9e4c6"",""documentCount"":200,""chunkCount"":10000,""synchronizedNow"":false},""containerLimits"":{""vector-opensearch-jvector"":""cpuNano=4000000000,memoryBytes=8589934592,memorySwapBytes=8589934592""},""cpu"":""AMD64 Family 25 Model 33 Stepping 0, AuthenticAMD"",""metric"":""COSINE"",""declaredVectorDbBudget"":{""memoryBytes"":8589934592,""cpuCores"":4.0}}",2026-09-11T10:12:06.893650600Z
"T21",2,"opensearch","Lucene","HNSW",0.900000,0.932000,0.927222,0.010000,false,"CLOSEST_AVAILABLE",0.885556,6.234800,5.487900,9.676200,23.688400,1590.528,100,0.975000,7.425688,6.318700,20.454000,24.500100,900,0.927222,6.102479,5.417400,9.407900,23.029500,5.420,5.420,5017595543,5017595543,0,43101586,11321,9305,10000,1000,10,10,1,5,true,"{""required"":false,""verified"":true,""driftThreshold"":0.0,""calibrationRecall"":null,""serialRecallSamples"":[],""concurrentRecallSamples"":[],""stateBefore"":{},""stateAfter"":{},""reason"":""Adapter has no mandatory drift audit""}","{""space_type"":""cosinesimil"",""ef_construction"":128,""dimension"":1024,""m"":16,""engine"":""lucene"",""method"":""hnsw""}","{""candidate_k"":200}","{""springBootVersion"":""4.1.1"",""queryDefinitionsSha256"":""e9e52e8cd2ce129bb91205fa1a08f2baf2d4ca8bd28fe9c42299eefdb99ada18"",""dockerServerVersion"":""29.7.2"",""availableProcessors"":16,""os"":""Windows 11 10.0 amd64"",""documentVectorsSha256"":""cc23f095b88585453940e8fca998f8b16f9573361b0c83f021d7bb095ba9e4c6"",""queryPartition"":{""calibrationQueries"":100,""method"":""query-type-stratified-sha256"",""evaluationQueries"":200,""calibrationIdsSha256"":""8b3e0cf00bea0503372f6e0e968ec87a831d597ac5132d0e7ae30ade95164508"",""evaluationIdsSha256"":""f856701d0c4b142b59ef1f22919e1e8f1c897145a9bdf88e6b18a59196a6ca25""},""javaVersion"":""21.0.11"",""queryVectorsSha256"":""d06cc81c1169e1a926fc69a835fabda560932d8834bd687893fe0da301c4cfa9"",""physicalMemoryBytes"":51460743168,""sourceOfTruth"":{""datasetSha256"":""cc23f095b88585453940e8fca998f8b16f9573361b0c83f021d7bb095ba9e4c6"",""documentCount"":200,""chunkCount"":10000,""synchronizedNow"":false},""containerLimits"":{""vector-opensearch"":""cpuNano=4000000000,memoryBytes=8589934592,memorySwapBytes=8589934592""},""cpu"":""AMD64 Family 25 Model 33 Stepping 0, AuthenticAMD"",""metric"":""COSINE"",""declaredVectorDbBudget"":{""memoryBytes"":8589934592,""cpuCores"":4.0}}",2026-09-11T10:12:55.169245400Z
"T22",2,"opensearch","Lucene","HNSW",0.950000,0.982000,0.980000,0.010000,false,"CLOSEST_AVAILABLE",0.962222,7.853090,6.563200,15.930200,37.938800,1266.917,100,1.000000,7.275811,6.741900,10.641300,30.664400,900,0.980000,7.917232,6.536400,17.104300,37.949500,0.840,0.840,5018669285,5018669285,0,43101586,11321,9305,10000,1000,10,10,1,5,true,"{""required"":false,""verified"":true,""driftThreshold"":0.0,""calibrationRecall"":null,""serialRecallSamples"":[],""concurrentRecallSamples"":[],""stateBefore"":{},""stateAfter"":{},""reason"":""Adapter has no mandatory drift audit""}","{""space_type"":""cosinesimil"",""ef_construction"":128,""dimension"":1024,""m"":16,""engine"":""lucene"",""method"":""hnsw""}","{""candidate_k"":800}","{""springBootVersion"":""4.1.1"",""queryDefinitionsSha256"":""e9e52e8cd2ce129bb91205fa1a08f2baf2d4ca8bd28fe9c42299eefdb99ada18"",""dockerServerVersion"":""29.7.2"",""availableProcessors"":16,""os"":""Windows 11 10.0 amd64"",""documentVectorsSha256"":""cc23f095b88585453940e8fca998f8b16f9573361b0c83f021d7bb095ba9e4c6"",""queryPartition"":{""calibrationQueries"":100,""method"":""query-type-stratified-sha256"",""evaluationQueries"":200,""calibrationIdsSha256"":""8b3e0cf00bea0503372f6e0e968ec87a831d597ac5132d0e7ae30ade95164508"",""evaluationIdsSha256"":""f856701d0c4b142b59ef1f22919e1e8f1c897145a9bdf88e6b18a59196a6ca25""},""javaVersion"":""21.0.11"",""queryVectorsSha256"":""d06cc81c1169e1a926fc69a835fabda560932d8834bd687893fe0da301c4cfa9"",""physicalMemoryBytes"":51460743168,""sourceOfTruth"":{""datasetSha256"":""cc23f095b88585453940e8fca998f8b16f9573361b0c83f021d7bb095ba9e4c6"",""documentCount"":200,""chunkCount"":10000,""synchronizedNow"":false},""containerLimits"":{""vector-opensearch"":""cpuNano=4000000000,memoryBytes=8589934592,memorySwapBytes=8589934592""},""cpu"":""AMD64 Family 25 Model 33 Stepping 0, AuthenticAMD"",""metric"":""COSINE"",""declaredVectorDbBudget"":{""memoryBytes"":8589934592,""cpuCores"":4.0}}",2026-09-11T10:12:59.175326200Z
"T01",2,"pgvector","PostgreSQL","hnsw",0.900000,0.942000,0.938333,0.010000,false,"WITHIN_TOLERANCE",0.891111,4.484012,3.711900,7.200100,20.016500,2203.831,100,0.975000,4.717910,3.704900,15.669500,18.818900,900,0.938333,4.458023,3.711900,7.038500,20.016500,0.100,0.100,202689740,202689740,1000000,49520640,11249,11204,10000,1000,10,10,1,5,true,"{""required"":false,""verified"":true,""driftThreshold"":0.0,""calibrationRecall"":null,""serialRecallSamples"":[],""concurrentRecallSamples"":[],""stateBefore"":{},""stateAfter"":{},""reason"":""Adapter has no mandatory drift audit""}","{""force_index_scan"":true,""ef_construction"":128,""metric"":""COSINE"",""m"":16,""dimension"":1024}","{""ef_search"":200}","{""queryVectorsSha256"":""d06cc81c1169e1a926fc69a835fabda560932d8834bd687893fe0da301c4cfa9"",""javaVersion"":""21.0.11"",""queryPartition"":{""evaluationQueries"":200,""method"":""query-type-stratified-sha256"",""calibrationQueries"":100,""evaluationIdsSha256"":""f856701d0c4b142b59ef1f22919e1e8f1c897145a9bdf88e6b18a59196a6ca25"",""calibrationIdsSha256"":""8b3e0cf00bea0503372f6e0e968ec87a831d597ac5132d0e7ae30ade95164508""},""os"":""Windows 11 10.0 amd64"",""documentVectorsSha256"":""cc23f095b88585453940e8fca998f8b16f9573361b0c83f021d7bb095ba9e4c6"",""availableProcessors"":16,""dockerServerVersion"":""29.7.2"",""queryDefinitionsSha256"":""e9e52e8cd2ce129bb91205fa1a08f2baf2d4ca8bd28fe9c42299eefdb99ada18"",""springBootVersion"":""4.1.1"",""cpu"":""AMD64 Family 25 Model 33 Stepping 0, AuthenticAMD"",""metric"":""COSINE"",""declaredVectorDbBudget"":{""memoryBytes"":8589934592,""cpuCores"":4.0},""containerLimits"":{""vector-postgres"":""cpuNano=4000000000,memoryBytes=8589934592,memorySwapBytes=8589934592""},""sourceOfTruth"":{""datasetSha256"":""cc23f095b88585453940e8fca998f8b16f9573361b0c83f021d7bb095ba9e4c6"",""documentCount"":200,""chunkCount"":10000,""synchronizedNow"":false},""physicalMemoryBytes"":51460743168}",2026-09-11T10:13:30.129782Z
"T02",2,"pgvector","PostgreSQL","hnsw",0.950000,0.958500,0.953889,0.010000,true,"WITHIN_TOLERANCE",0.950000,10.477318,6.206600,47.631600,52.582600,951.549,100,1.000000,9.916935,6.537400,46.757400,52.448700,900,0.953889,10.539583,6.183600,48.060300,52.730300,33.495,66.860,207093760,207093760,1000000,49520640,11249,11204,10000,1000,10,10,1,5,true,"{""required"":false,""verified"":true,""driftThreshold"":0.0,""calibrationRecall"":null,""serialRecallSamples"":[],""concurrentRecallSamples"":[],""stateBefore"":{},""stateAfter"":{},""reason"":""Adapter has no mandatory drift audit""}","{""force_index_scan"":true,""ef_construction"":128,""metric"":""COSINE"",""m"":16,""dimension"":1024}","{""ef_search"":800}","{""queryVectorsSha256"":""d06cc81c1169e1a926fc69a835fabda560932d8834bd687893fe0da301c4cfa9"",""javaVersion"":""21.0.11"",""queryPartition"":{""evaluationQueries"":200,""method"":""query-type-stratified-sha256"",""calibrationQueries"":100,""evaluationIdsSha256"":""f856701d0c4b142b59ef1f22919e1e8f1c897145a9bdf88e6b18a59196a6ca25"",""calibrationIdsSha256"":""8b3e0cf00bea0503372f6e0e968ec87a831d597ac5132d0e7ae30ade95164508""},""os"":""Windows 11 10.0 amd64"",""documentVectorsSha256"":""cc23f095b88585453940e8fca998f8b16f9573361b0c83f021d7bb095ba9e4c6"",""availableProcessors"":16,""dockerServerVersion"":""29.7.2"",""queryDefinitionsSha256"":""e9e52e8cd2ce129bb91205fa1a08f2baf2d4ca8bd28fe9c42299eefdb99ada18"",""springBootVersion"":""4.1.1"",""cpu"":""AMD64 Family 25 Model 33 Stepping 0, AuthenticAMD"",""metric"":""COSINE"",""declaredVectorDbBudget"":{""memoryBytes"":8589934592,""cpuCores"":4.0},""containerLimits"":{""vector-postgres"":""cpuNano=4000000000,memoryBytes=8589934592,memorySwapBytes=8589934592""},""sourceOfTruth"":{""datasetSha256"":""cc23f095b88585453940e8fca998f8b16f9573361b0c83f021d7bb095ba9e4c6"",""documentCount"":200,""chunkCount"":10000,""synchronizedNow"":false},""physicalMemoryBytes"":51460743168}",2026-09-11T10:13:35.141755300Z
"T03",2,"pgvector","PostgreSQL","ivfflat",0.900000,0.913500,0.915556,0.010000,false,"CLOSEST_AVAILABLE",0.880000,5.667635,4.445500,13.963800,25.858300,1753.393,100,0.895000,6.728827,4.852200,22.148600,26.484900,900,0.915556,5.549725,4.416900,10.145400,25.732300,4.870,4.870,229008998,229008998,1000000,82010112,3036,2639,10000,1000,10,10,1,5,true,"{""required"":false,""verified"":true,""driftThreshold"":0.0,""calibrationRecall"":null,""serialRecallSamples"":[],""concurrentRecallSamples"":[],""stateBefore"":{},""stateAfter"":{},""reason"":""Adapter has no mandatory drift audit""}","{""metric"":""COSINE"",""lists"":10,""dimension"":1024,""force_index_scan"":true}","{""probes"":1}","{""cpu"":""AMD64 Family 25 Model 33 Stepping 0, AuthenticAMD"",""metric"":""COSINE"",""declaredVectorDbBudget"":{""cpuCores"":4.0,""memoryBytes"":8589934592},""containerLimits"":{""vector-postgres"":""cpuNano=4000000000,memoryBytes=8589934592,memorySwapBytes=8589934592""},""sourceOfTruth"":{""datasetSha256"":""cc23f095b88585453940e8fca998f8b16f9573361b0c83f021d7bb095ba9e4c6"",""documentCount"":200,""chunkCount"":10000,""synchronizedNow"":false},""physicalMemoryBytes"":51460743168,""queryVectorsSha256"":""d06cc81c1169e1a926fc69a835fabda560932d8834bd687893fe0da301c4cfa9"",""javaVersion"":""21.0.11"",""queryPartition"":{""calibrationIdsSha256"":""8b3e0cf00bea0503372f6e0e968ec87a831d597ac5132d0e7ae30ade95164508"",""evaluationQueries"":200,""method"":""query-type-stratified-sha256"",""calibrationQueries"":100,""evaluationIdsSha256"":""f856701d0c4b142b59ef1f22919e1e8f1c897145a9bdf88e6b18a59196a6ca25""},""os"":""Windows 11 10.0 amd64"",""documentVectorsSha256"":""cc23f095b88585453940e8fca998f8b16f9573361b0c83f021d7bb095ba9e4c6"",""availableProcessors"":16,""queryDefinitionsSha256"":""e9e52e8cd2ce129bb91205fa1a08f2baf2d4ca8bd28fe9c42299eefdb99ada18"",""dockerServerVersion"":""29.7.2"",""springBootVersion"":""4.1.1""}",2026-09-11T10:14:01.827435900Z
"T04",2,"pgvector","PostgreSQL","ivfflat",0.950000,0.968500,0.971667,0.010000,false,"WITHIN_TOLERANCE",0.941111,8.506098,5.583800,40.249300,45.140700,1170.307,100,0.940000,9.037352,5.883300,39.101400,42.641400,900,0.971667,8.447069,5.548000,40.358100,45.303800,2.965,4.780,229952716,230057574,0,82010112,3036,2639,10000,1000,10,10,1,5,true,"{""required"":false,""verified"":true,""driftThreshold"":0.0,""calibrationRecall"":null,""serialRecallSamples"":[],""concurrentRecallSamples"":[],""stateBefore"":{},""stateAfter"":{},""reason"":""Adapter has no mandatory drift audit""}","{""metric"":""COSINE"",""lists"":10,""dimension"":1024,""force_index_scan"":true}","{""probes"":2}","{""cpu"":""AMD64 Family 25 Model 33 Stepping 0, AuthenticAMD"",""metric"":""COSINE"",""declaredVectorDbBudget"":{""cpuCores"":4.0,""memoryBytes"":8589934592},""containerLimits"":{""vector-postgres"":""cpuNano=4000000000,memoryBytes=8589934592,memorySwapBytes=8589934592""},""sourceOfTruth"":{""datasetSha256"":""cc23f095b88585453940e8fca998f8b16f9573361b0c83f021d7bb095ba9e4c6"",""documentCount"":200,""chunkCount"":10000,""synchronizedNow"":false},""physicalMemoryBytes"":51460743168,""queryVectorsSha256"":""d06cc81c1169e1a926fc69a835fabda560932d8834bd687893fe0da301c4cfa9"",""javaVersion"":""21.0.11"",""queryPartition"":{""calibrationIdsSha256"":""8b3e0cf00bea0503372f6e0e968ec87a831d597ac5132d0e7ae30ade95164508"",""evaluationQueries"":200,""method"":""query-type-stratified-sha256"",""calibrationQueries"":100,""evaluationIdsSha256"":""f856701d0c4b142b59ef1f22919e1e8f1c897145a9bdf88e6b18a59196a6ca25""},""os"":""Windows 11 10.0 amd64"",""documentVectorsSha256"":""cc23f095b88585453940e8fca998f8b16f9573361b0c83f021d7bb095ba9e4c6"",""availableProcessors"":16,""queryDefinitionsSha256"":""e9e52e8cd2ce129bb91205fa1a08f2baf2d4ca8bd28fe9c42299eefdb99ada18"",""dockerServerVersion"":""29.7.2"",""springBootVersion"":""4.1.1""}",2026-09-11T10:14:06.834707700Z
"T05",2,"qdrant","Native","hnsw",0.900000,0.892000,0.892778,0.010000,true,"WITHIN_TOLERANCE",0.905556,3.066035,2.830400,4.917900,6.964400,3234.641,100,0.885000,3.211779,2.913200,5.262100,6.912600,900,0.892778,3.049841,2.825000,4.829200,6.964400,0.150,0.150,112092774,112092774,0,-1,10663,3410,10000,1000,10,10,1,5,true,"{""required"":false,""verified"":true,""driftThreshold"":0.0,""calibrationRecall"":null,""serialRecallSamples"":[],""concurrentRecallSamples"":[],""stateBefore"":{},""stateAfter"":{},""reason"":""Adapter has no mandatory drift audit""}","{""ef_construct"":128,""m"":16,""payload_index_fields"":{""language"":""keyword"",""tenant_id"":""keyword"",""benchmark_selectivity_01"":""keyword"",""benchmark_selectivity_50"":""keyword"",""benchmark_selectivity_10"":""keyword"",""status"":""keyword"",""access_level"":""keyword"",""tenant"":""keyword"",""category"":""keyword""},""metric"":""COSINE"",""dimension"":1024,""indexing_threshold_kb"":10,""full_scan_threshold_kb"":10}","{""hnsw_ef"":10}","{""javaVersion"":""21.0.11"",""queryVectorsSha256"":""d06cc81c1169e1a926fc69a835fabda560932d8834bd687893fe0da301c4cfa9"",""physicalMemoryBytes"":51460743168,""sourceOfTruth"":{""datasetSha256"":""cc23f095b88585453940e8fca998f8b16f9573361b0c83f021d7bb095ba9e4c6"",""documentCount"":200,""chunkCount"":10000,""synchronizedNow"":false},""containerLimits"":{""vector-qdrant"":""cpuNano=4000000000,memoryBytes=8589934592,memorySwapBytes=8589934592""},""declaredVectorDbBudget"":{""cpuCores"":4.0,""memoryBytes"":8589934592},""cpu"":""AMD64 Family 25 Model 33 Stepping 0, AuthenticAMD"",""metric"":""COSINE"",""springBootVersion"":""4.1.1"",""dockerServerVersion"":""29.7.2"",""queryDefinitionsSha256"":""e9e52e8cd2ce129bb91205fa1a08f2baf2d4ca8bd28fe9c42299eefdb99ada18"",""availableProcessors"":16,""os"":""Windows 11 10.0 amd64"",""documentVectorsSha256"":""cc23f095b88585453940e8fca998f8b16f9573361b0c83f021d7bb095ba9e4c6"",""queryPartition"":{""calibrationIdsSha256"":""8b3e0cf00bea0503372f6e0e968ec87a831d597ac5132d0e7ae30ade95164508"",""evaluationIdsSha256"":""f856701d0c4b142b59ef1f22919e1e8f1c897145a9bdf88e6b18a59196a6ca25"",""calibrationQueries"":100,""method"":""query-type-stratified-sha256"",""evaluationQueries"":200}}",2026-09-11T10:14:36.250560500Z
"T06",2,"qdrant","Native","hnsw",0.950000,0.954500,0.952222,0.010000,true,"WITHIN_TOLERANCE",0.960000,3.486565,3.252700,5.179400,6.887100,2846.043,100,0.975000,3.602560,3.264400,5.629800,6.416400,900,0.952222,3.473677,3.247100,5.160900,6.887100,0.130,0.130,113141350,113141350,0,-1,10663,3410,10000,1000,10,10,1,5,true,"{""required"":false,""verified"":true,""driftThreshold"":0.0,""calibrationRecall"":null,""serialRecallSamples"":[],""concurrentRecallSamples"":[],""stateBefore"":{},""stateAfter"":{},""reason"":""Adapter has no mandatory drift audit""}","{""ef_construct"":128,""m"":16,""payload_index_fields"":{""language"":""keyword"",""tenant_id"":""keyword"",""benchmark_selectivity_01"":""keyword"",""benchmark_selectivity_50"":""keyword"",""benchmark_selectivity_10"":""keyword"",""status"":""keyword"",""access_level"":""keyword"",""tenant"":""keyword"",""category"":""keyword""},""metric"":""COSINE"",""dimension"":1024,""indexing_threshold_kb"":10,""full_scan_threshold_kb"":10}","{""hnsw_ef"":40}","{""javaVersion"":""21.0.11"",""queryVectorsSha256"":""d06cc81c1169e1a926fc69a835fabda560932d8834bd687893fe0da301c4cfa9"",""physicalMemoryBytes"":51460743168,""sourceOfTruth"":{""datasetSha256"":""cc23f095b88585453940e8fca998f8b16f9573361b0c83f021d7bb095ba9e4c6"",""documentCount"":200,""chunkCount"":10000,""synchronizedNow"":false},""containerLimits"":{""vector-qdrant"":""cpuNano=4000000000,memoryBytes=8589934592,memorySwapBytes=8589934592""},""declaredVectorDbBudget"":{""cpuCores"":4.0,""memoryBytes"":8589934592},""cpu"":""AMD64 Family 25 Model 33 Stepping 0, AuthenticAMD"",""metric"":""COSINE"",""springBootVersion"":""4.1.1"",""dockerServerVersion"":""29.7.2"",""queryDefinitionsSha256"":""e9e52e8cd2ce129bb91205fa1a08f2baf2d4ca8bd28fe9c42299eefdb99ada18"",""availableProcessors"":16,""os"":""Windows 11 10.0 amd64"",""documentVectorsSha256"":""cc23f095b88585453940e8fca998f8b16f9573361b0c83f021d7bb095ba9e4c6"",""queryPartition"":{""calibrationIdsSha256"":""8b3e0cf00bea0503372f6e0e968ec87a831d597ac5132d0e7ae30ade95164508"",""evaluationIdsSha256"":""f856701d0c4b142b59ef1f22919e1e8f1c897145a9bdf88e6b18a59196a6ca25"",""calibrationQueries"":100,""method"":""query-type-stratified-sha256"",""evaluationQueries"":200}}",2026-09-11T10:14:40.260218700Z
"T19",2,"milvus","Native","DISKANN",0.900000,0.914000,0.917778,0.010000,false,"CLOSEST_AVAILABLE",0.915556,12.200739,11.794100,17.157800,20.814300,814.792,100,0.880000,13.334617,13.058400,20.177000,26.651300,900,0.917778,12.074753,11.711500,16.253800,19.692200,54.680,96.230,666086931,666758020,8000,-1,48650,3960,10000,1000,10,10,1,5,true,"{""required"":true,""verified"":true,""driftThreshold"":0.05,""calibrationRecall"":0.9155555555555556,""serialRecallSamples"":[0.9155555555555556,0.9155555555555556,0.9155555555555556],""concurrentRecallSamples"":[0.9155555555555556,0.9155555555555556,0.9155555555555556],""stateBefore"":{""indexState"":[{""failReason"":"""",""fieldName"":""embedding"",""indexName"":""embedding_ann"",""indexParams"":[{""key"":""index_type"",""value"":""DISKANN""},{""key"":""metric_type"",""value"":""COSINE""}],""indexState"":""Finished"",""indexType"":""DISKANN"",""indexedRows"":10000,""indexoffsetcache.enabled"":"""",""maxIndexVersion"":8,""metricType"":""COSINE"",""minIndexVersion"":8,""mmap.enabled"":"""",""pendingRows"":0,""totalRows"":10000,""warmup"":""""}],""querySegments"":[{""collectionID"":469007517093775249,""indexID"":469007517093775255,""indexName"":""DISKANN"",""isSorted"":true,""level"":""L1"",""memSize"":0,""nodeIDs"":[47],""numOfRows"":10000,""partitionID"":469007517093775250,""segmentID"":469007517093976300,""state"":""Sealed""}],""loadState"":{""loadProgress"":100,""loadState"":""LoadStateLoaded""}},""stateAfter"":{""indexState"":[{""failReason"":"""",""fieldName"":""embedding"",""indexName"":""embedding_ann"",""indexParams"":[{""key"":""index_type"",""value"":""DISKANN""},{""key"":""metric_type"",""value"":""COSINE""}],""indexState"":""Finished"",""indexType"":""DISKANN"",""indexedRows"":10000,""indexoffsetcache.enabled"":"""",""maxIndexVersion"":8,""metricType"":""COSINE"",""minIndexVersion"":8,""mmap.enabled"":"""",""pendingRows"":0,""totalRows"":10000,""warmup"":""""}],""querySegments"":[{""collectionID"":469007517093775249,""indexID"":469007517093775255,""indexName"":""DISKANN"",""isSorted"":true,""level"":""L1"",""memSize"":0,""nodeIDs"":[47],""numOfRows"":10000,""partitionID"":469007517093775250,""segmentID"":469007517093976300,""state"":""Sealed""}],""loadState"":{""loadProgress"":100,""loadState"":""LoadStateLoaded""}},""reason"":""max calibration drift=0.000000, serial/concurrent median delta=0.000000, stateComplete=true""}","{""dimension"":1024,""metricType"":""COSINE""}","{""search_list"":80}","{""os"":""Windows 11 10.0 amd64"",""documentVectorsSha256"":""cc23f095b88585453940e8fca998f8b16f9573361b0c83f021d7bb095ba9e4c6"",""availableProcessors"":16,""dockerServerVersion"":""29.7.2"",""queryDefinitionsSha256"":""e9e52e8cd2ce129bb91205fa1a08f2baf2d4ca8bd28fe9c42299eefdb99ada18"",""springBootVersion"":""4.1.1"",""declaredVectorDbBudget"":{""cpuCores"":4.0,""memoryBytes"":8589934592},""cpu"":""AMD64 Family 25 Model 33 Stepping 0, AuthenticAMD"",""metric"":""COSINE"",""containerLimits"":{""vector-milvus"":""cpuNano=3000000000,memoryBytes=6979321856,memorySwapBytes=6979321856"",""vector-milvus-minio"":""cpuNano=500000000,memoryBytes=1073741824,memorySwapBytes=1073741824"",""vector-milvus-etcd"":""cpuNano=500000000,memoryBytes=536870912,memorySwapBytes=536870912""},""sourceOfTruth"":{""datasetSha256"":""cc23f095b88585453940e8fca998f8b16f9573361b0c83f021d7bb095ba9e4c6"",""documentCount"":200,""chunkCount"":10000,""synchronizedNow"":false},""physicalMemoryBytes"":51460743168,""queryVectorsSha256"":""d06cc81c1169e1a926fc69a835fabda560932d8834bd687893fe0da301c4cfa9"",""javaVersion"":""21.0.11"",""queryPartition"":{""calibrationQueries"":100,""evaluationIdsSha256"":""f856701d0c4b142b59ef1f22919e1e8f1c897145a9bdf88e6b18a59196a6ca25"",""calibrationIdsSha256"":""8b3e0cf00bea0503372f6e0e968ec87a831d597ac5132d0e7ae30ade95164508"",""evaluationQueries"":200,""method"":""query-type-stratified-sha256""}}",2026-09-11T10:16:31.818929300Z
"T20",2,"milvus","Native","DISKANN",0.950000,0.966000,0.967222,0.010000,false,"WITHIN_TOLERANCE",0.944444,19.477603,18.537200,26.122600,28.917700,510.609,100,0.955000,20.830556,21.677600,30.041600,31.235300,900,0.967222,19.327275,18.354000,25.209900,27.732400,75.070,218.610,658820299,659868875,2004000,-1,48650,3960,10000,1000,10,10,1,5,true,"{""required"":true,""verified"":true,""driftThreshold"":0.05,""calibrationRecall"":0.9444444444444444,""serialRecallSamples"":[0.9444444444444444,0.9444444444444444,0.9444444444444444],""concurrentRecallSamples"":[0.9444444444444444,0.9444444444444444,0.9444444444444444],""stateBefore"":{""indexState"":[{""failReason"":"""",""fieldName"":""embedding"",""indexName"":""embedding_ann"",""indexParams"":[{""key"":""index_type"",""value"":""DISKANN""},{""key"":""metric_type"",""value"":""COSINE""}],""indexState"":""Finished"",""indexType"":""DISKANN"",""indexedRows"":10000,""indexoffsetcache.enabled"":"""",""maxIndexVersion"":8,""metricType"":""COSINE"",""minIndexVersion"":8,""mmap.enabled"":"""",""pendingRows"":0,""totalRows"":10000,""warmup"":""""}],""querySegments"":[{""collectionID"":469007517093775249,""indexID"":469007517093775255,""indexName"":""DISKANN"",""isSorted"":true,""level"":""L1"",""memSize"":0,""nodeIDs"":[47],""numOfRows"":10000,""partitionID"":469007517093775250,""segmentID"":469007517093976300,""state"":""Sealed""}],""loadState"":{""loadProgress"":100,""loadState"":""LoadStateLoaded""}},""stateAfter"":{""indexState"":[{""failReason"":"""",""fieldName"":""embedding"",""indexName"":""embedding_ann"",""indexParams"":[{""key"":""index_type"",""value"":""DISKANN""},{""key"":""metric_type"",""value"":""COSINE""}],""indexState"":""Finished"",""indexType"":""DISKANN"",""indexedRows"":10000,""indexoffsetcache.enabled"":"""",""maxIndexVersion"":8,""metricType"":""COSINE"",""minIndexVersion"":8,""mmap.enabled"":"""",""pendingRows"":0,""totalRows"":10000,""warmup"":""""}],""querySegments"":[{""collectionID"":469007517093775249,""indexID"":469007517093775255,""indexName"":""DISKANN"",""isSorted"":true,""level"":""L1"",""memSize"":0,""nodeIDs"":[47],""numOfRows"":10000,""partitionID"":469007517093775250,""segmentID"":469007517093976300,""state"":""Sealed""}],""loadState"":{""loadProgress"":100,""loadState"":""LoadStateLoaded""}},""reason"":""max calibration drift=0.000000, serial/concurrent median delta=0.000000, stateComplete=true""}","{""dimension"":1024,""metricType"":""COSINE""}","{""search_list"":200}","{""os"":""Windows 11 10.0 amd64"",""documentVectorsSha256"":""cc23f095b88585453940e8fca998f8b16f9573361b0c83f021d7bb095ba9e4c6"",""availableProcessors"":16,""dockerServerVersion"":""29.7.2"",""queryDefinitionsSha256"":""e9e52e8cd2ce129bb91205fa1a08f2baf2d4ca8bd28fe9c42299eefdb99ada18"",""springBootVersion"":""4.1.1"",""declaredVectorDbBudget"":{""cpuCores"":4.0,""memoryBytes"":8589934592},""cpu"":""AMD64 Family 25 Model 33 Stepping 0, AuthenticAMD"",""metric"":""COSINE"",""containerLimits"":{""vector-milvus"":""cpuNano=3000000000,memoryBytes=6979321856,memorySwapBytes=6979321856"",""vector-milvus-minio"":""cpuNano=500000000,memoryBytes=1073741824,memorySwapBytes=1073741824"",""vector-milvus-etcd"":""cpuNano=500000000,memoryBytes=536870912,memorySwapBytes=536870912""},""sourceOfTruth"":{""datasetSha256"":""cc23f095b88585453940e8fca998f8b16f9573361b0c83f021d7bb095ba9e4c6"",""documentCount"":200,""chunkCount"":10000,""synchronizedNow"":false},""physicalMemoryBytes"":51460743168,""queryVectorsSha256"":""d06cc81c1169e1a926fc69a835fabda560932d8834bd687893fe0da301c4cfa9"",""javaVersion"":""21.0.11"",""queryPartition"":{""calibrationQueries"":100,""evaluationIdsSha256"":""f856701d0c4b142b59ef1f22919e1e8f1c897145a9bdf88e6b18a59196a6ca25"",""calibrationIdsSha256"":""8b3e0cf00bea0503372f6e0e968ec87a831d597ac5132d0e7ae30ade95164508"",""evaluationQueries"":200,""method"":""query-type-stratified-sha256""}}",2026-09-11T10:16:53.341897100Z
"T11",2,"milvus","Native","HNSW",0.900000,0.893500,0.886667,0.010000,false,"CLOSEST_AVAILABLE",0.914444,6.133790,4.812400,16.237900,30.667400,1619.769,100,0.955000,5.929423,4.864500,10.172100,31.391800,900,0.886667,6.156498,4.803100,19.011400,30.371500,4.870,4.870,757847816,757847816,4000,-1,47393,4030,10000,1000,10,10,1,5,true,"{""required"":true,""verified"":true,""driftThreshold"":0.05,""calibrationRecall"":0.9144444444444444,""serialRecallSamples"":[0.9144444444444444,0.9144444444444444,0.9144444444444444],""concurrentRecallSamples"":[0.9144444444444444,0.9144444444444444,0.9144444444444444],""stateBefore"":{""indexState"":[{""failReason"":"""",""fieldName"":""embedding"",""indexName"":""embedding_ann"",""indexParams"":[{""key"":""index_type"",""value"":""HNSW""},{""key"":""metric_type"",""value"":""COSINE""},{""key"":""params"",""value"":""{\""M\"":16,\""efConstruction\"":128}""}],""indexState"":""Finished"",""indexType"":""HNSW"",""indexedRows"":10000,""indexoffsetcache.enabled"":"""",""maxIndexVersion"":8,""metricType"":""COSINE"",""minIndexVersion"":8,""mmap.enabled"":"""",""pendingRows"":0,""totalRows"":10000,""warmup"":""""}],""loadState"":{""loadProgress"":100,""loadState"":""LoadStateLoaded""},""querySegments"":[{""collectionID"":469007552400902033,""indexID"":469007552400902039,""indexName"":""HNSW"",""isSorted"":true,""level"":""L1"",""memSize"":0,""nodeIDs"":[48],""numOfRows"":10000,""partitionID"":469007552400902034,""segmentID"":469007552401103084,""state"":""Sealed""}]},""stateAfter"":{""indexState"":[{""failReason"":"""",""fieldName"":""embedding"",""indexName"":""embedding_ann"",""indexParams"":[{""key"":""index_type"",""value"":""HNSW""},{""key"":""metric_type"",""value"":""COSINE""},{""key"":""params"",""value"":""{\""M\"":16,\""efConstruction\"":128}""}],""indexState"":""Finished"",""indexType"":""HNSW"",""indexedRows"":10000,""indexoffsetcache.enabled"":"""",""maxIndexVersion"":8,""metricType"":""COSINE"",""minIndexVersion"":8,""mmap.enabled"":"""",""pendingRows"":0,""totalRows"":10000,""warmup"":""""}],""loadState"":{""loadProgress"":100,""loadState"":""LoadStateLoaded""},""querySegments"":[{""collectionID"":469007552400902033,""indexID"":469007552400902039,""indexName"":""HNSW"",""isSorted"":true,""level"":""L1"",""memSize"":0,""nodeIDs"":[48],""numOfRows"":10000,""partitionID"":469007552400902034,""segmentID"":469007552401103084,""state"":""Sealed""}]},""reason"":""max calibration drift=0.000000, serial/concurrent median delta=0.000000, stateComplete=true""}","{""dimension"":1024,""M"":16,""metricType"":""COSINE"",""efConstruction"":128}","{""ef"":40}","{""queryVectorsSha256"":""d06cc81c1169e1a926fc69a835fabda560932d8834bd687893fe0da301c4cfa9"",""physicalMemoryBytes"":51460743168,""sourceOfTruth"":{""datasetSha256"":""cc23f095b88585453940e8fca998f8b16f9573361b0c83f021d7bb095ba9e4c6"",""documentCount"":200,""chunkCount"":10000,""synchronizedNow"":false},""containerLimits"":{""vector-milvus-minio"":""cpuNano=500000000,memoryBytes=1073741824,memorySwapBytes=1073741824"",""vector-milvus"":""cpuNano=3000000000,memoryBytes=6979321856,memorySwapBytes=6979321856"",""vector-milvus-etcd"":""cpuNano=500000000,memoryBytes=536870912,memorySwapBytes=536870912""},""metric"":""COSINE"",""declaredVectorDbBudget"":{""cpuCores"":4.0,""memoryBytes"":8589934592},""cpu"":""AMD64 Family 25 Model 33 Stepping 0, AuthenticAMD"",""springBootVersion"":""4.1.1"",""dockerServerVersion"":""29.7.2"",""queryDefinitionsSha256"":""e9e52e8cd2ce129bb91205fa1a08f2baf2d4ca8bd28fe9c42299eefdb99ada18"",""availableProcessors"":16,""os"":""Windows 11 10.0 amd64"",""documentVectorsSha256"":""cc23f095b88585453940e8fca998f8b16f9573361b0c83f021d7bb095ba9e4c6"",""queryPartition"":{""calibrationIdsSha256"":""8b3e0cf00bea0503372f6e0e968ec87a831d597ac5132d0e7ae30ade95164508"",""evaluationIdsSha256"":""f856701d0c4b142b59ef1f22919e1e8f1c897145a9bdf88e6b18a59196a6ca25"",""calibrationQueries"":100,""method"":""query-type-stratified-sha256"",""evaluationQueries"":200},""javaVersion"":""21.0.11""}",2026-09-11T10:18:24.568757700Z
"T12",2,"milvus","Native","HNSW",0.950000,0.954500,0.952222,0.010000,true,"CLOSEST_AVAILABLE",0.963333,6.060216,4.812500,19.128600,24.619700,1638.072,100,0.975000,6.253051,5.036100,20.651100,23.445900,900,0.952222,6.038790,4.797200,18.921500,24.690200,4.010,4.010,763594013,763594013,8000,-1,47393,4030,10000,1000,10,10,1,5,true,"{""required"":true,""verified"":true,""driftThreshold"":0.05,""calibrationRecall"":0.9633333333333334,""serialRecallSamples"":[0.9633333333333334,0.9633333333333334,0.9633333333333334],""concurrentRecallSamples"":[0.9633333333333334,0.9633333333333334,0.9633333333333334],""stateBefore"":{""indexState"":[{""failReason"":"""",""fieldName"":""embedding"",""indexName"":""embedding_ann"",""indexParams"":[{""key"":""index_type"",""value"":""HNSW""},{""key"":""metric_type"",""value"":""COSINE""},{""key"":""params"",""value"":""{\""M\"":16,\""efConstruction\"":128}""}],""indexState"":""Finished"",""indexType"":""HNSW"",""indexedRows"":10000,""indexoffsetcache.enabled"":"""",""maxIndexVersion"":8,""metricType"":""COSINE"",""minIndexVersion"":8,""mmap.enabled"":"""",""pendingRows"":0,""totalRows"":10000,""warmup"":""""}],""loadState"":{""loadProgress"":100,""loadState"":""LoadStateLoaded""},""querySegments"":[{""collectionID"":469007552400902033,""indexID"":469007552400902039,""indexName"":""HNSW"",""isSorted"":true,""level"":""L1"",""memSize"":0,""nodeIDs"":[48],""numOfRows"":10000,""partitionID"":469007552400902034,""segmentID"":469007552401103084,""state"":""Sealed""}]},""stateAfter"":{""indexState"":[{""failReason"":"""",""fieldName"":""embedding"",""indexName"":""embedding_ann"",""indexParams"":[{""key"":""index_type"",""value"":""HNSW""},{""key"":""metric_type"",""value"":""COSINE""},{""key"":""params"",""value"":""{\""M\"":16,\""efConstruction\"":128}""}],""indexState"":""Finished"",""indexType"":""HNSW"",""indexedRows"":10000,""indexoffsetcache.enabled"":"""",""maxIndexVersion"":8,""metricType"":""COSINE"",""minIndexVersion"":8,""mmap.enabled"":"""",""pendingRows"":0,""totalRows"":10000,""warmup"":""""}],""loadState"":{""loadProgress"":100,""loadState"":""LoadStateLoaded""},""querySegments"":[{""collectionID"":469007552400902033,""indexID"":469007552400902039,""indexName"":""HNSW"",""isSorted"":true,""level"":""L1"",""memSize"":0,""nodeIDs"":[48],""numOfRows"":10000,""partitionID"":469007552400902034,""segmentID"":469007552401103084,""state"":""Sealed""}]},""reason"":""max calibration drift=0.000000, serial/concurrent median delta=0.000000, stateComplete=true""}","{""dimension"":1024,""M"":16,""metricType"":""COSINE"",""efConstruction"":128}","{""ef"":80}","{""queryVectorsSha256"":""d06cc81c1169e1a926fc69a835fabda560932d8834bd687893fe0da301c4cfa9"",""physicalMemoryBytes"":51460743168,""sourceOfTruth"":{""datasetSha256"":""cc23f095b88585453940e8fca998f8b16f9573361b0c83f021d7bb095ba9e4c6"",""documentCount"":200,""chunkCount"":10000,""synchronizedNow"":false},""containerLimits"":{""vector-milvus-minio"":""cpuNano=500000000,memoryBytes=1073741824,memorySwapBytes=1073741824"",""vector-milvus"":""cpuNano=3000000000,memoryBytes=6979321856,memorySwapBytes=6979321856"",""vector-milvus-etcd"":""cpuNano=500000000,memoryBytes=536870912,memorySwapBytes=536870912""},""metric"":""COSINE"",""declaredVectorDbBudget"":{""cpuCores"":4.0,""memoryBytes"":8589934592},""cpu"":""AMD64 Family 25 Model 33 Stepping 0, AuthenticAMD"",""springBootVersion"":""4.1.1"",""dockerServerVersion"":""29.7.2"",""queryDefinitionsSha256"":""e9e52e8cd2ce129bb91205fa1a08f2baf2d4ca8bd28fe9c42299eefdb99ada18"",""availableProcessors"":16,""os"":""Windows 11 10.0 amd64"",""documentVectorsSha256"":""cc23f095b88585453940e8fca998f8b16f9573361b0c83f021d7bb095ba9e4c6"",""queryPartition"":{""calibrationIdsSha256"":""8b3e0cf00bea0503372f6e0e968ec87a831d597ac5132d0e7ae30ade95164508"",""evaluationIdsSha256"":""f856701d0c4b142b59ef1f22919e1e8f1c897145a9bdf88e6b18a59196a6ca25"",""calibrationQueries"":100,""method"":""query-type-stratified-sha256"",""evaluationQueries"":200},""javaVersion"":""21.0.11""}",2026-09-11T10:18:32.614159100Z
"T13",2,"milvus","Native","IVF_FLAT",0.900000,0.915000,0.912222,0.010000,false,"CLOSEST_AVAILABLE",0.915556,7.483999,5.339800,27.702700,34.639400,1326.927,100,0.940000,12.869936,9.075900,35.817100,38.114800,900,0.912222,6.885561,5.105100,23.088000,33.065200,3.140,3.140,775579237,775579237,0,-1,17619,3907,10000,1000,10,10,1,5,true,"{""required"":true,""verified"":true,""driftThreshold"":0.05,""calibrationRecall"":0.9155555555555556,""serialRecallSamples"":[0.9155555555555556,0.9155555555555556,0.9155555555555556],""concurrentRecallSamples"":[0.9155555555555556,0.9155555555555556,0.9155555555555556],""stateBefore"":{""loadState"":{""loadProgress"":100,""loadState"":""LoadStateLoaded""},""querySegments"":[{""collectionID"":469007578467140672,""indexID"":469007578467140678,""indexName"":""IVF_FLAT"",""isSorted"":true,""level"":""L1"",""memSize"":0,""nodeIDs"":[49],""numOfRows"":10000,""partitionID"":469007578467140673,""segmentID"":469007578467341723,""state"":""Sealed""}],""indexState"":[{""failReason"":"""",""fieldName"":""embedding"",""indexName"":""embedding_ann"",""indexParams"":[{""key"":""index_type"",""value"":""IVF_FLAT""},{""key"":""metric_type"",""value"":""COSINE""},{""key"":""params"",""value"":""{\""nlist\"":128}""}],""indexState"":""Finished"",""indexType"":""IVF_FLAT"",""indexedRows"":10000,""indexoffsetcache.enabled"":"""",""maxIndexVersion"":8,""metricType"":""COSINE"",""minIndexVersion"":8,""mmap.enabled"":"""",""pendingRows"":0,""totalRows"":10000,""warmup"":""""}]},""stateAfter"":{""loadState"":{""loadProgress"":100,""loadState"":""LoadStateLoaded""},""querySegments"":[{""collectionID"":469007578467140672,""indexID"":469007578467140678,""indexName"":""IVF_FLAT"",""isSorted"":true,""level"":""L1"",""memSize"":0,""nodeIDs"":[49],""numOfRows"":10000,""partitionID"":469007578467140673,""segmentID"":469007578467341723,""state"":""Sealed""}],""indexState"":[{""failReason"":"""",""fieldName"":""embedding"",""indexName"":""embedding_ann"",""indexParams"":[{""key"":""index_type"",""value"":""IVF_FLAT""},{""key"":""metric_type"",""value"":""COSINE""},{""key"":""params"",""value"":""{\""nlist\"":128}""}],""indexState"":""Finished"",""indexType"":""IVF_FLAT"",""indexedRows"":10000,""indexoffsetcache.enabled"":"""",""maxIndexVersion"":8,""metricType"":""COSINE"",""minIndexVersion"":8,""mmap.enabled"":"""",""pendingRows"":0,""totalRows"":10000,""warmup"":""""}]},""reason"":""max calibration drift=0.000000, serial/concurrent median delta=0.000000, stateComplete=true""}","{""metricType"":""COSINE"",""dimension"":1024,""nlist"":128}","{""nprobe"":4}","{""sourceOfTruth"":{""datasetSha256"":""cc23f095b88585453940e8fca998f8b16f9573361b0c83f021d7bb095ba9e4c6"",""documentCount"":200,""chunkCount"":10000,""synchronizedNow"":false},""containerLimits"":{""vector-milvus-minio"":""cpuNano=500000000,memoryBytes=1073741824,memorySwapBytes=1073741824"",""vector-milvus"":""cpuNano=3000000000,memoryBytes=6979321856,memorySwapBytes=6979321856"",""vector-milvus-etcd"":""cpuNano=500000000,memoryBytes=536870912,memorySwapBytes=536870912""},""cpu"":""AMD64 Family 25 Model 33 Stepping 0, AuthenticAMD"",""metric"":""COSINE"",""declaredVectorDbBudget"":{""memoryBytes"":8589934592,""cpuCores"":4.0},""springBootVersion"":""4.1.1"",""dockerServerVersion"":""29.7.2"",""queryDefinitionsSha256"":""e9e52e8cd2ce129bb91205fa1a08f2baf2d4ca8bd28fe9c42299eefdb99ada18"",""availableProcessors"":16,""os"":""Windows 11 10.0 amd64"",""documentVectorsSha256"":""cc23f095b88585453940e8fca998f8b16f9573361b0c83f021d7bb095ba9e4c6"",""queryPartition"":{""evaluationIdsSha256"":""f856701d0c4b142b59ef1f22919e1e8f1c897145a9bdf88e6b18a59196a6ca25"",""calibrationQueries"":100,""method"":""query-type-stratified-sha256"",""evaluationQueries"":200,""calibrationIdsSha256"":""8b3e0cf00bea0503372f6e0e968ec87a831d597ac5132d0e7ae30ade95164508""},""javaVersion"":""21.0.11"",""queryVectorsSha256"":""d06cc81c1169e1a926fc69a835fabda560932d8834bd687893fe0da301c4cfa9"",""physicalMemoryBytes"":51460743168}",2026-09-11T10:19:35.748754200Z
"T14",2,"milvus","Native","IVF_FLAT",0.950000,0.957000,0.955556,0.010000,true,"WITHIN_TOLERANCE",0.954444,7.624269,5.099100,33.846600,39.526200,1300.902,100,0.970000,14.658839,8.238200,39.844500,46.236800,900,0.955556,6.842650,4.901200,32.045000,36.501500,3.240,3.240,614318734,614318734,4000,-1,17619,3907,10000,1000,10,10,1,5,true,"{""required"":true,""verified"":true,""driftThreshold"":0.05,""calibrationRecall"":0.9544444444444444,""serialRecallSamples"":[0.9544444444444444,0.9544444444444444,0.9544444444444444],""concurrentRecallSamples"":[0.9544444444444444,0.9544444444444444,0.9544444444444444],""stateBefore"":{""loadState"":{""loadProgress"":100,""loadState"":""LoadStateLoaded""},""querySegments"":[{""collectionID"":469007578467140672,""indexID"":469007578467140678,""indexName"":""IVF_FLAT"",""isSorted"":true,""level"":""L1"",""memSize"":0,""nodeIDs"":[49],""numOfRows"":10000,""partitionID"":469007578467140673,""segmentID"":469007578467341723,""state"":""Sealed""}],""indexState"":[{""failReason"":"""",""fieldName"":""embedding"",""indexName"":""embedding_ann"",""indexParams"":[{""key"":""index_type"",""value"":""IVF_FLAT""},{""key"":""metric_type"",""value"":""COSINE""},{""key"":""params"",""value"":""{\""nlist\"":128}""}],""indexState"":""Finished"",""indexType"":""IVF_FLAT"",""indexedRows"":10000,""indexoffsetcache.enabled"":"""",""maxIndexVersion"":8,""metricType"":""COSINE"",""minIndexVersion"":8,""mmap.enabled"":"""",""pendingRows"":0,""totalRows"":10000,""warmup"":""""}]},""stateAfter"":{""loadState"":{""loadProgress"":100,""loadState"":""LoadStateLoaded""},""querySegments"":[{""collectionID"":469007578467140672,""indexID"":469007578467140678,""indexName"":""IVF_FLAT"",""isSorted"":true,""level"":""L1"",""memSize"":0,""nodeIDs"":[49],""numOfRows"":10000,""partitionID"":469007578467140673,""segmentID"":469007578467341723,""state"":""Sealed""}],""indexState"":[{""failReason"":"""",""fieldName"":""embedding"",""indexName"":""embedding_ann"",""indexParams"":[{""key"":""index_type"",""value"":""IVF_FLAT""},{""key"":""metric_type"",""value"":""COSINE""},{""key"":""params"",""value"":""{\""nlist\"":128}""}],""indexState"":""Finished"",""indexType"":""IVF_FLAT"",""indexedRows"":10000,""indexoffsetcache.enabled"":"""",""maxIndexVersion"":8,""metricType"":""COSINE"",""minIndexVersion"":8,""mmap.enabled"":"""",""pendingRows"":0,""totalRows"":10000,""warmup"":""""}]},""reason"":""max calibration drift=0.000000, serial/concurrent median delta=0.000000, stateComplete=true""}","{""metricType"":""COSINE"",""dimension"":1024,""nlist"":128}","{""nprobe"":8}","{""sourceOfTruth"":{""datasetSha256"":""cc23f095b88585453940e8fca998f8b16f9573361b0c83f021d7bb095ba9e4c6"",""documentCount"":200,""chunkCount"":10000,""synchronizedNow"":false},""containerLimits"":{""vector-milvus-minio"":""cpuNano=500000000,memoryBytes=1073741824,memorySwapBytes=1073741824"",""vector-milvus"":""cpuNano=3000000000,memoryBytes=6979321856,memorySwapBytes=6979321856"",""vector-milvus-etcd"":""cpuNano=500000000,memoryBytes=536870912,memorySwapBytes=536870912""},""cpu"":""AMD64 Family 25 Model 33 Stepping 0, AuthenticAMD"",""metric"":""COSINE"",""declaredVectorDbBudget"":{""memoryBytes"":8589934592,""cpuCores"":4.0},""springBootVersion"":""4.1.1"",""dockerServerVersion"":""29.7.2"",""queryDefinitionsSha256"":""e9e52e8cd2ce129bb91205fa1a08f2baf2d4ca8bd28fe9c42299eefdb99ada18"",""availableProcessors"":16,""os"":""Windows 11 10.0 amd64"",""documentVectorsSha256"":""cc23f095b88585453940e8fca998f8b16f9573361b0c83f021d7bb095ba9e4c6"",""queryPartition"":{""evaluationIdsSha256"":""f856701d0c4b142b59ef1f22919e1e8f1c897145a9bdf88e6b18a59196a6ca25"",""calibrationQueries"":100,""method"":""query-type-stratified-sha256"",""evaluationQueries"":200,""calibrationIdsSha256"":""8b3e0cf00bea0503372f6e0e968ec87a831d597ac5132d0e7ae30ade95164508""},""javaVersion"":""21.0.11"",""queryVectorsSha256"":""d06cc81c1169e1a926fc69a835fabda560932d8834bd687893fe0da301c4cfa9"",""physicalMemoryBytes"":51460743168}",2026-09-11T10:19:43.882762900Z
"T17",2,"milvus","Native","IVF_PQ",0.900000,0.623500,0.601111,0.010000,false,"CLOSEST_AVAILABLE",0.591111,7.294936,5.179000,26.002600,40.031100,1351.756,100,0.825000,14.340927,9.080100,39.300900,52.726700,900,0.601111,6.512048,4.964300,13.898000,36.135900,3.380,3.380,837487164,837487164,4000,-1,18550,3949,10000,1000,10,10,1,5,true,"{""required"":true,""verified"":true,""driftThreshold"":0.05,""calibrationRecall"":0.5911111111111111,""serialRecallSamples"":[0.5911111111111111,0.5911111111111111,0.5911111111111111],""concurrentRecallSamples"":[0.5911111111111111,0.5911111111111111,0.5911111111111111],""stateBefore"":{""loadState"":{""loadProgress"":100,""loadState"":""LoadStateLoaded""},""querySegments"":[{""collectionID"":469007597095929745,""indexID"":469007597095929751,""indexName"":""IVF_PQ"",""isSorted"":true,""level"":""L1"",""memSize"":0,""nodeIDs"":[50],""numOfRows"":10000,""partitionID"":469007597095929746,""segmentID"":469007597096130796,""state"":""Sealed""}],""indexState"":[{""failReason"":"""",""fieldName"":""embedding"",""indexName"":""embedding_ann"",""indexParams"":[{""key"":""index_type"",""value"":""IVF_PQ""},{""key"":""metric_type"",""value"":""COSINE""},{""key"":""params"",""value"":""{\""m\"":64,\""nbits\"":8,\""nlist\"":128}""}],""indexState"":""Finished"",""indexType"":""IVF_PQ"",""indexedRows"":10000,""indexoffsetcache.enabled"":"""",""maxIndexVersion"":8,""metricType"":""COSINE"",""minIndexVersion"":8,""mmap.enabled"":"""",""pendingRows"":0,""totalRows"":10000,""warmup"":""""}]},""stateAfter"":{""loadState"":{""loadProgress"":100,""loadState"":""LoadStateLoaded""},""querySegments"":[{""collectionID"":469007597095929745,""indexID"":469007597095929751,""indexName"":""IVF_PQ"",""isSorted"":true,""level"":""L1"",""memSize"":0,""nodeIDs"":[50],""numOfRows"":10000,""partitionID"":469007597095929746,""segmentID"":469007597096130796,""state"":""Sealed""}],""indexState"":[{""failReason"":"""",""fieldName"":""embedding"",""indexName"":""embedding_ann"",""indexParams"":[{""key"":""index_type"",""value"":""IVF_PQ""},{""key"":""metric_type"",""value"":""COSINE""},{""key"":""params"",""value"":""{\""m\"":64,\""nbits\"":8,\""nlist\"":128}""}],""indexState"":""Finished"",""indexType"":""IVF_PQ"",""indexedRows"":10000,""indexoffsetcache.enabled"":"""",""maxIndexVersion"":8,""metricType"":""COSINE"",""minIndexVersion"":8,""mmap.enabled"":"""",""pendingRows"":0,""totalRows"":10000,""warmup"":""""}]},""reason"":""max calibration drift=0.000000, serial/concurrent median delta=0.000000, stateComplete=true""}","{""metricType"":""COSINE"",""nlist"":128,""nbits"":8,""dimension"":1024,""m"":64}","{""nprobe"":8}","{""queryDefinitionsSha256"":""e9e52e8cd2ce129bb91205fa1a08f2baf2d4ca8bd28fe9c42299eefdb99ada18"",""dockerServerVersion"":""29.7.2"",""availableProcessors"":16,""os"":""Windows 11 10.0 amd64"",""documentVectorsSha256"":""cc23f095b88585453940e8fca998f8b16f9573361b0c83f021d7bb095ba9e4c6"",""queryPartition"":{""calibrationQueries"":100,""method"":""query-type-stratified-sha256"",""evaluationQueries"":200,""calibrationIdsSha256"":""8b3e0cf00bea0503372f6e0e968ec87a831d597ac5132d0e7ae30ade95164508"",""evaluationIdsSha256"":""f856701d0c4b142b59ef1f22919e1e8f1c897145a9bdf88e6b18a59196a6ca25""},""javaVersion"":""21.0.11"",""queryVectorsSha256"":""d06cc81c1169e1a926fc69a835fabda560932d8834bd687893fe0da301c4cfa9"",""physicalMemoryBytes"":51460743168,""sourceOfTruth"":{""datasetSha256"":""cc23f095b88585453940e8fca998f8b16f9573361b0c83f021d7bb095ba9e4c6"",""documentCount"":200,""chunkCount"":10000,""synchronizedNow"":false},""containerLimits"":{""vector-milvus"":""cpuNano=3000000000,memoryBytes=6979321856,memorySwapBytes=6979321856"",""vector-milvus-etcd"":""cpuNano=500000000,memoryBytes=536870912,memorySwapBytes=536870912"",""vector-milvus-minio"":""cpuNano=500000000,memoryBytes=1073741824,memorySwapBytes=1073741824""},""cpu"":""AMD64 Family 25 Model 33 Stepping 0, AuthenticAMD"",""metric"":""COSINE"",""declaredVectorDbBudget"":{""memoryBytes"":8589934592,""cpuCores"":4.0},""springBootVersion"":""4.1.1""}",2026-09-11T10:20:45.613735Z
"T18",2,"milvus","Native","IVF_PQ",0.950000,0.623500,0.601111,0.010000,false,"CLOSEST_AVAILABLE",0.591111,7.016227,4.816400,25.926200,41.513400,1418.222,100,0.825000,12.123796,7.966300,41.713300,48.044300,900,0.601111,6.448720,4.624800,23.281100,40.866200,4.440,4.440,595507280,595507280,4000,-1,18550,3949,10000,1000,10,10,1,5,true,"{""required"":true,""verified"":true,""driftThreshold"":0.05,""calibrationRecall"":0.5911111111111111,""serialRecallSamples"":[0.5911111111111111,0.5911111111111111,0.5911111111111111],""concurrentRecallSamples"":[0.5911111111111111,0.5911111111111111,0.5911111111111111],""stateBefore"":{""loadState"":{""loadProgress"":100,""loadState"":""LoadStateLoaded""},""querySegments"":[{""collectionID"":469007597095929745,""indexID"":469007597095929751,""indexName"":""IVF_PQ"",""isSorted"":true,""level"":""L1"",""memSize"":0,""nodeIDs"":[50],""numOfRows"":10000,""partitionID"":469007597095929746,""segmentID"":469007597096130796,""state"":""Sealed""}],""indexState"":[{""failReason"":"""",""fieldName"":""embedding"",""indexName"":""embedding_ann"",""indexParams"":[{""key"":""index_type"",""value"":""IVF_PQ""},{""key"":""metric_type"",""value"":""COSINE""},{""key"":""params"",""value"":""{\""m\"":64,\""nbits\"":8,\""nlist\"":128}""}],""indexState"":""Finished"",""indexType"":""IVF_PQ"",""indexedRows"":10000,""indexoffsetcache.enabled"":"""",""maxIndexVersion"":8,""metricType"":""COSINE"",""minIndexVersion"":8,""mmap.enabled"":"""",""pendingRows"":0,""totalRows"":10000,""warmup"":""""}]},""stateAfter"":{""loadState"":{""loadProgress"":100,""loadState"":""LoadStateLoaded""},""querySegments"":[{""collectionID"":469007597095929745,""indexID"":469007597095929751,""indexName"":""IVF_PQ"",""isSorted"":true,""level"":""L1"",""memSize"":0,""nodeIDs"":[50],""numOfRows"":10000,""partitionID"":469007597095929746,""segmentID"":469007597096130796,""state"":""Sealed""}],""indexState"":[{""failReason"":"""",""fieldName"":""embedding"",""indexName"":""embedding_ann"",""indexParams"":[{""key"":""index_type"",""value"":""IVF_PQ""},{""key"":""metric_type"",""value"":""COSINE""},{""key"":""params"",""value"":""{\""m\"":64,\""nbits\"":8,\""nlist\"":128}""}],""indexState"":""Finished"",""indexType"":""IVF_PQ"",""indexedRows"":10000,""indexoffsetcache.enabled"":"""",""maxIndexVersion"":8,""metricType"":""COSINE"",""minIndexVersion"":8,""mmap.enabled"":"""",""pendingRows"":0,""totalRows"":10000,""warmup"":""""}]},""reason"":""max calibration drift=0.000000, serial/concurrent median delta=0.000000, stateComplete=true""}","{""metricType"":""COSINE"",""nlist"":128,""nbits"":8,""dimension"":1024,""m"":64}","{""nprobe"":8}","{""queryDefinitionsSha256"":""e9e52e8cd2ce129bb91205fa1a08f2baf2d4ca8bd28fe9c42299eefdb99ada18"",""dockerServerVersion"":""29.7.2"",""availableProcessors"":16,""os"":""Windows 11 10.0 amd64"",""documentVectorsSha256"":""cc23f095b88585453940e8fca998f8b16f9573361b0c83f021d7bb095ba9e4c6"",""queryPartition"":{""calibrationQueries"":100,""method"":""query-type-stratified-sha256"",""evaluationQueries"":200,""calibrationIdsSha256"":""8b3e0cf00bea0503372f6e0e968ec87a831d597ac5132d0e7ae30ade95164508"",""evaluationIdsSha256"":""f856701d0c4b142b59ef1f22919e1e8f1c897145a9bdf88e6b18a59196a6ca25""},""javaVersion"":""21.0.11"",""queryVectorsSha256"":""d06cc81c1169e1a926fc69a835fabda560932d8834bd687893fe0da301c4cfa9"",""physicalMemoryBytes"":51460743168,""sourceOfTruth"":{""datasetSha256"":""cc23f095b88585453940e8fca998f8b16f9573361b0c83f021d7bb095ba9e4c6"",""documentCount"":200,""chunkCount"":10000,""synchronizedNow"":false},""containerLimits"":{""vector-milvus"":""cpuNano=3000000000,memoryBytes=6979321856,memorySwapBytes=6979321856"",""vector-milvus-etcd"":""cpuNano=500000000,memoryBytes=536870912,memorySwapBytes=536870912"",""vector-milvus-minio"":""cpuNano=500000000,memoryBytes=1073741824,memorySwapBytes=1073741824""},""cpu"":""AMD64 Family 25 Model 33 Stepping 0, AuthenticAMD"",""metric"":""COSINE"",""declaredVectorDbBudget"":{""memoryBytes"":8589934592,""cpuCores"":4.0},""springBootVersion"":""4.1.1""}",2026-09-11T10:20:53.744257Z
"T15",2,"milvus","Native","IVF_SQ8",0.900000,0.914000,0.911111,0.010000,false,"CLOSEST_AVAILABLE",0.914444,6.767855,5.042400,26.441100,32.168300,1465.094,100,0.940000,11.001001,8.192400,32.734900,32.964100,900,0.911111,6.297505,4.848700,25.380600,31.025300,4.250,4.250,761066946,761066946,4000,-1,17951,4089,10000,1000,10,10,1,5,true,"{""required"":true,""verified"":true,""driftThreshold"":0.05,""calibrationRecall"":0.9144444444444444,""serialRecallSamples"":[0.9144444444444444,0.9144444444444444,0.9144444444444444],""concurrentRecallSamples"":[0.9144444444444444,0.9144444444444444,0.9144444444444444],""stateBefore"":{""querySegments"":[{""collectionID"":469007615407212430,""indexID"":469007615407212436,""indexName"":""IVF_SQ8"",""isSorted"":true,""level"":""L1"",""memSize"":0,""nodeIDs"":[51],""numOfRows"":10000,""partitionID"":469007615407212431,""segmentID"":469007615407413482,""state"":""Sealed""}],""loadState"":{""loadProgress"":100,""loadState"":""LoadStateLoaded""},""indexState"":[{""failReason"":"""",""fieldName"":""embedding"",""indexName"":""embedding_ann"",""indexParams"":[{""key"":""index_type"",""value"":""IVF_SQ8""},{""key"":""metric_type"",""value"":""COSINE""},{""key"":""params"",""value"":""{\""nlist\"":128}""}],""indexState"":""Finished"",""indexType"":""IVF_SQ8"",""indexedRows"":10000,""indexoffsetcache.enabled"":"""",""maxIndexVersion"":8,""metricType"":""COSINE"",""minIndexVersion"":8,""mmap.enabled"":"""",""pendingRows"":0,""totalRows"":10000,""warmup"":""""}]},""stateAfter"":{""querySegments"":[{""collectionID"":469007615407212430,""indexID"":469007615407212436,""indexName"":""IVF_SQ8"",""isSorted"":true,""level"":""L1"",""memSize"":0,""nodeIDs"":[51],""numOfRows"":10000,""partitionID"":469007615407212431,""segmentID"":469007615407413482,""state"":""Sealed""}],""loadState"":{""loadProgress"":100,""loadState"":""LoadStateLoaded""},""indexState"":[{""failReason"":"""",""fieldName"":""embedding"",""indexName"":""embedding_ann"",""indexParams"":[{""key"":""index_type"",""value"":""IVF_SQ8""},{""key"":""metric_type"",""value"":""COSINE""},{""key"":""params"",""value"":""{\""nlist\"":128}""}],""indexState"":""Finished"",""indexType"":""IVF_SQ8"",""indexedRows"":10000,""indexoffsetcache.enabled"":"""",""maxIndexVersion"":8,""metricType"":""COSINE"",""minIndexVersion"":8,""mmap.enabled"":"""",""pendingRows"":0,""totalRows"":10000,""warmup"":""""}]},""reason"":""max calibration drift=0.000000, serial/concurrent median delta=0.000000, stateComplete=true""}","{""nlist"":128,""dimension"":1024,""metricType"":""COSINE""}","{""nprobe"":4}","{""queryVectorsSha256"":""d06cc81c1169e1a926fc69a835fabda560932d8834bd687893fe0da301c4cfa9"",""javaVersion"":""21.0.11"",""queryPartition"":{""evaluationQueries"":200,""method"":""query-type-stratified-sha256"",""calibrationQueries"":100,""evaluationIdsSha256"":""f856701d0c4b142b59ef1f22919e1e8f1c897145a9bdf88e6b18a59196a6ca25"",""calibrationIdsSha256"":""8b3e0cf00bea0503372f6e0e968ec87a831d597ac5132d0e7ae30ade95164508""},""os"":""Windows 11 10.0 amd64"",""documentVectorsSha256"":""cc23f095b88585453940e8fca998f8b16f9573361b0c83f021d7bb095ba9e4c6"",""availableProcessors"":16,""dockerServerVersion"":""29.7.2"",""queryDefinitionsSha256"":""e9e52e8cd2ce129bb91205fa1a08f2baf2d4ca8bd28fe9c42299eefdb99ada18"",""springBootVersion"":""4.1.1"",""metric"":""COSINE"",""declaredVectorDbBudget"":{""memoryBytes"":8589934592,""cpuCores"":4.0},""cpu"":""AMD64 Family 25 Model 33 Stepping 0, AuthenticAMD"",""containerLimits"":{""vector-milvus-etcd"":""cpuNano=500000000,memoryBytes=536870912,memorySwapBytes=536870912"",""vector-milvus"":""cpuNano=3000000000,memoryBytes=6979321856,memorySwapBytes=6979321856"",""vector-milvus-minio"":""cpuNano=500000000,memoryBytes=1073741824,memorySwapBytes=1073741824""},""sourceOfTruth"":{""datasetSha256"":""cc23f095b88585453940e8fca998f8b16f9573361b0c83f021d7bb095ba9e4c6"",""documentCount"":200,""chunkCount"":10000,""synchronizedNow"":false},""physicalMemoryBytes"":51460743168}",2026-09-11T10:21:55.024508100Z
"T16",2,"milvus","Native","IVF_SQ8",0.950000,0.956000,0.954444,0.010000,true,"WITHIN_TOLERANCE",0.953333,6.815730,5.065300,21.208300,33.407900,1458.260,100,0.970000,10.019574,8.061200,25.108000,33.407900,900,0.954444,6.459748,4.794500,21.025100,32.306300,4.060,4.060,560642129,560642129,104000,-1,17951,4089,10000,1000,10,10,1,5,true,"{""required"":true,""verified"":true,""driftThreshold"":0.05,""calibrationRecall"":0.9533333333333334,""serialRecallSamples"":[0.9533333333333334,0.9533333333333334,0.9533333333333334],""concurrentRecallSamples"":[0.9533333333333334,0.9533333333333334,0.9533333333333334],""stateBefore"":{""querySegments"":[{""collectionID"":469007615407212430,""indexID"":469007615407212436,""indexName"":""IVF_SQ8"",""isSorted"":true,""level"":""L1"",""memSize"":0,""nodeIDs"":[51],""numOfRows"":10000,""partitionID"":469007615407212431,""segmentID"":469007615407413482,""state"":""Sealed""}],""loadState"":{""loadProgress"":100,""loadState"":""LoadStateLoaded""},""indexState"":[{""failReason"":"""",""fieldName"":""embedding"",""indexName"":""embedding_ann"",""indexParams"":[{""key"":""index_type"",""value"":""IVF_SQ8""},{""key"":""metric_type"",""value"":""COSINE""},{""key"":""params"",""value"":""{\""nlist\"":128}""}],""indexState"":""Finished"",""indexType"":""IVF_SQ8"",""indexedRows"":10000,""indexoffsetcache.enabled"":"""",""maxIndexVersion"":8,""metricType"":""COSINE"",""minIndexVersion"":8,""mmap.enabled"":"""",""pendingRows"":0,""totalRows"":10000,""warmup"":""""}]},""stateAfter"":{""querySegments"":[{""collectionID"":469007615407212430,""indexID"":469007615407212436,""indexName"":""IVF_SQ8"",""isSorted"":true,""level"":""L1"",""memSize"":0,""nodeIDs"":[51],""numOfRows"":10000,""partitionID"":469007615407212431,""segmentID"":469007615407413482,""state"":""Sealed""}],""loadState"":{""loadProgress"":100,""loadState"":""LoadStateLoaded""},""indexState"":[{""failReason"":"""",""fieldName"":""embedding"",""indexName"":""embedding_ann"",""indexParams"":[{""key"":""index_type"",""value"":""IVF_SQ8""},{""key"":""metric_type"",""value"":""COSINE""},{""key"":""params"",""value"":""{\""nlist\"":128}""}],""indexState"":""Finished"",""indexType"":""IVF_SQ8"",""indexedRows"":10000,""indexoffsetcache.enabled"":"""",""maxIndexVersion"":8,""metricType"":""COSINE"",""minIndexVersion"":8,""mmap.enabled"":"""",""pendingRows"":0,""totalRows"":10000,""warmup"":""""}]},""reason"":""max calibration drift=0.000000, serial/concurrent median delta=0.000000, stateComplete=true""}","{""nlist"":128,""dimension"":1024,""metricType"":""COSINE""}","{""nprobe"":8}","{""queryVectorsSha256"":""d06cc81c1169e1a926fc69a835fabda560932d8834bd687893fe0da301c4cfa9"",""javaVersion"":""21.0.11"",""queryPartition"":{""evaluationQueries"":200,""method"":""query-type-stratified-sha256"",""calibrationQueries"":100,""evaluationIdsSha256"":""f856701d0c4b142b59ef1f22919e1e8f1c897145a9bdf88e6b18a59196a6ca25"",""calibrationIdsSha256"":""8b3e0cf00bea0503372f6e0e968ec87a831d597ac5132d0e7ae30ade95164508""},""os"":""Windows 11 10.0 amd64"",""documentVectorsSha256"":""cc23f095b88585453940e8fca998f8b16f9573361b0c83f021d7bb095ba9e4c6"",""availableProcessors"":16,""dockerServerVersion"":""29.7.2"",""queryDefinitionsSha256"":""e9e52e8cd2ce129bb91205fa1a08f2baf2d4ca8bd28fe9c42299eefdb99ada18"",""springBootVersion"":""4.1.1"",""metric"":""COSINE"",""declaredVectorDbBudget"":{""memoryBytes"":8589934592,""cpuCores"":4.0},""cpu"":""AMD64 Family 25 Model 33 Stepping 0, AuthenticAMD"",""containerLimits"":{""vector-milvus-etcd"":""cpuNano=500000000,memoryBytes=536870912,memorySwapBytes=536870912"",""vector-milvus"":""cpuNano=3000000000,memoryBytes=6979321856,memorySwapBytes=6979321856"",""vector-milvus-minio"":""cpuNano=500000000,memoryBytes=1073741824,memorySwapBytes=1073741824""},""sourceOfTruth"":{""datasetSha256"":""cc23f095b88585453940e8fca998f8b16f9573361b0c83f021d7bb095ba9e4c6"",""documentCount"":200,""chunkCount"":10000,""synchronizedNow"":false},""physicalMemoryBytes"":51460743168}",2026-09-11T10:22:03.077764600Z
"T19",3,"milvus","Native","DISKANN",0.900000,0.887500,0.882778,0.010000,false,"WITHIN_TOLERANCE",0.905556,11.892213,11.383800,16.435800,18.665200,836.614,100,0.930000,12.969045,13.245500,17.933900,23.930600,900,0.882778,11.772565,11.266100,15.983900,18.621700,46.820,85.920,676724734,682329373,8000,-1,48592,4052,10000,1000,10,10,1,5,true,"{""required"":true,""verified"":true,""driftThreshold"":0.05,""calibrationRecall"":0.9055555555555556,""serialRecallSamples"":[0.9055555555555556,0.9055555555555556,0.9055555555555556],""concurrentRecallSamples"":[0.9055555555555556,0.9055555555555556,0.9055555555555556],""stateBefore"":{""indexState"":[{""failReason"":"""",""fieldName"":""embedding"",""indexName"":""embedding_ann"",""indexParams"":[{""key"":""index_type"",""value"":""DISKANN""},{""key"":""metric_type"",""value"":""COSINE""}],""indexState"":""Finished"",""indexType"":""DISKANN"",""indexedRows"":10000,""indexoffsetcache.enabled"":"""",""maxIndexVersion"":8,""metricType"":""COSINE"",""minIndexVersion"":8,""mmap.enabled"":"""",""pendingRows"":0,""totalRows"":10000,""warmup"":""""}],""querySegments"":[{""collectionID"":469007633607608209,""indexID"":469007633607608215,""indexName"":""DISKANN"",""isSorted"":true,""level"":""L1"",""memSize"":0,""nodeIDs"":[52],""numOfRows"":10000,""partitionID"":469007633607608210,""segmentID"":469007633607809260,""state"":""Sealed""}],""loadState"":{""loadProgress"":100,""loadState"":""LoadStateLoaded""}},""stateAfter"":{""indexState"":[{""failReason"":"""",""fieldName"":""embedding"",""indexName"":""embedding_ann"",""indexParams"":[{""key"":""index_type"",""value"":""DISKANN""},{""key"":""metric_type"",""value"":""COSINE""}],""indexState"":""Finished"",""indexType"":""DISKANN"",""indexedRows"":10000,""indexoffsetcache.enabled"":"""",""maxIndexVersion"":8,""metricType"":""COSINE"",""minIndexVersion"":8,""mmap.enabled"":"""",""pendingRows"":0,""totalRows"":10000,""warmup"":""""}],""querySegments"":[{""collectionID"":469007633607608209,""indexID"":469007633607608215,""indexName"":""DISKANN"",""isSorted"":true,""level"":""L1"",""memSize"":0,""nodeIDs"":[52],""numOfRows"":10000,""partitionID"":469007633607608210,""segmentID"":469007633607809260,""state"":""Sealed""}],""loadState"":{""loadProgress"":100,""loadState"":""LoadStateLoaded""}},""reason"":""max calibration drift=0.000000, serial/concurrent median delta=0.000000, stateComplete=true""}","{""metricType"":""COSINE"",""dimension"":1024}","{""search_list"":80}","{""sourceOfTruth"":{""datasetSha256"":""cc23f095b88585453940e8fca998f8b16f9573361b0c83f021d7bb095ba9e4c6"",""documentCount"":200,""chunkCount"":10000,""synchronizedNow"":false},""physicalMemoryBytes"":51460743168,""queryVectorsSha256"":""d06cc81c1169e1a926fc69a835fabda560932d8834bd687893fe0da301c4cfa9"",""javaVersion"":""21.0.11"",""queryPartition"":{""calibrationIdsSha256"":""8b3e0cf00bea0503372f6e0e968ec87a831d597ac5132d0e7ae30ade95164508"",""evaluationQueries"":200,""method"":""query-type-stratified-sha256"",""calibrationQueries"":100,""evaluationIdsSha256"":""f856701d0c4b142b59ef1f22919e1e8f1c897145a9bdf88e6b18a59196a6ca25""},""os"":""Windows 11 10.0 amd64"",""documentVectorsSha256"":""cc23f095b88585453940e8fca998f8b16f9573361b0c83f021d7bb095ba9e4c6"",""availableProcessors"":16,""dockerServerVersion"":""29.7.2"",""queryDefinitionsSha256"":""e9e52e8cd2ce129bb91205fa1a08f2baf2d4ca8bd28fe9c42299eefdb99ada18"",""springBootVersion"":""4.1.1"",""cpu"":""AMD64 Family 25 Model 33 Stepping 0, AuthenticAMD"",""metric"":""COSINE"",""declaredVectorDbBudget"":{""memoryBytes"":8589934592,""cpuCores"":4.0},""containerLimits"":{""vector-milvus-etcd"":""cpuNano=500000000,memoryBytes=536870912,memorySwapBytes=536870912"",""vector-milvus"":""cpuNano=3000000000,memoryBytes=6979321856,memorySwapBytes=6979321856"",""vector-milvus-minio"":""cpuNano=500000000,memoryBytes=1073741824,memorySwapBytes=1073741824""}}",2026-09-11T10:23:55.622277100Z
"T20",3,"milvus","Native","DISKANN",0.950000,0.955500,0.951667,0.010000,true,"WITHIN_TOLERANCE",0.943333,33.400116,32.285700,44.156300,49.767700,297.677,100,0.990000,34.953423,35.388200,50.340300,51.366700,900,0.951667,33.227526,32.044100,42.911000,46.234900,87.797,179.270,670082006,670920867,2004000,-1,48592,4052,10000,1000,10,10,1,5,true,"{""required"":true,""verified"":true,""driftThreshold"":0.05,""calibrationRecall"":0.9433333333333334,""serialRecallSamples"":[0.9433333333333334,0.9433333333333334,0.9433333333333334],""concurrentRecallSamples"":[0.9433333333333334,0.9433333333333334,0.9433333333333334],""stateBefore"":{""indexState"":[{""failReason"":"""",""fieldName"":""embedding"",""indexName"":""embedding_ann"",""indexParams"":[{""key"":""index_type"",""value"":""DISKANN""},{""key"":""metric_type"",""value"":""COSINE""}],""indexState"":""Finished"",""indexType"":""DISKANN"",""indexedRows"":10000,""indexoffsetcache.enabled"":"""",""maxIndexVersion"":8,""metricType"":""COSINE"",""minIndexVersion"":8,""mmap.enabled"":"""",""pendingRows"":0,""totalRows"":10000,""warmup"":""""}],""querySegments"":[{""collectionID"":469007633607608209,""indexID"":469007633607608215,""indexName"":""DISKANN"",""isSorted"":true,""level"":""L1"",""memSize"":0,""nodeIDs"":[52],""numOfRows"":10000,""partitionID"":469007633607608210,""segmentID"":469007633607809260,""state"":""Sealed""}],""loadState"":{""loadProgress"":100,""loadState"":""LoadStateLoaded""}},""stateAfter"":{""indexState"":[{""failReason"":"""",""fieldName"":""embedding"",""indexName"":""embedding_ann"",""indexParams"":[{""key"":""index_type"",""value"":""DISKANN""},{""key"":""metric_type"",""value"":""COSINE""}],""indexState"":""Finished"",""indexType"":""DISKANN"",""indexedRows"":10000,""indexoffsetcache.enabled"":"""",""maxIndexVersion"":-2147483648,""metricType"":""COSINE"",""minIndexVersion"":2147483647,""mmap.enabled"":"""",""pendingRows"":10000,""totalRows"":10000,""warmup"":""""}],""querySegments"":[{""collectionID"":469007633607608209,""indexID"":469007633607608215,""indexName"":""DISKANN"",""isSorted"":true,""level"":""L1"",""memSize"":0,""nodeIDs"":[52],""numOfRows"":10000,""partitionID"":469007633607608210,""segmentID"":469007633607809260,""state"":""Sealed""}],""loadState"":{""loadProgress"":100,""loadState"":""LoadStateLoaded""}},""reason"":""max calibration drift=0.000000, serial/concurrent median delta=0.000000, stateComplete=true""}","{""metricType"":""COSINE"",""dimension"":1024}","{""search_list"":400}","{""sourceOfTruth"":{""datasetSha256"":""cc23f095b88585453940e8fca998f8b16f9573361b0c83f021d7bb095ba9e4c6"",""documentCount"":200,""chunkCount"":10000,""synchronizedNow"":false},""physicalMemoryBytes"":51460743168,""queryVectorsSha256"":""d06cc81c1169e1a926fc69a835fabda560932d8834bd687893fe0da301c4cfa9"",""javaVersion"":""21.0.11"",""queryPartition"":{""calibrationIdsSha256"":""8b3e0cf00bea0503372f6e0e968ec87a831d597ac5132d0e7ae30ade95164508"",""evaluationQueries"":200,""method"":""query-type-stratified-sha256"",""calibrationQueries"":100,""evaluationIdsSha256"":""f856701d0c4b142b59ef1f22919e1e8f1c897145a9bdf88e6b18a59196a6ca25""},""os"":""Windows 11 10.0 amd64"",""documentVectorsSha256"":""cc23f095b88585453940e8fca998f8b16f9573361b0c83f021d7bb095ba9e4c6"",""availableProcessors"":16,""dockerServerVersion"":""29.7.2"",""queryDefinitionsSha256"":""e9e52e8cd2ce129bb91205fa1a08f2baf2d4ca8bd28fe9c42299eefdb99ada18"",""springBootVersion"":""4.1.1"",""cpu"":""AMD64 Family 25 Model 33 Stepping 0, AuthenticAMD"",""metric"":""COSINE"",""declaredVectorDbBudget"":{""memoryBytes"":8589934592,""cpuCores"":4.0},""containerLimits"":{""vector-milvus-etcd"":""cpuNano=500000000,memoryBytes=536870912,memorySwapBytes=536870912"",""vector-milvus"":""cpuNano=3000000000,memoryBytes=6979321856,memorySwapBytes=6979321856"",""vector-milvus-minio"":""cpuNano=500000000,memoryBytes=1073741824,memorySwapBytes=1073741824""}}",2026-09-11T10:24:28.080925900Z
"T11",3,"milvus","Native","HNSW",0.900000,0.893500,0.886667,0.010000,false,"CLOSEST_AVAILABLE",0.914444,6.847331,5.180900,21.007800,37.032700,1453.158,100,0.955000,9.368573,7.902400,28.254300,40.851500,900,0.886667,6.567193,5.057700,19.079000,36.987900,4.020,4.020,745935993,745935993,0,-1,47421,4088,10000,1000,10,10,1,5,true,"{""required"":true,""verified"":true,""driftThreshold"":0.05,""calibrationRecall"":0.9144444444444444,""serialRecallSamples"":[0.9144444444444444,0.9144444444444444,0.9144444444444444],""concurrentRecallSamples"":[0.9144444444444444,0.9144444444444444,0.9144444444444444],""stateBefore"":{""loadState"":{""loadProgress"":100,""loadState"":""LoadStateLoaded""},""querySegments"":[{""collectionID"":469007671640982592,""indexID"":469007671640982598,""indexName"":""HNSW"",""isSorted"":true,""level"":""L1"",""memSize"":0,""nodeIDs"":[53],""numOfRows"":10000,""partitionID"":469007671640982593,""segmentID"":469007671641183644,""state"":""Sealed""}],""indexState"":[{""failReason"":"""",""fieldName"":""embedding"",""indexName"":""embedding_ann"",""indexParams"":[{""key"":""index_type"",""value"":""HNSW""},{""key"":""metric_type"",""value"":""COSINE""},{""key"":""params"",""value"":""{\""M\"":16,\""efConstruction\"":128}""}],""indexState"":""Finished"",""indexType"":""HNSW"",""indexedRows"":10000,""indexoffsetcache.enabled"":"""",""maxIndexVersion"":8,""metricType"":""COSINE"",""minIndexVersion"":8,""mmap.enabled"":"""",""pendingRows"":0,""totalRows"":10000,""warmup"":""""}]},""stateAfter"":{""loadState"":{""loadProgress"":100,""loadState"":""LoadStateLoaded""},""querySegments"":[{""collectionID"":469007671640982592,""indexID"":469007671640982598,""indexName"":""HNSW"",""isSorted"":true,""level"":""L1"",""memSize"":0,""nodeIDs"":[53],""numOfRows"":10000,""partitionID"":469007671640982593,""segmentID"":469007671641183644,""state"":""Sealed""}],""indexState"":[{""failReason"":"""",""fieldName"":""embedding"",""indexName"":""embedding_ann"",""indexParams"":[{""key"":""index_type"",""value"":""HNSW""},{""key"":""metric_type"",""value"":""COSINE""},{""key"":""params"",""value"":""{\""M\"":16,\""efConstruction\"":128}""}],""indexState"":""Finished"",""indexType"":""HNSW"",""indexedRows"":10000,""indexoffsetcache.enabled"":"""",""maxIndexVersion"":8,""metricType"":""COSINE"",""minIndexVersion"":8,""mmap.enabled"":"""",""pendingRows"":0,""totalRows"":10000,""warmup"":""""}]},""reason"":""max calibration drift=0.000000, serial/concurrent median delta=0.000000, stateComplete=true""}","{""dimension"":1024,""M"":16,""metricType"":""COSINE"",""efConstruction"":128}","{""ef"":40}","{""sourceOfTruth"":{""datasetSha256"":""cc23f095b88585453940e8fca998f8b16f9573361b0c83f021d7bb095ba9e4c6"",""documentCount"":200,""chunkCount"":10000,""synchronizedNow"":false},""containerLimits"":{""vector-milvus-minio"":""cpuNano=500000000,memoryBytes=1073741824,memorySwapBytes=1073741824"",""vector-milvus"":""cpuNano=3000000000,memoryBytes=6979321856,memorySwapBytes=6979321856"",""vector-milvus-etcd"":""cpuNano=500000000,memoryBytes=536870912,memorySwapBytes=536870912""},""cpu"":""AMD64 Family 25 Model 33 Stepping 0, AuthenticAMD"",""metric"":""COSINE"",""declaredVectorDbBudget"":{""memoryBytes"":8589934592,""cpuCores"":4.0},""springBootVersion"":""4.1.1"",""dockerServerVersion"":""29.7.2"",""queryDefinitionsSha256"":""e9e52e8cd2ce129bb91205fa1a08f2baf2d4ca8bd28fe9c42299eefdb99ada18"",""availableProcessors"":16,""os"":""Windows 11 10.0 amd64"",""documentVectorsSha256"":""cc23f095b88585453940e8fca998f8b16f9573361b0c83f021d7bb095ba9e4c6"",""queryPartition"":{""evaluationIdsSha256"":""f856701d0c4b142b59ef1f22919e1e8f1c897145a9bdf88e6b18a59196a6ca25"",""calibrationQueries"":100,""method"":""query-type-stratified-sha256"",""evaluationQueries"":200,""calibrationIdsSha256"":""8b3e0cf00bea0503372f6e0e968ec87a831d597ac5132d0e7ae30ade95164508""},""javaVersion"":""21.0.11"",""queryVectorsSha256"":""d06cc81c1169e1a926fc69a835fabda560932d8834bd687893fe0da301c4cfa9"",""physicalMemoryBytes"":51460743168}",2026-09-11T10:25:58.933842600Z
"T12",3,"milvus","Native","HNSW",0.950000,0.954500,0.952222,0.010000,true,"CLOSEST_AVAILABLE",0.963333,5.898327,4.663400,11.340900,27.932600,1687.837,100,0.975000,6.330872,4.648000,21.550900,26.213400,900,0.952222,5.850266,4.663400,10.842200,27.932600,7.510,7.510,683283578,683283578,4000,-1,47421,4088,10000,1000,10,10,1,5,true,"{""required"":true,""verified"":true,""driftThreshold"":0.05,""calibrationRecall"":0.9633333333333334,""serialRecallSamples"":[0.9633333333333334,0.9633333333333334,0.9633333333333334],""concurrentRecallSamples"":[0.9633333333333334,0.9633333333333334,0.9633333333333334],""stateBefore"":{""loadState"":{""loadProgress"":100,""loadState"":""LoadStateLoaded""},""querySegments"":[{""collectionID"":469007671640982592,""indexID"":469007671640982598,""indexName"":""HNSW"",""isSorted"":true,""level"":""L1"",""memSize"":0,""nodeIDs"":[53],""numOfRows"":10000,""partitionID"":469007671640982593,""segmentID"":469007671641183644,""state"":""Sealed""}],""indexState"":[{""failReason"":"""",""fieldName"":""embedding"",""indexName"":""embedding_ann"",""indexParams"":[{""key"":""index_type"",""value"":""HNSW""},{""key"":""metric_type"",""value"":""COSINE""},{""key"":""params"",""value"":""{\""M\"":16,\""efConstruction\"":128}""}],""indexState"":""Finished"",""indexType"":""HNSW"",""indexedRows"":10000,""indexoffsetcache.enabled"":"""",""maxIndexVersion"":8,""metricType"":""COSINE"",""minIndexVersion"":8,""mmap.enabled"":"""",""pendingRows"":0,""totalRows"":10000,""warmup"":""""}]},""stateAfter"":{""loadState"":{""loadProgress"":100,""loadState"":""LoadStateLoaded""},""querySegments"":[{""collectionID"":469007671640982592,""indexID"":469007671640982598,""indexName"":""HNSW"",""isSorted"":true,""level"":""L1"",""memSize"":0,""nodeIDs"":[53],""numOfRows"":10000,""partitionID"":469007671640982593,""segmentID"":469007671641183644,""state"":""Sealed""}],""indexState"":[{""failReason"":"""",""fieldName"":""embedding"",""indexName"":""embedding_ann"",""indexParams"":[{""key"":""index_type"",""value"":""HNSW""},{""key"":""metric_type"",""value"":""COSINE""},{""key"":""params"",""value"":""{\""M\"":16,\""efConstruction\"":128}""}],""indexState"":""Finished"",""indexType"":""HNSW"",""indexedRows"":10000,""indexoffsetcache.enabled"":"""",""maxIndexVersion"":8,""metricType"":""COSINE"",""minIndexVersion"":8,""mmap.enabled"":"""",""pendingRows"":0,""totalRows"":10000,""warmup"":""""}]},""reason"":""max calibration drift=0.000000, serial/concurrent median delta=0.000000, stateComplete=true""}","{""dimension"":1024,""M"":16,""metricType"":""COSINE"",""efConstruction"":128}","{""ef"":80}","{""sourceOfTruth"":{""datasetSha256"":""cc23f095b88585453940e8fca998f8b16f9573361b0c83f021d7bb095ba9e4c6"",""documentCount"":200,""chunkCount"":10000,""synchronizedNow"":false},""containerLimits"":{""vector-milvus-minio"":""cpuNano=500000000,memoryBytes=1073741824,memorySwapBytes=1073741824"",""vector-milvus"":""cpuNano=3000000000,memoryBytes=6979321856,memorySwapBytes=6979321856"",""vector-milvus-etcd"":""cpuNano=500000000,memoryBytes=536870912,memorySwapBytes=536870912""},""cpu"":""AMD64 Family 25 Model 33 Stepping 0, AuthenticAMD"",""metric"":""COSINE"",""declaredVectorDbBudget"":{""memoryBytes"":8589934592,""cpuCores"":4.0},""springBootVersion"":""4.1.1"",""dockerServerVersion"":""29.7.2"",""queryDefinitionsSha256"":""e9e52e8cd2ce129bb91205fa1a08f2baf2d4ca8bd28fe9c42299eefdb99ada18"",""availableProcessors"":16,""os"":""Windows 11 10.0 amd64"",""documentVectorsSha256"":""cc23f095b88585453940e8fca998f8b16f9573361b0c83f021d7bb095ba9e4c6"",""queryPartition"":{""evaluationIdsSha256"":""f856701d0c4b142b59ef1f22919e1e8f1c897145a9bdf88e6b18a59196a6ca25"",""calibrationQueries"":100,""method"":""query-type-stratified-sha256"",""evaluationQueries"":200,""calibrationIdsSha256"":""8b3e0cf00bea0503372f6e0e968ec87a831d597ac5132d0e7ae30ade95164508""},""javaVersion"":""21.0.11"",""queryVectorsSha256"":""d06cc81c1169e1a926fc69a835fabda560932d8834bd687893fe0da301c4cfa9"",""physicalMemoryBytes"":51460743168}",2026-09-11T10:26:06.962537500Z
"T13",3,"milvus","Native","IVF_FLAT",0.900000,0.915000,0.912222,0.010000,false,"CLOSEST_AVAILABLE",0.915556,7.037453,5.203300,23.553600,37.682900,1409.277,100,0.940000,10.191510,7.926400,30.595100,41.224400,900,0.912222,6.687002,4.983200,21.972100,35.844600,2.950,2.950,741437602,741437602,4000,-1,17384,3999,10000,1000,10,10,1,5,true,"{""required"":true,""verified"":true,""driftThreshold"":0.05,""calibrationRecall"":0.9155555555555556,""serialRecallSamples"":[0.9155555555555556,0.9155555555555556,0.9155555555555556],""concurrentRecallSamples"":[0.9155555555555556,0.9155555555555556,0.9155555555555556],""stateBefore"":{""indexState"":[{""failReason"":"""",""fieldName"":""embedding"",""indexName"":""embedding_ann"",""indexParams"":[{""key"":""index_type"",""value"":""IVF_FLAT""},{""key"":""metric_type"",""value"":""COSINE""},{""key"":""params"",""value"":""{\""nlist\"":128}""}],""indexState"":""Finished"",""indexType"":""IVF_FLAT"",""indexedRows"":10000,""indexoffsetcache.enabled"":"""",""maxIndexVersion"":8,""metricType"":""COSINE"",""minIndexVersion"":8,""mmap.enabled"":"""",""pendingRows"":0,""totalRows"":10000,""warmup"":""""}],""querySegments"":[{""collectionID"":469007697515119680,""indexID"":469007697515119686,""indexName"":""IVF_FLAT"",""isSorted"":true,""level"":""L1"",""memSize"":0,""nodeIDs"":[54],""numOfRows"":10000,""partitionID"":469007697515119681,""segmentID"":469007697515320731,""state"":""Sealed""}],""loadState"":{""loadProgress"":100,""loadState"":""LoadStateLoaded""}},""stateAfter"":{""indexState"":[{""failReason"":"""",""fieldName"":""embedding"",""indexName"":""embedding_ann"",""indexParams"":[{""key"":""index_type"",""value"":""IVF_FLAT""},{""key"":""metric_type"",""value"":""COSINE""},{""key"":""params"",""value"":""{\""nlist\"":128}""}],""indexState"":""Finished"",""indexType"":""IVF_FLAT"",""indexedRows"":10000,""indexoffsetcache.enabled"":"""",""maxIndexVersion"":8,""metricType"":""COSINE"",""minIndexVersion"":8,""mmap.enabled"":"""",""pendingRows"":0,""totalRows"":10000,""warmup"":""""}],""querySegments"":[{""collectionID"":469007697515119680,""indexID"":469007697515119686,""indexName"":""IVF_FLAT"",""isSorted"":true,""level"":""L1"",""memSize"":0,""nodeIDs"":[54],""numOfRows"":10000,""partitionID"":469007697515119681,""segmentID"":469007697515320731,""state"":""Sealed""}],""loadState"":{""loadProgress"":100,""loadState"":""LoadStateLoaded""}},""reason"":""max calibration drift=0.000000, serial/concurrent median delta=0.000000, stateComplete=true""}","{""nlist"":128,""dimension"":1024,""metricType"":""COSINE""}","{""nprobe"":4}","{""springBootVersion"":""4.1.1"",""cpu"":""AMD64 Family 25 Model 33 Stepping 0, AuthenticAMD"",""metric"":""COSINE"",""declaredVectorDbBudget"":{""cpuCores"":4.0,""memoryBytes"":8589934592},""containerLimits"":{""vector-milvus-etcd"":""cpuNano=500000000,memoryBytes=536870912,memorySwapBytes=536870912"",""vector-milvus"":""cpuNano=3000000000,memoryBytes=6979321856,memorySwapBytes=6979321856"",""vector-milvus-minio"":""cpuNano=500000000,memoryBytes=1073741824,memorySwapBytes=1073741824""},""sourceOfTruth"":{""datasetSha256"":""cc23f095b88585453940e8fca998f8b16f9573361b0c83f021d7bb095ba9e4c6"",""documentCount"":200,""chunkCount"":10000,""synchronizedNow"":false},""physicalMemoryBytes"":51460743168,""queryVectorsSha256"":""d06cc81c1169e1a926fc69a835fabda560932d8834bd687893fe0da301c4cfa9"",""javaVersion"":""21.0.11"",""queryPartition"":{""evaluationIdsSha256"":""f856701d0c4b142b59ef1f22919e1e8f1c897145a9bdf88e6b18a59196a6ca25"",""calibrationIdsSha256"":""8b3e0cf00bea0503372f6e0e968ec87a831d597ac5132d0e7ae30ade95164508"",""evaluationQueries"":200,""method"":""query-type-stratified-sha256"",""calibrationQueries"":100},""os"":""Windows 11 10.0 amd64"",""documentVectorsSha256"":""cc23f095b88585453940e8fca998f8b16f9573361b0c83f021d7bb095ba9e4c6"",""availableProcessors"":16,""queryDefinitionsSha256"":""e9e52e8cd2ce129bb91205fa1a08f2baf2d4ca8bd28fe9c42299eefdb99ada18"",""dockerServerVersion"":""29.7.2""}",2026-09-11T10:27:08.864150100Z
"T14",3,"milvus","Native","IVF_FLAT",0.950000,0.957000,0.955556,0.010000,true,"WITHIN_TOLERANCE",0.954444,6.900299,5.043700,27.264400,34.777100,1440.254,100,0.970000,11.192052,7.383100,34.710800,38.623800,900,0.955556,6.423437,4.813400,24.778100,34.249900,13.260,13.260,615933542,615933542,4000,-1,17384,3999,10000,1000,10,10,1,5,true,"{""required"":true,""verified"":true,""driftThreshold"":0.05,""calibrationRecall"":0.9544444444444444,""serialRecallSamples"":[0.9544444444444444,0.9544444444444444,0.9544444444444444],""concurrentRecallSamples"":[0.9544444444444444,0.9544444444444444,0.9544444444444444],""stateBefore"":{""indexState"":[{""failReason"":"""",""fieldName"":""embedding"",""indexName"":""embedding_ann"",""indexParams"":[{""key"":""index_type"",""value"":""IVF_FLAT""},{""key"":""metric_type"",""value"":""COSINE""},{""key"":""params"",""value"":""{\""nlist\"":128}""}],""indexState"":""Finished"",""indexType"":""IVF_FLAT"",""indexedRows"":10000,""indexoffsetcache.enabled"":"""",""maxIndexVersion"":8,""metricType"":""COSINE"",""minIndexVersion"":8,""mmap.enabled"":"""",""pendingRows"":0,""totalRows"":10000,""warmup"":""""}],""querySegments"":[{""collectionID"":469007697515119680,""indexID"":469007697515119686,""indexName"":""IVF_FLAT"",""isSorted"":true,""level"":""L1"",""memSize"":0,""nodeIDs"":[54],""numOfRows"":10000,""partitionID"":469007697515119681,""segmentID"":469007697515320731,""state"":""Sealed""}],""loadState"":{""loadProgress"":100,""loadState"":""LoadStateLoaded""}},""stateAfter"":{""indexState"":[{""failReason"":"""",""fieldName"":""embedding"",""indexName"":""embedding_ann"",""indexParams"":[{""key"":""index_type"",""value"":""IVF_FLAT""},{""key"":""metric_type"",""value"":""COSINE""},{""key"":""params"",""value"":""{\""nlist\"":128}""}],""indexState"":""Finished"",""indexType"":""IVF_FLAT"",""indexedRows"":10000,""indexoffsetcache.enabled"":"""",""maxIndexVersion"":8,""metricType"":""COSINE"",""minIndexVersion"":8,""mmap.enabled"":"""",""pendingRows"":0,""totalRows"":10000,""warmup"":""""}],""querySegments"":[{""collectionID"":469007697515119680,""indexID"":469007697515119686,""indexName"":""IVF_FLAT"",""isSorted"":true,""level"":""L1"",""memSize"":0,""nodeIDs"":[54],""numOfRows"":10000,""partitionID"":469007697515119681,""segmentID"":469007697515320731,""state"":""Sealed""}],""loadState"":{""loadProgress"":100,""loadState"":""LoadStateLoaded""}},""reason"":""max calibration drift=0.000000, serial/concurrent median delta=0.000000, stateComplete=true""}","{""nlist"":128,""dimension"":1024,""metricType"":""COSINE""}","{""nprobe"":8}","{""springBootVersion"":""4.1.1"",""cpu"":""AMD64 Family 25 Model 33 Stepping 0, AuthenticAMD"",""metric"":""COSINE"",""declaredVectorDbBudget"":{""cpuCores"":4.0,""memoryBytes"":8589934592},""containerLimits"":{""vector-milvus-etcd"":""cpuNano=500000000,memoryBytes=536870912,memorySwapBytes=536870912"",""vector-milvus"":""cpuNano=3000000000,memoryBytes=6979321856,memorySwapBytes=6979321856"",""vector-milvus-minio"":""cpuNano=500000000,memoryBytes=1073741824,memorySwapBytes=1073741824""},""sourceOfTruth"":{""datasetSha256"":""cc23f095b88585453940e8fca998f8b16f9573361b0c83f021d7bb095ba9e4c6"",""documentCount"":200,""chunkCount"":10000,""synchronizedNow"":false},""physicalMemoryBytes"":51460743168,""queryVectorsSha256"":""d06cc81c1169e1a926fc69a835fabda560932d8834bd687893fe0da301c4cfa9"",""javaVersion"":""21.0.11"",""queryPartition"":{""evaluationIdsSha256"":""f856701d0c4b142b59ef1f22919e1e8f1c897145a9bdf88e6b18a59196a6ca25"",""calibrationIdsSha256"":""8b3e0cf00bea0503372f6e0e968ec87a831d597ac5132d0e7ae30ade95164508"",""evaluationQueries"":200,""method"":""query-type-stratified-sha256"",""calibrationQueries"":100},""os"":""Windows 11 10.0 amd64"",""documentVectorsSha256"":""cc23f095b88585453940e8fca998f8b16f9573361b0c83f021d7bb095ba9e4c6"",""availableProcessors"":16,""queryDefinitionsSha256"":""e9e52e8cd2ce129bb91205fa1a08f2baf2d4ca8bd28fe9c42299eefdb99ada18"",""dockerServerVersion"":""29.7.2""}",2026-09-11T10:27:17.075709600Z
"T17",3,"milvus","Native","IVF_PQ",0.900000,0.623500,0.601111,0.010000,false,"CLOSEST_AVAILABLE",0.591111,6.696858,4.908800,26.622100,34.691700,1482.210,100,0.825000,8.619226,7.385500,12.729800,32.059500,900,0.601111,6.483262,4.781100,27.277800,34.702600,3.470,3.470,758906879,758906879,4000,-1,18503,4007,10000,1000,10,10,1,5,true,"{""required"":true,""verified"":true,""driftThreshold"":0.05,""calibrationRecall"":0.5911111111111111,""serialRecallSamples"":[0.5911111111111111,0.5911111111111111,0.5911111111111111],""concurrentRecallSamples"":[0.5911111111111111,0.5911111111111111,0.5911111111111111],""stateBefore"":{""indexState"":[{""failReason"":"""",""fieldName"":""embedding"",""indexName"":""embedding_ann"",""indexParams"":[{""key"":""index_type"",""value"":""IVF_PQ""},{""key"":""metric_type"",""value"":""COSINE""},{""key"":""params"",""value"":""{\""m\"":64,\""nbits\"":8,\""nlist\"":128}""}],""indexState"":""Finished"",""indexType"":""IVF_PQ"",""indexedRows"":10000,""indexoffsetcache.enabled"":"""",""maxIndexVersion"":8,""metricType"":""COSINE"",""minIndexVersion"":8,""mmap.enabled"":"""",""pendingRows"":0,""totalRows"":10000,""warmup"":""""}],""loadState"":{""loadProgress"":100,""loadState"":""LoadStateLoaded""},""querySegments"":[{""collectionID"":469007715903784849,""indexID"":469007715903784855,""indexName"":""IVF_PQ"",""isSorted"":true,""level"":""L1"",""memSize"":0,""nodeIDs"":[55],""numOfRows"":10000,""partitionID"":469007715903784850,""segmentID"":469007715903985900,""state"":""Sealed""}]},""stateAfter"":{""indexState"":[{""failReason"":"""",""fieldName"":""embedding"",""indexName"":""embedding_ann"",""indexParams"":[{""key"":""index_type"",""value"":""IVF_PQ""},{""key"":""metric_type"",""value"":""COSINE""},{""key"":""params"",""value"":""{\""m\"":64,\""nbits\"":8,\""nlist\"":128}""}],""indexState"":""Finished"",""indexType"":""IVF_PQ"",""indexedRows"":10000,""indexoffsetcache.enabled"":"""",""maxIndexVersion"":8,""metricType"":""COSINE"",""minIndexVersion"":8,""mmap.enabled"":"""",""pendingRows"":0,""totalRows"":10000,""warmup"":""""}],""loadState"":{""loadProgress"":100,""loadState"":""LoadStateLoaded""},""querySegments"":[{""collectionID"":469007715903784849,""indexID"":469007715903784855,""indexName"":""IVF_PQ"",""isSorted"":true,""level"":""L1"",""memSize"":0,""nodeIDs"":[55],""numOfRows"":10000,""partitionID"":469007715903784850,""segmentID"":469007715903985900,""state"":""Sealed""}]},""reason"":""max calibration drift=0.000000, serial/concurrent median delta=0.000000, stateComplete=true""}","{""dimension"":1024,""m"":64,""metricType"":""COSINE"",""nlist"":128,""nbits"":8}","{""nprobe"":8}","{""javaVersion"":""21.0.11"",""queryVectorsSha256"":""d06cc81c1169e1a926fc69a835fabda560932d8834bd687893fe0da301c4cfa9"",""physicalMemoryBytes"":51460743168,""sourceOfTruth"":{""datasetSha256"":""cc23f095b88585453940e8fca998f8b16f9573361b0c83f021d7bb095ba9e4c6"",""documentCount"":200,""chunkCount"":10000,""synchronizedNow"":false},""containerLimits"":{""vector-milvus-minio"":""cpuNano=500000000,memoryBytes=1073741824,memorySwapBytes=1073741824"",""vector-milvus"":""cpuNano=3000000000,memoryBytes=6979321856,memorySwapBytes=6979321856"",""vector-milvus-etcd"":""cpuNano=500000000,memoryBytes=536870912,memorySwapBytes=536870912""},""declaredVectorDbBudget"":{""cpuCores"":4.0,""memoryBytes"":8589934592},""cpu"":""AMD64 Family 25 Model 33 Stepping 0, AuthenticAMD"",""metric"":""COSINE"",""springBootVersion"":""4.1.1"",""dockerServerVersion"":""29.7.2"",""queryDefinitionsSha256"":""e9e52e8cd2ce129bb91205fa1a08f2baf2d4ca8bd28fe9c42299eefdb99ada18"",""availableProcessors"":16,""os"":""Windows 11 10.0 amd64"",""documentVectorsSha256"":""cc23f095b88585453940e8fca998f8b16f9573361b0c83f021d7bb095ba9e4c6"",""queryPartition"":{""calibrationIdsSha256"":""8b3e0cf00bea0503372f6e0e968ec87a831d597ac5132d0e7ae30ade95164508"",""evaluationIdsSha256"":""f856701d0c4b142b59ef1f22919e1e8f1c897145a9bdf88e6b18a59196a6ca25"",""calibrationQueries"":100,""method"":""query-type-stratified-sha256"",""evaluationQueries"":200}}",2026-09-11T10:28:18.769969Z
"T18",3,"milvus","Native","IVF_PQ",0.950000,0.623500,0.601111,0.010000,false,"CLOSEST_AVAILABLE",0.591111,6.888391,4.779200,25.347800,34.116700,1444.500,100,0.825000,9.272092,7.152400,25.081500,30.668700,900,0.601111,6.623535,4.600400,25.347800,34.133300,4.520,4.520,622780743,622780743,4000,-1,18503,4007,10000,1000,10,10,1,5,true,"{""required"":true,""verified"":true,""driftThreshold"":0.05,""calibrationRecall"":0.5911111111111111,""serialRecallSamples"":[0.5911111111111111,0.5911111111111111,0.5911111111111111],""concurrentRecallSamples"":[0.5911111111111111,0.5911111111111111,0.5911111111111111],""stateBefore"":{""indexState"":[{""failReason"":"""",""fieldName"":""embedding"",""indexName"":""embedding_ann"",""indexParams"":[{""key"":""index_type"",""value"":""IVF_PQ""},{""key"":""metric_type"",""value"":""COSINE""},{""key"":""params"",""value"":""{\""m\"":64,\""nbits\"":8,\""nlist\"":128}""}],""indexState"":""Finished"",""indexType"":""IVF_PQ"",""indexedRows"":10000,""indexoffsetcache.enabled"":"""",""maxIndexVersion"":8,""metricType"":""COSINE"",""minIndexVersion"":8,""mmap.enabled"":"""",""pendingRows"":0,""totalRows"":10000,""warmup"":""""}],""loadState"":{""loadProgress"":100,""loadState"":""LoadStateLoaded""},""querySegments"":[{""collectionID"":469007715903784849,""indexID"":469007715903784855,""indexName"":""IVF_PQ"",""isSorted"":true,""level"":""L1"",""memSize"":0,""nodeIDs"":[55],""numOfRows"":10000,""partitionID"":469007715903784850,""segmentID"":469007715903985900,""state"":""Sealed""}]},""stateAfter"":{""indexState"":[{""failReason"":"""",""fieldName"":""embedding"",""indexName"":""embedding_ann"",""indexParams"":[{""key"":""index_type"",""value"":""IVF_PQ""},{""key"":""metric_type"",""value"":""COSINE""},{""key"":""params"",""value"":""{\""m\"":64,\""nbits\"":8,\""nlist\"":128}""}],""indexState"":""Finished"",""indexType"":""IVF_PQ"",""indexedRows"":10000,""indexoffsetcache.enabled"":"""",""maxIndexVersion"":8,""metricType"":""COSINE"",""minIndexVersion"":8,""mmap.enabled"":"""",""pendingRows"":0,""totalRows"":10000,""warmup"":""""}],""loadState"":{""loadProgress"":100,""loadState"":""LoadStateLoaded""},""querySegments"":[{""collectionID"":469007715903784849,""indexID"":469007715903784855,""indexName"":""IVF_PQ"",""isSorted"":true,""level"":""L1"",""memSize"":0,""nodeIDs"":[55],""numOfRows"":10000,""partitionID"":469007715903784850,""segmentID"":469007715903985900,""state"":""Sealed""}]},""reason"":""max calibration drift=0.000000, serial/concurrent median delta=0.000000, stateComplete=true""}","{""dimension"":1024,""m"":64,""metricType"":""COSINE"",""nlist"":128,""nbits"":8}","{""nprobe"":8}","{""javaVersion"":""21.0.11"",""queryVectorsSha256"":""d06cc81c1169e1a926fc69a835fabda560932d8834bd687893fe0da301c4cfa9"",""physicalMemoryBytes"":51460743168,""sourceOfTruth"":{""datasetSha256"":""cc23f095b88585453940e8fca998f8b16f9573361b0c83f021d7bb095ba9e4c6"",""documentCount"":200,""chunkCount"":10000,""synchronizedNow"":false},""containerLimits"":{""vector-milvus-minio"":""cpuNano=500000000,memoryBytes=1073741824,memorySwapBytes=1073741824"",""vector-milvus"":""cpuNano=3000000000,memoryBytes=6979321856,memorySwapBytes=6979321856"",""vector-milvus-etcd"":""cpuNano=500000000,memoryBytes=536870912,memorySwapBytes=536870912""},""declaredVectorDbBudget"":{""cpuCores"":4.0,""memoryBytes"":8589934592},""cpu"":""AMD64 Family 25 Model 33 Stepping 0, AuthenticAMD"",""metric"":""COSINE"",""springBootVersion"":""4.1.1"",""dockerServerVersion"":""29.7.2"",""queryDefinitionsSha256"":""e9e52e8cd2ce129bb91205fa1a08f2baf2d4ca8bd28fe9c42299eefdb99ada18"",""availableProcessors"":16,""os"":""Windows 11 10.0 amd64"",""documentVectorsSha256"":""cc23f095b88585453940e8fca998f8b16f9573361b0c83f021d7bb095ba9e4c6"",""queryPartition"":{""calibrationIdsSha256"":""8b3e0cf00bea0503372f6e0e968ec87a831d597ac5132d0e7ae30ade95164508"",""evaluationIdsSha256"":""f856701d0c4b142b59ef1f22919e1e8f1c897145a9bdf88e6b18a59196a6ca25"",""calibrationQueries"":100,""method"":""query-type-stratified-sha256"",""evaluationQueries"":200}}",2026-09-11T10:28:26.748347100Z
"T15",3,"milvus","Native","IVF_SQ8",0.900000,0.914000,0.911111,0.010000,false,"CLOSEST_AVAILABLE",0.914444,7.033981,5.133600,21.743000,35.979700,1410.504,100,0.940000,12.012151,8.968200,34.466300,41.480300,900,0.911111,6.480851,4.947400,19.542200,35.068300,3.990,3.990,732849765,732849765,8000,-1,17523,4081,10000,1000,10,10,1,5,true,"{""required"":true,""verified"":true,""driftThreshold"":0.05,""calibrationRecall"":0.9144444444444444,""serialRecallSamples"":[0.9144444444444444,0.9144444444444444,0.9144444444444444],""concurrentRecallSamples"":[0.9144444444444444,0.9144444444444444,0.9144444444444444],""stateBefore"":{""loadState"":{""loadProgress"":100,""loadState"":""LoadStateLoaded""},""querySegments"":[{""collectionID"":469007734134589329,""indexID"":469007734134589335,""indexName"":""IVF_SQ8"",""isSorted"":true,""level"":""L1"",""memSize"":0,""nodeIDs"":[56],""numOfRows"":10000,""partitionID"":469007734134589330,""segmentID"":469007734134790381,""state"":""Sealed""}],""indexState"":[{""failReason"":"""",""fieldName"":""embedding"",""indexName"":""embedding_ann"",""indexParams"":[{""key"":""index_type"",""value"":""IVF_SQ8""},{""key"":""metric_type"",""value"":""COSINE""},{""key"":""params"",""value"":""{\""nlist\"":128}""}],""indexState"":""Finished"",""indexType"":""IVF_SQ8"",""indexedRows"":10000,""indexoffsetcache.enabled"":"""",""maxIndexVersion"":8,""metricType"":""COSINE"",""minIndexVersion"":8,""mmap.enabled"":"""",""pendingRows"":0,""totalRows"":10000,""warmup"":""""}]},""stateAfter"":{""loadState"":{""loadProgress"":100,""loadState"":""LoadStateLoaded""},""querySegments"":[{""collectionID"":469007734134589329,""indexID"":469007734134589335,""indexName"":""IVF_SQ8"",""isSorted"":true,""level"":""L1"",""memSize"":0,""nodeIDs"":[56],""numOfRows"":10000,""partitionID"":469007734134589330,""segmentID"":469007734134790381,""state"":""Sealed""}],""indexState"":[{""failReason"":"""",""fieldName"":""embedding"",""indexName"":""embedding_ann"",""indexParams"":[{""key"":""index_type"",""value"":""IVF_SQ8""},{""key"":""metric_type"",""value"":""COSINE""},{""key"":""params"",""value"":""{\""nlist\"":128}""}],""indexState"":""Finished"",""indexType"":""IVF_SQ8"",""indexedRows"":10000,""indexoffsetcache.enabled"":"""",""maxIndexVersion"":8,""metricType"":""COSINE"",""minIndexVersion"":8,""mmap.enabled"":"""",""pendingRows"":0,""totalRows"":10000,""warmup"":""""}]},""reason"":""max calibration drift=0.000000, serial/concurrent median delta=0.000000, stateComplete=true""}","{""dimension"":1024,""nlist"":128,""metricType"":""COSINE""}","{""nprobe"":4}","{""dockerServerVersion"":""29.7.2"",""queryDefinitionsSha256"":""e9e52e8cd2ce129bb91205fa1a08f2baf2d4ca8bd28fe9c42299eefdb99ada18"",""availableProcessors"":16,""os"":""Windows 11 10.0 amd64"",""documentVectorsSha256"":""cc23f095b88585453940e8fca998f8b16f9573361b0c83f021d7bb095ba9e4c6"",""queryPartition"":{""calibrationQueries"":100,""method"":""query-type-stratified-sha256"",""evaluationQueries"":200,""calibrationIdsSha256"":""8b3e0cf00bea0503372f6e0e968ec87a831d597ac5132d0e7ae30ade95164508"",""evaluationIdsSha256"":""f856701d0c4b142b59ef1f22919e1e8f1c897145a9bdf88e6b18a59196a6ca25""},""javaVersion"":""21.0.11"",""queryVectorsSha256"":""d06cc81c1169e1a926fc69a835fabda560932d8834bd687893fe0da301c4cfa9"",""physicalMemoryBytes"":51460743168,""sourceOfTruth"":{""datasetSha256"":""cc23f095b88585453940e8fca998f8b16f9573361b0c83f021d7bb095ba9e4c6"",""documentCount"":200,""chunkCount"":10000,""synchronizedNow"":false},""containerLimits"":{""vector-milvus-etcd"":""cpuNano=500000000,memoryBytes=536870912,memorySwapBytes=536870912"",""vector-milvus-minio"":""cpuNano=500000000,memoryBytes=1073741824,memorySwapBytes=1073741824"",""vector-milvus"":""cpuNano=3000000000,memoryBytes=6979321856,memorySwapBytes=6979321856""},""cpu"":""AMD64 Family 25 Model 33 Stepping 0, AuthenticAMD"",""metric"":""COSINE"",""declaredVectorDbBudget"":{""memoryBytes"":8589934592,""cpuCores"":4.0},""springBootVersion"":""4.1.1""}",2026-09-11T10:29:27.843004500Z
"T16",3,"milvus","Native","IVF_SQ8",0.950000,0.956000,0.954444,0.010000,true,"WITHIN_TOLERANCE",0.953333,6.677708,4.970500,23.007300,33.907300,1455.224,100,0.970000,10.222789,8.070500,32.660000,34.885900,900,0.954444,6.283811,4.766100,15.953900,33.829000,3.770,3.770,542784879,542784879,100000,-1,17523,4081,10000,1000,10,10,1,5,true,"{""required"":true,""verified"":true,""driftThreshold"":0.05,""calibrationRecall"":0.9533333333333334,""serialRecallSamples"":[0.9533333333333334,0.9533333333333334,0.9533333333333334],""concurrentRecallSamples"":[0.9533333333333334,0.9533333333333334,0.9533333333333334],""stateBefore"":{""loadState"":{""loadProgress"":100,""loadState"":""LoadStateLoaded""},""querySegments"":[{""collectionID"":469007734134589329,""indexID"":469007734134589335,""indexName"":""IVF_SQ8"",""isSorted"":true,""level"":""L1"",""memSize"":0,""nodeIDs"":[56],""numOfRows"":10000,""partitionID"":469007734134589330,""segmentID"":469007734134790381,""state"":""Sealed""}],""indexState"":[{""failReason"":"""",""fieldName"":""embedding"",""indexName"":""embedding_ann"",""indexParams"":[{""key"":""index_type"",""value"":""IVF_SQ8""},{""key"":""metric_type"",""value"":""COSINE""},{""key"":""params"",""value"":""{\""nlist\"":128}""}],""indexState"":""Finished"",""indexType"":""IVF_SQ8"",""indexedRows"":10000,""indexoffsetcache.enabled"":"""",""maxIndexVersion"":8,""metricType"":""COSINE"",""minIndexVersion"":8,""mmap.enabled"":"""",""pendingRows"":0,""totalRows"":10000,""warmup"":""""}]},""stateAfter"":{""loadState"":{""loadProgress"":100,""loadState"":""LoadStateLoaded""},""querySegments"":[{""collectionID"":469007734134589329,""indexID"":469007734134589335,""indexName"":""IVF_SQ8"",""isSorted"":true,""level"":""L1"",""memSize"":0,""nodeIDs"":[56],""numOfRows"":10000,""partitionID"":469007734134589330,""segmentID"":469007734134790381,""state"":""Sealed""}],""indexState"":[{""failReason"":"""",""fieldName"":""embedding"",""indexName"":""embedding_ann"",""indexParams"":[{""key"":""index_type"",""value"":""IVF_SQ8""},{""key"":""metric_type"",""value"":""COSINE""},{""key"":""params"",""value"":""{\""nlist\"":128}""}],""indexState"":""Finished"",""indexType"":""IVF_SQ8"",""indexedRows"":10000,""indexoffsetcache.enabled"":"""",""maxIndexVersion"":8,""metricType"":""COSINE"",""minIndexVersion"":8,""mmap.enabled"":"""",""pendingRows"":0,""totalRows"":10000,""warmup"":""""}]},""reason"":""max calibration drift=0.000000, serial/concurrent median delta=0.000000, stateComplete=true""}","{""dimension"":1024,""nlist"":128,""metricType"":""COSINE""}","{""nprobe"":8}","{""dockerServerVersion"":""29.7.2"",""queryDefinitionsSha256"":""e9e52e8cd2ce129bb91205fa1a08f2baf2d4ca8bd28fe9c42299eefdb99ada18"",""availableProcessors"":16,""os"":""Windows 11 10.0 amd64"",""documentVectorsSha256"":""cc23f095b88585453940e8fca998f8b16f9573361b0c83f021d7bb095ba9e4c6"",""queryPartition"":{""calibrationQueries"":100,""method"":""query-type-stratified-sha256"",""evaluationQueries"":200,""calibrationIdsSha256"":""8b3e0cf00bea0503372f6e0e968ec87a831d597ac5132d0e7ae30ade95164508"",""evaluationIdsSha256"":""f856701d0c4b142b59ef1f22919e1e8f1c897145a9bdf88e6b18a59196a6ca25""},""javaVersion"":""21.0.11"",""queryVectorsSha256"":""d06cc81c1169e1a926fc69a835fabda560932d8834bd687893fe0da301c4cfa9"",""physicalMemoryBytes"":51460743168,""sourceOfTruth"":{""datasetSha256"":""cc23f095b88585453940e8fca998f8b16f9573361b0c83f021d7bb095ba9e4c6"",""documentCount"":200,""chunkCount"":10000,""synchronizedNow"":false},""containerLimits"":{""vector-milvus-etcd"":""cpuNano=500000000,memoryBytes=536870912,memorySwapBytes=536870912"",""vector-milvus-minio"":""cpuNano=500000000,memoryBytes=1073741824,memorySwapBytes=1073741824"",""vector-milvus"":""cpuNano=3000000000,memoryBytes=6979321856,memorySwapBytes=6979321856""},""cpu"":""AMD64 Family 25 Model 33 Stepping 0, AuthenticAMD"",""metric"":""COSINE"",""declaredVectorDbBudget"":{""memoryBytes"":8589934592,""cpuCores"":4.0},""springBootVersion"":""4.1.1""}",2026-09-11T10:29:35.934469500Z
"T05",3,"qdrant","Native","hnsw",0.900000,0.909500,0.912222,0.010000,false,"WITHIN_TOLERANCE",0.902222,2.932896,2.724100,4.434200,7.351100,3372.488,100,0.885000,3.162536,2.876800,4.555200,11.240600,900,0.912222,2.907381,2.695000,4.303000,7.310600,0.320,0.320,110519910,110519910,0,-1,10530,3577,10000,1000,10,10,1,5,true,"{""required"":false,""verified"":true,""driftThreshold"":0.0,""calibrationRecall"":null,""serialRecallSamples"":[],""concurrentRecallSamples"":[],""stateBefore"":{},""stateAfter"":{},""reason"":""Adapter has no mandatory drift audit""}","{""ef_construct"":128,""m"":16,""payload_index_fields"":{""language"":""keyword"",""tenant_id"":""keyword"",""benchmark_selectivity_01"":""keyword"",""benchmark_selectivity_50"":""keyword"",""benchmark_selectivity_10"":""keyword"",""status"":""keyword"",""access_level"":""keyword"",""tenant"":""keyword"",""category"":""keyword""},""metric"":""COSINE"",""dimension"":1024,""indexing_threshold_kb"":10,""full_scan_threshold_kb"":10}","{""hnsw_ef"":10}","{""javaVersion"":""21.0.11"",""queryVectorsSha256"":""d06cc81c1169e1a926fc69a835fabda560932d8834bd687893fe0da301c4cfa9"",""physicalMemoryBytes"":51460743168,""sourceOfTruth"":{""datasetSha256"":""cc23f095b88585453940e8fca998f8b16f9573361b0c83f021d7bb095ba9e4c6"",""documentCount"":200,""chunkCount"":10000,""synchronizedNow"":false},""containerLimits"":{""vector-qdrant"":""cpuNano=4000000000,memoryBytes=8589934592,memorySwapBytes=8589934592""},""declaredVectorDbBudget"":{""cpuCores"":4.0,""memoryBytes"":8589934592},""cpu"":""AMD64 Family 25 Model 33 Stepping 0, AuthenticAMD"",""metric"":""COSINE"",""springBootVersion"":""4.1.1"",""dockerServerVersion"":""29.7.2"",""queryDefinitionsSha256"":""e9e52e8cd2ce129bb91205fa1a08f2baf2d4ca8bd28fe9c42299eefdb99ada18"",""availableProcessors"":16,""os"":""Windows 11 10.0 amd64"",""documentVectorsSha256"":""cc23f095b88585453940e8fca998f8b16f9573361b0c83f021d7bb095ba9e4c6"",""queryPartition"":{""calibrationIdsSha256"":""8b3e0cf00bea0503372f6e0e968ec87a831d597ac5132d0e7ae30ade95164508"",""evaluationIdsSha256"":""f856701d0c4b142b59ef1f22919e1e8f1c897145a9bdf88e6b18a59196a6ca25"",""calibrationQueries"":100,""method"":""query-type-stratified-sha256"",""evaluationQueries"":200}}",2026-09-11T10:30:07.558141800Z
"T06",3,"qdrant","Native","hnsw",0.950000,0.950000,0.944444,0.010000,true,"WITHIN_TOLERANCE",0.941111,3.289042,3.079300,5.084400,7.734400,3016.615,100,1.000000,3.482576,3.181500,5.265400,8.780200,900,0.944444,3.267539,3.060400,4.954400,7.467700,0.030,0.030,110834483,110834483,0,-1,10530,3577,10000,1000,10,10,1,5,true,"{""required"":false,""verified"":true,""driftThreshold"":0.0,""calibrationRecall"":null,""serialRecallSamples"":[],""concurrentRecallSamples"":[],""stateBefore"":{},""stateAfter"":{},""reason"":""Adapter has no mandatory drift audit""}","{""ef_construct"":128,""m"":16,""payload_index_fields"":{""language"":""keyword"",""tenant_id"":""keyword"",""benchmark_selectivity_01"":""keyword"",""benchmark_selectivity_50"":""keyword"",""benchmark_selectivity_10"":""keyword"",""status"":""keyword"",""access_level"":""keyword"",""tenant"":""keyword"",""category"":""keyword""},""metric"":""COSINE"",""dimension"":1024,""indexing_threshold_kb"":10,""full_scan_threshold_kb"":10}","{""hnsw_ef"":20}","{""javaVersion"":""21.0.11"",""queryVectorsSha256"":""d06cc81c1169e1a926fc69a835fabda560932d8834bd687893fe0da301c4cfa9"",""physicalMemoryBytes"":51460743168,""sourceOfTruth"":{""datasetSha256"":""cc23f095b88585453940e8fca998f8b16f9573361b0c83f021d7bb095ba9e4c6"",""documentCount"":200,""chunkCount"":10000,""synchronizedNow"":false},""containerLimits"":{""vector-qdrant"":""cpuNano=4000000000,memoryBytes=8589934592,memorySwapBytes=8589934592""},""declaredVectorDbBudget"":{""cpuCores"":4.0,""memoryBytes"":8589934592},""cpu"":""AMD64 Family 25 Model 33 Stepping 0, AuthenticAMD"",""metric"":""COSINE"",""springBootVersion"":""4.1.1"",""dockerServerVersion"":""29.7.2"",""queryDefinitionsSha256"":""e9e52e8cd2ce129bb91205fa1a08f2baf2d4ca8bd28fe9c42299eefdb99ada18"",""availableProcessors"":16,""os"":""Windows 11 10.0 amd64"",""documentVectorsSha256"":""cc23f095b88585453940e8fca998f8b16f9573361b0c83f021d7bb095ba9e4c6"",""queryPartition"":{""calibrationIdsSha256"":""8b3e0cf00bea0503372f6e0e968ec87a831d597ac5132d0e7ae30ade95164508"",""evaluationIdsSha256"":""f856701d0c4b142b59ef1f22919e1e8f1c897145a9bdf88e6b18a59196a6ca25"",""calibrationQueries"":100,""method"":""query-type-stratified-sha256"",""evaluationQueries"":200}}",2026-09-11T10:30:11.565601300Z
"T23",3,"opensearch","Faiss","HNSW",0.900000,0.907000,0.912778,0.010000,false,"WITHIN_TOLERANCE",0.897778,6.099908,5.146800,9.961300,17.802100,1631.316,100,0.855000,6.619349,5.672800,11.322800,14.362500,900,0.912778,6.042193,5.066300,9.823300,17.802100,2.500,2.500,5041217863,5041217863,0,85446354,11557,9080,10000,1000,10,10,1,5,true,"{""required"":false,""verified"":true,""driftThreshold"":0.0,""calibrationRecall"":null,""serialRecallSamples"":[],""concurrentRecallSamples"":[],""stateBefore"":{},""stateAfter"":{},""reason"":""Adapter has no mandatory drift audit""}","{""method"":""hnsw"",""engine"":""faiss"",""m"":16,""dimension"":1024,""ef_construction"":128,""space_type"":""cosinesimil""}","{""ef_search"":20}","{""springBootVersion"":""4.1.1"",""cpu"":""AMD64 Family 25 Model 33 Stepping 0, AuthenticAMD"",""metric"":""COSINE"",""declaredVectorDbBudget"":{""cpuCores"":4.0,""memoryBytes"":8589934592},""containerLimits"":{""vector-opensearch"":""cpuNano=4000000000,memoryBytes=8589934592,memorySwapBytes=8589934592""},""sourceOfTruth"":{""datasetSha256"":""cc23f095b88585453940e8fca998f8b16f9573361b0c83f021d7bb095ba9e4c6"",""documentCount"":200,""chunkCount"":10000,""synchronizedNow"":false},""physicalMemoryBytes"":51460743168,""queryVectorsSha256"":""d06cc81c1169e1a926fc69a835fabda560932d8834bd687893fe0da301c4cfa9"",""javaVersion"":""21.0.11"",""queryPartition"":{""evaluationIdsSha256"":""f856701d0c4b142b59ef1f22919e1e8f1c897145a9bdf88e6b18a59196a6ca25"",""calibrationIdsSha256"":""8b3e0cf00bea0503372f6e0e968ec87a831d597ac5132d0e7ae30ade95164508"",""evaluationQueries"":200,""method"":""query-type-stratified-sha256"",""calibrationQueries"":100},""documentVectorsSha256"":""cc23f095b88585453940e8fca998f8b16f9573361b0c83f021d7bb095ba9e4c6"",""os"":""Windows 11 10.0 amd64"",""availableProcessors"":16,""queryDefinitionsSha256"":""e9e52e8cd2ce129bb91205fa1a08f2baf2d4ca8bd28fe9c42299eefdb99ada18"",""dockerServerVersion"":""29.7.2""}",2026-09-11T10:31:01.496122300Z
"T24",3,"opensearch","Faiss","HNSW",0.950000,0.947000,0.950556,0.010000,true,"WITHIN_TOLERANCE",0.951111,5.285941,5.055500,7.662500,10.919300,1880.510,100,0.915000,5.330054,5.107800,7.858900,10.377100,900,0.950556,5.281039,5.042800,7.657100,10.919300,0.780,0.780,5043365347,5043365347,0,85446354,11557,9080,10000,1000,10,10,1,5,true,"{""required"":false,""verified"":true,""driftThreshold"":0.0,""calibrationRecall"":null,""serialRecallSamples"":[],""concurrentRecallSamples"":[],""stateBefore"":{},""stateAfter"":{},""reason"":""Adapter has no mandatory drift audit""}","{""method"":""hnsw"",""engine"":""faiss"",""m"":16,""dimension"":1024,""ef_construction"":128,""space_type"":""cosinesimil""}","{""ef_search"":40}","{""springBootVersion"":""4.1.1"",""cpu"":""AMD64 Family 25 Model 33 Stepping 0, AuthenticAMD"",""metric"":""COSINE"",""declaredVectorDbBudget"":{""cpuCores"":4.0,""memoryBytes"":8589934592},""containerLimits"":{""vector-opensearch"":""cpuNano=4000000000,memoryBytes=8589934592,memorySwapBytes=8589934592""},""sourceOfTruth"":{""datasetSha256"":""cc23f095b88585453940e8fca998f8b16f9573361b0c83f021d7bb095ba9e4c6"",""documentCount"":200,""chunkCount"":10000,""synchronizedNow"":false},""physicalMemoryBytes"":51460743168,""queryVectorsSha256"":""d06cc81c1169e1a926fc69a835fabda560932d8834bd687893fe0da301c4cfa9"",""javaVersion"":""21.0.11"",""queryPartition"":{""evaluationIdsSha256"":""f856701d0c4b142b59ef1f22919e1e8f1c897145a9bdf88e6b18a59196a6ca25"",""calibrationIdsSha256"":""8b3e0cf00bea0503372f6e0e968ec87a831d597ac5132d0e7ae30ade95164508"",""evaluationQueries"":200,""method"":""query-type-stratified-sha256"",""calibrationQueries"":100},""documentVectorsSha256"":""cc23f095b88585453940e8fca998f8b16f9573361b0c83f021d7bb095ba9e4c6"",""os"":""Windows 11 10.0 amd64"",""availableProcessors"":16,""queryDefinitionsSha256"":""e9e52e8cd2ce129bb91205fa1a08f2baf2d4ca8bd28fe9c42299eefdb99ada18"",""dockerServerVersion"":""29.7.2""}",2026-09-11T10:31:05.510776100Z
"T25",3,"opensearch","Faiss","IVF",0.900000,0.915500,0.912778,0.010000,false,"CLOSEST_AVAILABLE",0.915556,5.027462,4.898200,6.954600,8.935800,1975.333,100,0.940000,5.307848,5.282900,6.689900,7.476600,900,0.912778,4.996308,4.856200,6.988300,8.935800,40.590,40.590,5131412176,5131412176,0,84684316,20174,7865,10000,1000,10,10,1,5,true,"{""required"":false,""verified"":true,""driftThreshold"":0.0,""calibrationRecall"":null,""serialRecallSamples"":[],""concurrentRecallSamples"":[],""stateBefore"":{},""stateAfter"":{},""reason"":""Adapter has no mandatory drift audit""}","{""nlist"":128,""method"":""ivf"",""engine"":""faiss"",""dimension"":1024,""space_type"":""cosinesimil""}","{""nprobes"":4}","{""queryDefinitionsSha256"":""e9e52e8cd2ce129bb91205fa1a08f2baf2d4ca8bd28fe9c42299eefdb99ada18"",""dockerServerVersion"":""29.7.2"",""availableProcessors"":16,""os"":""Windows 11 10.0 amd64"",""documentVectorsSha256"":""cc23f095b88585453940e8fca998f8b16f9573361b0c83f021d7bb095ba9e4c6"",""queryPartition"":{""calibrationQueries"":100,""method"":""query-type-stratified-sha256"",""evaluationQueries"":200,""calibrationIdsSha256"":""8b3e0cf00bea0503372f6e0e968ec87a831d597ac5132d0e7ae30ade95164508"",""evaluationIdsSha256"":""f856701d0c4b142b59ef1f22919e1e8f1c897145a9bdf88e6b18a59196a6ca25""},""javaVersion"":""21.0.11"",""queryVectorsSha256"":""d06cc81c1169e1a926fc69a835fabda560932d8834bd687893fe0da301c4cfa9"",""physicalMemoryBytes"":51460743168,""sourceOfTruth"":{""datasetSha256"":""cc23f095b88585453940e8fca998f8b16f9573361b0c83f021d7bb095ba9e4c6"",""documentCount"":200,""chunkCount"":10000,""synchronizedNow"":false},""containerLimits"":{""vector-opensearch"":""cpuNano=4000000000,memoryBytes=8589934592,memorySwapBytes=8589934592""},""cpu"":""AMD64 Family 25 Model 33 Stepping 0, AuthenticAMD"",""metric"":""COSINE"",""declaredVectorDbBudget"":{""memoryBytes"":8589934592,""cpuCores"":4.0},""springBootVersion"":""4.1.1""}",2026-09-11T10:32:05.004616900Z
"T26",3,"opensearch","Faiss","IVF",0.950000,0.957500,0.956111,0.010000,true,"WITHIN_TOLERANCE",0.954444,5.987604,5.683800,8.977400,13.742200,1660.935,100,0.970000,6.645056,5.980600,12.111100,14.172100,900,0.956111,5.914554,5.672700,8.800500,13.198400,0.900,0.900,5131412176,5131412176,0,84684316,20174,7865,10000,1000,10,10,1,5,true,"{""required"":false,""verified"":true,""driftThreshold"":0.0,""calibrationRecall"":null,""serialRecallSamples"":[],""concurrentRecallSamples"":[],""stateBefore"":{},""stateAfter"":{},""reason"":""Adapter has no mandatory drift audit""}","{""nlist"":128,""method"":""ivf"",""engine"":""faiss"",""dimension"":1024,""space_type"":""cosinesimil""}","{""nprobes"":8}","{""queryDefinitionsSha256"":""e9e52e8cd2ce129bb91205fa1a08f2baf2d4ca8bd28fe9c42299eefdb99ada18"",""dockerServerVersion"":""29.7.2"",""availableProcessors"":16,""os"":""Windows 11 10.0 amd64"",""documentVectorsSha256"":""cc23f095b88585453940e8fca998f8b16f9573361b0c83f021d7bb095ba9e4c6"",""queryPartition"":{""calibrationQueries"":100,""method"":""query-type-stratified-sha256"",""evaluationQueries"":200,""calibrationIdsSha256"":""8b3e0cf00bea0503372f6e0e968ec87a831d597ac5132d0e7ae30ade95164508"",""evaluationIdsSha256"":""f856701d0c4b142b59ef1f22919e1e8f1c897145a9bdf88e6b18a59196a6ca25""},""javaVersion"":""21.0.11"",""queryVectorsSha256"":""d06cc81c1169e1a926fc69a835fabda560932d8834bd687893fe0da301c4cfa9"",""physicalMemoryBytes"":51460743168,""sourceOfTruth"":{""datasetSha256"":""cc23f095b88585453940e8fca998f8b16f9573361b0c83f021d7bb095ba9e4c6"",""documentCount"":200,""chunkCount"":10000,""synchronizedNow"":false},""containerLimits"":{""vector-opensearch"":""cpuNano=4000000000,memoryBytes=8589934592,memorySwapBytes=8589934592""},""cpu"":""AMD64 Family 25 Model 33 Stepping 0, AuthenticAMD"",""metric"":""COSINE"",""declaredVectorDbBudget"":{""memoryBytes"":8589934592,""cpuCores"":4.0},""springBootVersion"":""4.1.1""}",2026-09-11T10:32:09.008401Z
"T27",3,"opensearch","JVector","DiskANN",0.900000,0.871500,0.857222,0.010000,false,"CLOSEST_AVAILABLE",0.938889,17.312511,8.858700,59.814400,66.858600,574.220,100,1.000000,27.604002,19.452600,67.962700,71.271200,900,0.857222,16.169012,8.629600,58.651400,64.871500,179.900,343.180,5064303312,5068061409,0,88985030,25897,8645,10000,1000,10,10,1,5,true,"{""required"":false,""verified"":true,""driftThreshold"":0.0,""calibrationRecall"":null,""serialRecallSamples"":[],""concurrentRecallSamples"":[],""stateBefore"":{},""stateAfter"":{},""reason"":""Adapter has no mandatory drift audit""}","{""ef_construction"":128,""space_type"":""cosinesimil"",""method"":""disk_ann"",""engine"":""jvector"",""m"":16,""dimension"":1024}","{""candidate_k"":120}","{""os"":""Windows 11 10.0 amd64"",""documentVectorsSha256"":""cc23f095b88585453940e8fca998f8b16f9573361b0c83f021d7bb095ba9e4c6"",""availableProcessors"":16,""dockerServerVersion"":""29.7.2"",""queryDefinitionsSha256"":""e9e52e8cd2ce129bb91205fa1a08f2baf2d4ca8bd28fe9c42299eefdb99ada18"",""springBootVersion"":""4.1.1"",""declaredVectorDbBudget"":{""cpuCores"":4.0,""memoryBytes"":8589934592},""cpu"":""AMD64 Family 25 Model 33 Stepping 0, AuthenticAMD"",""metric"":""COSINE"",""containerLimits"":{""vector-opensearch-jvector"":""cpuNano=4000000000,memoryBytes=8589934592,memorySwapBytes=8589934592""},""sourceOfTruth"":{""datasetSha256"":""cc23f095b88585453940e8fca998f8b16f9573361b0c83f021d7bb095ba9e4c6"",""documentCount"":200,""chunkCount"":10000,""synchronizedNow"":false},""physicalMemoryBytes"":51460743168,""queryVectorsSha256"":""d06cc81c1169e1a926fc69a835fabda560932d8834bd687893fe0da301c4cfa9"",""javaVersion"":""21.0.11"",""queryPartition"":{""calibrationQueries"":100,""evaluationIdsSha256"":""f856701d0c4b142b59ef1f22919e1e8f1c897145a9bdf88e6b18a59196a6ca25"",""calibrationIdsSha256"":""8b3e0cf00bea0503372f6e0e968ec87a831d597ac5132d0e7ae30ade95164508"",""evaluationQueries"":200,""method"":""query-type-stratified-sha256""}}",2026-09-11T10:33:21.153507Z
"T28",3,"opensearch","JVector","DiskANN",0.950000,0.871500,0.857222,0.010000,false,"CLOSEST_AVAILABLE",0.938889,14.686185,7.762000,57.326100,66.058800,665.887,100,1.000000,27.127113,16.890300,69.054500,74.787500,900,0.857222,13.303860,7.650100,54.750800,60.207200,117.660,234.330,5069135151,5069135151,0,88985030,25897,8645,10000,1000,10,10,1,5,true,"{""required"":false,""verified"":true,""driftThreshold"":0.0,""calibrationRecall"":null,""serialRecallSamples"":[],""concurrentRecallSamples"":[],""stateBefore"":{},""stateAfter"":{},""reason"":""Adapter has no mandatory drift audit""}","{""ef_construction"":128,""space_type"":""cosinesimil"",""method"":""disk_ann"",""engine"":""jvector"",""m"":16,""dimension"":1024}","{""candidate_k"":120}","{""os"":""Windows 11 10.0 amd64"",""documentVectorsSha256"":""cc23f095b88585453940e8fca998f8b16f9573361b0c83f021d7bb095ba9e4c6"",""availableProcessors"":16,""dockerServerVersion"":""29.7.2"",""queryDefinitionsSha256"":""e9e52e8cd2ce129bb91205fa1a08f2baf2d4ca8bd28fe9c42299eefdb99ada18"",""springBootVersion"":""4.1.1"",""declaredVectorDbBudget"":{""cpuCores"":4.0,""memoryBytes"":8589934592},""cpu"":""AMD64 Family 25 Model 33 Stepping 0, AuthenticAMD"",""metric"":""COSINE"",""containerLimits"":{""vector-opensearch-jvector"":""cpuNano=4000000000,memoryBytes=8589934592,memorySwapBytes=8589934592""},""sourceOfTruth"":{""datasetSha256"":""cc23f095b88585453940e8fca998f8b16f9573361b0c83f021d7bb095ba9e4c6"",""documentCount"":200,""chunkCount"":10000,""synchronizedNow"":false},""physicalMemoryBytes"":51460743168,""queryVectorsSha256"":""d06cc81c1169e1a926fc69a835fabda560932d8834bd687893fe0da301c4cfa9"",""javaVersion"":""21.0.11"",""queryPartition"":{""calibrationQueries"":100,""evaluationIdsSha256"":""f856701d0c4b142b59ef1f22919e1e8f1c897145a9bdf88e6b18a59196a6ca25"",""calibrationIdsSha256"":""8b3e0cf00bea0503372f6e0e968ec87a831d597ac5132d0e7ae30ade95164508"",""evaluationQueries"":200,""method"":""query-type-stratified-sha256""}}",2026-09-11T10:33:26.164624900Z
"T21",3,"opensearch","Lucene","HNSW",0.900000,0.891500,0.882222,0.010000,false,"CLOSEST_AVAILABLE",0.918889,5.365071,5.031300,7.518800,11.568300,1850.620,100,0.975000,5.678325,5.389400,7.631300,11.514000,900,0.882222,5.330265,5.006100,7.486700,11.568300,2.650,2.650,5011153092,5011153092,0,43100051,12015,9886,10000,1000,10,10,1,5,true,"{""required"":false,""verified"":true,""driftThreshold"":0.0,""calibrationRecall"":null,""serialRecallSamples"":[],""concurrentRecallSamples"":[],""stateBefore"":{},""stateAfter"":{},""reason"":""Adapter has no mandatory drift audit""}","{""space_type"":""cosinesimil"",""ef_construction"":128,""dimension"":1024,""m"":16,""engine"":""lucene"",""method"":""hnsw""}","{""candidate_k"":10}","{""containerLimits"":{""vector-opensearch"":""cpuNano=4000000000,memoryBytes=8589934592,memorySwapBytes=8589934592""},""cpu"":""AMD64 Family 25 Model 33 Stepping 0, AuthenticAMD"",""metric"":""COSINE"",""declaredVectorDbBudget"":{""memoryBytes"":8589934592,""cpuCores"":4.0},""springBootVersion"":""4.1.1"",""dockerServerVersion"":""29.7.2"",""queryDefinitionsSha256"":""e9e52e8cd2ce129bb91205fa1a08f2baf2d4ca8bd28fe9c42299eefdb99ada18"",""availableProcessors"":16,""os"":""Windows 11 10.0 amd64"",""documentVectorsSha256"":""cc23f095b88585453940e8fca998f8b16f9573361b0c83f021d7bb095ba9e4c6"",""queryPartition"":{""evaluationIdsSha256"":""f856701d0c4b142b59ef1f22919e1e8f1c897145a9bdf88e6b18a59196a6ca25"",""calibrationQueries"":100,""method"":""query-type-stratified-sha256"",""evaluationQueries"":200,""calibrationIdsSha256"":""8b3e0cf00bea0503372f6e0e968ec87a831d597ac5132d0e7ae30ade95164508""},""javaVersion"":""21.0.11"",""queryVectorsSha256"":""d06cc81c1169e1a926fc69a835fabda560932d8834bd687893fe0da301c4cfa9"",""physicalMemoryBytes"":51460743168,""sourceOfTruth"":{""datasetSha256"":""cc23f095b88585453940e8fca998f8b16f9573361b0c83f021d7bb095ba9e4c6"",""documentCount"":200,""chunkCount"":10000,""synchronizedNow"":false}}",2026-09-11T10:34:17.157115800Z
"T22",3,"opensearch","Lucene","HNSW",0.950000,0.951000,0.945556,0.010000,true,"WITHIN_TOLERANCE",0.948889,6.599769,6.105300,9.801900,16.058100,1502.813,100,1.000000,7.414987,7.352700,10.578700,12.263100,900,0.945556,6.509189,6.031800,9.670600,16.508500,0.750,0.750,5012226834,5012226834,0,43100051,12015,9886,10000,1000,10,10,1,5,true,"{""required"":false,""verified"":true,""driftThreshold"":0.0,""calibrationRecall"":null,""serialRecallSamples"":[],""concurrentRecallSamples"":[],""stateBefore"":{},""stateAfter"":{},""reason"":""Adapter has no mandatory drift audit""}","{""space_type"":""cosinesimil"",""ef_construction"":128,""dimension"":1024,""m"":16,""engine"":""lucene"",""method"":""hnsw""}","{""candidate_k"":200}","{""containerLimits"":{""vector-opensearch"":""cpuNano=4000000000,memoryBytes=8589934592,memorySwapBytes=8589934592""},""cpu"":""AMD64 Family 25 Model 33 Stepping 0, AuthenticAMD"",""metric"":""COSINE"",""declaredVectorDbBudget"":{""memoryBytes"":8589934592,""cpuCores"":4.0},""springBootVersion"":""4.1.1"",""dockerServerVersion"":""29.7.2"",""queryDefinitionsSha256"":""e9e52e8cd2ce129bb91205fa1a08f2baf2d4ca8bd28fe9c42299eefdb99ada18"",""availableProcessors"":16,""os"":""Windows 11 10.0 amd64"",""documentVectorsSha256"":""cc23f095b88585453940e8fca998f8b16f9573361b0c83f021d7bb095ba9e4c6"",""queryPartition"":{""evaluationIdsSha256"":""f856701d0c4b142b59ef1f22919e1e8f1c897145a9bdf88e6b18a59196a6ca25"",""calibrationQueries"":100,""method"":""query-type-stratified-sha256"",""evaluationQueries"":200,""calibrationIdsSha256"":""8b3e0cf00bea0503372f6e0e968ec87a831d597ac5132d0e7ae30ade95164508""},""javaVersion"":""21.0.11"",""queryVectorsSha256"":""d06cc81c1169e1a926fc69a835fabda560932d8834bd687893fe0da301c4cfa9"",""physicalMemoryBytes"":51460743168,""sourceOfTruth"":{""datasetSha256"":""cc23f095b88585453940e8fca998f8b16f9573361b0c83f021d7bb095ba9e4c6"",""documentCount"":200,""chunkCount"":10000,""synchronizedNow"":false}}",2026-09-11T10:34:21.164182800Z
"T09",3,"weaviate","Native","hfresh",0.900000,0.967500,0.963889,0.010000,false,"CLOSEST_AVAILABLE",0.954444,20.822724,19.505700,36.987300,48.548000,478.908,100,1.000000,23.642740,21.189600,41.058300,52.951200,900,0.963889,20.509389,19.396600,36.441900,47.798000,129.320,387.600,123871778,124151398,0,-1,68967,8508,10000,1000,10,10,1,5,true,"{""required"":false,""verified"":true,""driftThreshold"":0.0,""calibrationRecall"":null,""serialRecallSamples"":[],""concurrentRecallSamples"":[],""stateBefore"":{},""stateAfter"":{},""reason"":""Adapter has no mandatory drift audit""}","{""replicas"":4,""distance"":""cosine"",""rqBits"":1,""dimension"":1024,""maxPostingSizeKB"":48}","{""searchProbe"":32}","{""metric"":""COSINE"",""declaredVectorDbBudget"":{""memoryBytes"":8589934592,""cpuCores"":4.0},""springBootVersion"":""4.1.1"",""dockerServerVersion"":""29.7.2"",""queryDefinitionsSha256"":""e9e52e8cd2ce129bb91205fa1a08f2baf2d4ca8bd28fe9c42299eefdb99ada18"",""availableProcessors"":16,""os"":""Windows 11 10.0 amd64"",""documentVectorsSha256"":""cc23f095b88585453940e8fca998f8b16f9573361b0c83f021d7bb095ba9e4c6"",""queryPartition"":{""evaluationIdsSha256"":""f856701d0c4b142b59ef1f22919e1e8f1c897145a9bdf88e6b18a59196a6ca25"",""calibrationQueries"":100,""method"":""query-type-stratified-sha256"",""evaluationQueries"":200,""calibrationIdsSha256"":""8b3e0cf00bea0503372f6e0e968ec87a831d597ac5132d0e7ae30ade95164508""},""javaVersion"":""21.0.11"",""queryVectorsSha256"":""d06cc81c1169e1a926fc69a835fabda560932d8834bd687893fe0da301c4cfa9"",""physicalMemoryBytes"":51460743168,""sourceOfTruth"":{""datasetSha256"":""cc23f095b88585453940e8fca998f8b16f9573361b0c83f021d7bb095ba9e4c6"",""documentCount"":200,""chunkCount"":10000,""synchronizedNow"":false},""containerLimits"":{""vector-weaviate"":""cpuNano=4000000000,memoryBytes=8589934592,memorySwapBytes=8589934592""},""cpu"":""AMD64 Family 25 Model 33 Stepping 0, AuthenticAMD""}",2026-09-11T10:36:10.699751700Z
"T10",3,"weaviate","Native","hfresh",0.950000,0.968500,0.965000,0.010000,false,"WITHIN_TOLERANCE",0.955556,18.682923,17.875400,33.825700,42.908900,532.619,100,1.000000,21.513715,21.924000,37.188400,39.612300,900,0.965000,18.368390,17.469500,33.487800,43.262400,125.213,375.280,120795955,120795955,0,-1,68967,8508,10000,1000,10,10,1,5,true,"{""required"":false,""verified"":true,""driftThreshold"":0.0,""calibrationRecall"":null,""serialRecallSamples"":[],""concurrentRecallSamples"":[],""stateBefore"":{},""stateAfter"":{},""reason"":""Adapter has no mandatory drift audit""}","{""replicas"":4,""distance"":""cosine"",""rqBits"":1,""dimension"":1024,""maxPostingSizeKB"":48}","{""searchProbe"":8}","{""metric"":""COSINE"",""declaredVectorDbBudget"":{""memoryBytes"":8589934592,""cpuCores"":4.0},""springBootVersion"":""4.1.1"",""dockerServerVersion"":""29.7.2"",""queryDefinitionsSha256"":""e9e52e8cd2ce129bb91205fa1a08f2baf2d4ca8bd28fe9c42299eefdb99ada18"",""availableProcessors"":16,""os"":""Windows 11 10.0 amd64"",""documentVectorsSha256"":""cc23f095b88585453940e8fca998f8b16f9573361b0c83f021d7bb095ba9e4c6"",""queryPartition"":{""evaluationIdsSha256"":""f856701d0c4b142b59ef1f22919e1e8f1c897145a9bdf88e6b18a59196a6ca25"",""calibrationQueries"":100,""method"":""query-type-stratified-sha256"",""evaluationQueries"":200,""calibrationIdsSha256"":""8b3e0cf00bea0503372f6e0e968ec87a831d597ac5132d0e7ae30ade95164508""},""javaVersion"":""21.0.11"",""queryVectorsSha256"":""d06cc81c1169e1a926fc69a835fabda560932d8834bd687893fe0da301c4cfa9"",""physicalMemoryBytes"":51460743168,""sourceOfTruth"":{""datasetSha256"":""cc23f095b88585453940e8fca998f8b16f9573361b0c83f021d7bb095ba9e4c6"",""documentCount"":200,""chunkCount"":10000,""synchronizedNow"":false},""containerLimits"":{""vector-weaviate"":""cpuNano=4000000000,memoryBytes=8589934592,memorySwapBytes=8589934592""},""cpu"":""AMD64 Family 25 Model 33 Stepping 0, AuthenticAMD""}",2026-09-11T10:36:17.724855900Z
"T07",3,"weaviate","Native","hnsw",0.900000,0.879000,0.865556,0.010000,false,"WITHIN_TOLERANCE",0.895556,14.022445,12.983500,24.621600,32.161000,710.498,100,1.000000,17.228761,17.072500,26.750700,32.161000,900,0.865556,13.666187,12.776200,24.216600,30.972100,98.460,196.760,198180864,198180864,0,-1,72074,7930,10000,1000,10,10,1,5,true,"{""required"":false,""verified"":true,""driftThreshold"":0.0,""calibrationRecall"":null,""serialRecallSamples"":[],""concurrentRecallSamples"":[],""stateBefore"":{},""stateAfter"":{},""reason"":""Adapter has no mandatory drift audit""}","{""dimension"":1024,""distance"":""cosine"",""efConstruction"":128,""maxConnections"":16}","{""ef"":120}","{""containerLimits"":{""vector-weaviate"":""cpuNano=4000000000,memoryBytes=8589934592,memorySwapBytes=8589934592""},""cpu"":""AMD64 Family 25 Model 33 Stepping 0, AuthenticAMD"",""metric"":""COSINE"",""declaredVectorDbBudget"":{""memoryBytes"":8589934592,""cpuCores"":4.0},""springBootVersion"":""4.1.1"",""dockerServerVersion"":""29.7.2"",""queryDefinitionsSha256"":""e9e52e8cd2ce129bb91205fa1a08f2baf2d4ca8bd28fe9c42299eefdb99ada18"",""availableProcessors"":16,""os"":""Windows 11 10.0 amd64"",""documentVectorsSha256"":""cc23f095b88585453940e8fca998f8b16f9573361b0c83f021d7bb095ba9e4c6"",""queryPartition"":{""evaluationIdsSha256"":""f856701d0c4b142b59ef1f22919e1e8f1c897145a9bdf88e6b18a59196a6ca25"",""calibrationQueries"":100,""method"":""query-type-stratified-sha256"",""evaluationQueries"":200,""calibrationIdsSha256"":""8b3e0cf00bea0503372f6e0e968ec87a831d597ac5132d0e7ae30ade95164508""},""javaVersion"":""21.0.11"",""queryVectorsSha256"":""d06cc81c1169e1a926fc69a835fabda560932d8834bd687893fe0da301c4cfa9"",""physicalMemoryBytes"":51460743168,""sourceOfTruth"":{""datasetSha256"":""cc23f095b88585453940e8fca998f8b16f9573361b0c83f021d7bb095ba9e4c6"",""documentCount"":200,""chunkCount"":10000,""synchronizedNow"":false}}",2026-09-11T10:38:04.370274700Z
"T08",3,"weaviate","Native","hnsw",0.950000,0.935500,0.928333,0.010000,false,"CLOSEST_AVAILABLE",0.938889,14.291809,13.425500,24.867000,31.954500,696.690,100,1.000000,15.092686,14.870700,24.048200,34.458800,900,0.928333,14.202823,13.274900,25.014700,31.918700,104.185,208.190,198810009,198810009,0,-1,72074,7930,10000,1000,10,10,1,5,true,"{""required"":false,""verified"":true,""driftThreshold"":0.0,""calibrationRecall"":null,""serialRecallSamples"":[],""concurrentRecallSamples"":[],""stateBefore"":{},""stateAfter"":{},""reason"":""Adapter has no mandatory drift audit""}","{""dimension"":1024,""distance"":""cosine"",""efConstruction"":128,""maxConnections"":16}","{""ef"":200}","{""containerLimits"":{""vector-weaviate"":""cpuNano=4000000000,memoryBytes=8589934592,memorySwapBytes=8589934592""},""cpu"":""AMD64 Family 25 Model 33 Stepping 0, AuthenticAMD"",""metric"":""COSINE"",""declaredVectorDbBudget"":{""memoryBytes"":8589934592,""cpuCores"":4.0},""springBootVersion"":""4.1.1"",""dockerServerVersion"":""29.7.2"",""queryDefinitionsSha256"":""e9e52e8cd2ce129bb91205fa1a08f2baf2d4ca8bd28fe9c42299eefdb99ada18"",""availableProcessors"":16,""os"":""Windows 11 10.0 amd64"",""documentVectorsSha256"":""cc23f095b88585453940e8fca998f8b16f9573361b0c83f021d7bb095ba9e4c6"",""queryPartition"":{""evaluationIdsSha256"":""f856701d0c4b142b59ef1f22919e1e8f1c897145a9bdf88e6b18a59196a6ca25"",""calibrationQueries"":100,""method"":""query-type-stratified-sha256"",""evaluationQueries"":200,""calibrationIdsSha256"":""8b3e0cf00bea0503372f6e0e968ec87a831d597ac5132d0e7ae30ade95164508""},""javaVersion"":""21.0.11"",""queryVectorsSha256"":""d06cc81c1169e1a926fc69a835fabda560932d8834bd687893fe0da301c4cfa9"",""physicalMemoryBytes"":51460743168,""sourceOfTruth"":{""datasetSha256"":""cc23f095b88585453940e8fca998f8b16f9573361b0c83f021d7bb095ba9e4c6"",""documentCount"":200,""chunkCount"":10000,""synchronizedNow"":false}}",2026-09-11T10:38:10.384367Z
"T01",3,"pgvector","PostgreSQL","hnsw",0.900000,0.886000,0.877222,0.010000,false,"CLOSEST_AVAILABLE",0.887778,3.719622,3.386900,6.340700,8.347000,2665.176,100,0.965000,3.773141,3.447700,6.331600,8.327700,900,0.877222,3.713676,3.380200,6.340700,8.347000,0.080,0.080,201850880,201850880,1000000,49389568,11290,11241,10000,1000,10,10,1,5,true,"{""required"":false,""verified"":true,""driftThreshold"":0.0,""calibrationRecall"":null,""serialRecallSamples"":[],""concurrentRecallSamples"":[],""stateBefore"":{},""stateAfter"":{},""reason"":""Adapter has no mandatory drift audit""}","{""dimension"":1024,""m"":16,""metric"":""COSINE"",""ef_construction"":128,""force_index_scan"":true}","{""ef_search"":120}","{""queryVectorsSha256"":""d06cc81c1169e1a926fc69a835fabda560932d8834bd687893fe0da301c4cfa9"",""physicalMemoryBytes"":51460743168,""sourceOfTruth"":{""datasetSha256"":""cc23f095b88585453940e8fca998f8b16f9573361b0c83f021d7bb095ba9e4c6"",""documentCount"":200,""chunkCount"":10000,""synchronizedNow"":false},""containerLimits"":{""vector-postgres"":""cpuNano=4000000000,memoryBytes=8589934592,memorySwapBytes=8589934592""},""metric"":""COSINE"",""declaredVectorDbBudget"":{""cpuCores"":4.0,""memoryBytes"":8589934592},""cpu"":""AMD64 Family 25 Model 33 Stepping 0, AuthenticAMD"",""springBootVersion"":""4.1.1"",""dockerServerVersion"":""29.7.2"",""queryDefinitionsSha256"":""e9e52e8cd2ce129bb91205fa1a08f2baf2d4ca8bd28fe9c42299eefdb99ada18"",""availableProcessors"":16,""os"":""Windows 11 10.0 amd64"",""documentVectorsSha256"":""cc23f095b88585453940e8fca998f8b16f9573361b0c83f021d7bb095ba9e4c6"",""queryPartition"":{""calibrationIdsSha256"":""8b3e0cf00bea0503372f6e0e968ec87a831d597ac5132d0e7ae30ade95164508"",""evaluationIdsSha256"":""f856701d0c4b142b59ef1f22919e1e8f1c897145a9bdf88e6b18a59196a6ca25"",""calibrationQueries"":100,""method"":""query-type-stratified-sha256"",""evaluationQueries"":200},""javaVersion"":""21.0.11""}",2026-09-11T10:38:41.512661500Z
"T02",3,"pgvector","PostgreSQL","hnsw",0.950000,0.958500,0.953889,0.010000,true,"WITHIN_TOLERANCE",0.948889,10.235687,6.205800,47.560700,55.747900,946.199,100,1.000000,10.897754,6.553600,49.778300,54.975300,900,0.953889,10.162124,6.140400,47.344500,55.747900,27.015,53.940,205101465,205101465,0,49389568,11290,11241,10000,1000,10,10,1,5,true,"{""required"":false,""verified"":true,""driftThreshold"":0.0,""calibrationRecall"":null,""serialRecallSamples"":[],""concurrentRecallSamples"":[],""stateBefore"":{},""stateAfter"":{},""reason"":""Adapter has no mandatory drift audit""}","{""dimension"":1024,""m"":16,""metric"":""COSINE"",""ef_construction"":128,""force_index_scan"":true}","{""ef_search"":800}","{""queryVectorsSha256"":""d06cc81c1169e1a926fc69a835fabda560932d8834bd687893fe0da301c4cfa9"",""physicalMemoryBytes"":51460743168,""sourceOfTruth"":{""datasetSha256"":""cc23f095b88585453940e8fca998f8b16f9573361b0c83f021d7bb095ba9e4c6"",""documentCount"":200,""chunkCount"":10000,""synchronizedNow"":false},""containerLimits"":{""vector-postgres"":""cpuNano=4000000000,memoryBytes=8589934592,memorySwapBytes=8589934592""},""metric"":""COSINE"",""declaredVectorDbBudget"":{""cpuCores"":4.0,""memoryBytes"":8589934592},""cpu"":""AMD64 Family 25 Model 33 Stepping 0, AuthenticAMD"",""springBootVersion"":""4.1.1"",""dockerServerVersion"":""29.7.2"",""queryDefinitionsSha256"":""e9e52e8cd2ce129bb91205fa1a08f2baf2d4ca8bd28fe9c42299eefdb99ada18"",""availableProcessors"":16,""os"":""Windows 11 10.0 amd64"",""documentVectorsSha256"":""cc23f095b88585453940e8fca998f8b16f9573361b0c83f021d7bb095ba9e4c6"",""queryPartition"":{""calibrationIdsSha256"":""8b3e0cf00bea0503372f6e0e968ec87a831d597ac5132d0e7ae30ade95164508"",""evaluationIdsSha256"":""f856701d0c4b142b59ef1f22919e1e8f1c897145a9bdf88e6b18a59196a6ca25"",""calibrationQueries"":100,""method"":""query-type-stratified-sha256"",""evaluationQueries"":200},""javaVersion"":""21.0.11""}",2026-09-11T10:38:46.525553100Z
"T03",3,"pgvector","PostgreSQL","ivfflat",0.900000,0.949000,0.948333,0.010000,false,"CLOSEST_AVAILABLE",0.937778,8.228458,5.616200,39.780400,44.434700,1208.894,100,0.955000,10.929260,6.292200,42.958200,45.010200,900,0.948333,7.928368,5.593300,38.844600,43.453200,0.230,0.230,241277337,241277337,0,82010112,3294,2828,10000,1000,10,10,1,5,true,"{""required"":false,""verified"":true,""driftThreshold"":0.0,""calibrationRecall"":null,""serialRecallSamples"":[],""concurrentRecallSamples"":[],""stateBefore"":{},""stateAfter"":{},""reason"":""Adapter has no mandatory drift audit""}","{""lists"":10,""dimension"":1024,""force_index_scan"":true,""metric"":""COSINE""}","{""probes"":2}","{""os"":""Windows 11 10.0 amd64"",""documentVectorsSha256"":""cc23f095b88585453940e8fca998f8b16f9573361b0c83f021d7bb095ba9e4c6"",""availableProcessors"":16,""dockerServerVersion"":""29.7.2"",""queryDefinitionsSha256"":""e9e52e8cd2ce129bb91205fa1a08f2baf2d4ca8bd28fe9c42299eefdb99ada18"",""springBootVersion"":""4.1.1"",""declaredVectorDbBudget"":{""memoryBytes"":8589934592,""cpuCores"":4.0},""cpu"":""AMD64 Family 25 Model 33 Stepping 0, AuthenticAMD"",""metric"":""COSINE"",""containerLimits"":{""vector-postgres"":""cpuNano=4000000000,memoryBytes=8589934592,memorySwapBytes=8589934592""},""sourceOfTruth"":{""datasetSha256"":""cc23f095b88585453940e8fca998f8b16f9573361b0c83f021d7bb095ba9e4c6"",""documentCount"":200,""chunkCount"":10000,""synchronizedNow"":false},""physicalMemoryBytes"":51460743168,""queryVectorsSha256"":""d06cc81c1169e1a926fc69a835fabda560932d8834bd687893fe0da301c4cfa9"",""javaVersion"":""21.0.11"",""queryPartition"":{""method"":""query-type-stratified-sha256"",""calibrationQueries"":100,""evaluationIdsSha256"":""f856701d0c4b142b59ef1f22919e1e8f1c897145a9bdf88e6b18a59196a6ca25"",""calibrationIdsSha256"":""8b3e0cf00bea0503372f6e0e968ec87a831d597ac5132d0e7ae30ade95164508"",""evaluationQueries"":200}}",2026-09-11T10:39:13.915190100Z
"T04",3,"pgvector","PostgreSQL","ivfflat",0.950000,0.949000,0.948333,0.010000,true,"CLOSEST_AVAILABLE",0.937778,8.654864,5.718200,39.864500,44.432200,1151.297,100,0.955000,8.728696,5.729600,36.970500,48.157600,900,0.948333,8.646660,5.717200,40.142900,44.351200,0.040,0.040,242011340,242011340,0,82010112,3294,2828,10000,1000,10,10,1,5,true,"{""required"":false,""verified"":true,""driftThreshold"":0.0,""calibrationRecall"":null,""serialRecallSamples"":[],""concurrentRecallSamples"":[],""stateBefore"":{},""stateAfter"":{},""reason"":""Adapter has no mandatory drift audit""}","{""lists"":10,""dimension"":1024,""force_index_scan"":true,""metric"":""COSINE""}","{""probes"":2}","{""os"":""Windows 11 10.0 amd64"",""documentVectorsSha256"":""cc23f095b88585453940e8fca998f8b16f9573361b0c83f021d7bb095ba9e4c6"",""availableProcessors"":16,""dockerServerVersion"":""29.7.2"",""queryDefinitionsSha256"":""e9e52e8cd2ce129bb91205fa1a08f2baf2d4ca8bd28fe9c42299eefdb99ada18"",""springBootVersion"":""4.1.1"",""declaredVectorDbBudget"":{""memoryBytes"":8589934592,""cpuCores"":4.0},""cpu"":""AMD64 Family 25 Model 33 Stepping 0, AuthenticAMD"",""metric"":""COSINE"",""containerLimits"":{""vector-postgres"":""cpuNano=4000000000,memoryBytes=8589934592,memorySwapBytes=8589934592""},""sourceOfTruth"":{""datasetSha256"":""cc23f095b88585453940e8fca998f8b16f9573361b0c83f021d7bb095ba9e4c6"",""documentCount"":200,""chunkCount"":10000,""synchronizedNow"":false},""physicalMemoryBytes"":51460743168,""queryVectorsSha256"":""d06cc81c1169e1a926fc69a835fabda560932d8834bd687893fe0da301c4cfa9"",""javaVersion"":""21.0.11"",""queryPartition"":{""method"":""query-type-stratified-sha256"",""calibrationQueries"":100,""evaluationIdsSha256"":""f856701d0c4b142b59ef1f22919e1e8f1c897145a9bdf88e6b18a59196a6ca25"",""calibrationIdsSha256"":""8b3e0cf00bea0503372f6e0e968ec87a831d597ac5132d0e7ae30ade95164508"",""evaluationQueries"":200}}",2026-09-11T10:39:18.921358Z
