database,engine,index,index_parameters,search_parameters,vector_count,top_k,concurrency,warmup_iterations,measurement_iterations,environment,completed_measurements,run_numbers,recall_samples,recall_mean,recall_median,recall_p95,recall_p99,recall_min,recall_max,recall_sample_variance,average_ms_samples,average_ms_mean,average_ms_median,average_ms_p95,average_ms_p99,average_ms_min,average_ms_max,average_ms_sample_variance,p50_ms_samples,p50_ms_mean,p50_ms_median,p50_ms_p95,p50_ms_p99,p50_ms_min,p50_ms_max,p50_ms_sample_variance,p95_ms_samples,p95_ms_mean,p95_ms_median,p95_ms_p95,p95_ms_p99,p95_ms_min,p95_ms_max,p95_ms_sample_variance,p99_ms_samples,p99_ms_mean,p99_ms_median,p99_ms_p95,p99_ms_p99,p99_ms_min,p99_ms_max,p99_ms_sample_variance,qps_samples,qps_mean,qps_median,qps_p95,qps_p99,qps_min,qps_max,qps_sample_variance,measurement_time_ms_samples,measurement_time_ms_mean,measurement_time_ms_median,measurement_time_ms_p95,measurement_time_ms_p99,measurement_time_ms_min,measurement_time_ms_max,measurement_time_ms_sample_variance,resource_samples_samples,resource_samples_mean,resource_samples_median,resource_samples_p95,resource_samples_p99,resource_samples_min,resource_samples_max,resource_samples_sample_variance,cpu_average_percent_samples,cpu_average_percent_mean,cpu_average_percent_median,cpu_average_percent_p95,cpu_average_percent_p99,cpu_average_percent_min,cpu_average_percent_max,cpu_average_percent_sample_variance,cpu_max_percent_samples,cpu_max_percent_mean,cpu_max_percent_median,cpu_max_percent_p95,cpu_max_percent_p99,cpu_max_percent_min,cpu_max_percent_max,cpu_max_percent_sample_variance,ram_average_bytes_samples,ram_average_bytes_mean,ram_average_bytes_median,ram_average_bytes_p95,ram_average_bytes_p99,ram_average_bytes_min,ram_average_bytes_max,ram_average_bytes_sample_variance,ram_max_bytes_samples,ram_max_bytes_mean,ram_max_bytes_median,ram_max_bytes_p95,ram_max_bytes_p99,ram_max_bytes_min,ram_max_bytes_max,ram_max_bytes_sample_variance,index_size_bytes_samples,index_size_bytes_mean,index_size_bytes_median,index_size_bytes_p95,index_size_bytes_p99,index_size_bytes_min,index_size_bytes_max,index_size_bytes_sample_variance,time_to_index_ready_ms_samples,time_to_index_ready_ms_mean,time_to_index_ready_ms_median,time_to_index_ready_ms_p95,time_to_index_ready_ms_p99,time_to_index_ready_ms_min,time_to_index_ready_ms_max,time_to_index_ready_ms_sample_variance
"pgvector","PostgreSQL","hnsw","{""m"":16,""metric"":""COSINE"",""ef_construction"":128,""dimension"":1024,""force_index_scan"":true}","{""ef_search"":10}",10000,10,10,1,5,"{""javaVersion"":""21.0.11"",""os"":""Windows 11 10.0 amd64"",""resourceSampling"":""capture-window-contained-in-search-window"",""minimumMeasurementTimeMs"":5000,""protocol"":""search-parameter-sweep-v1"",""referenceRecallLevels"":[0.9,0.95],""cpu"":""AMD64 Family 25 Model 33 Stepping 0, AuthenticAMD"",""documentVectorsSha256"":""cc23f095b88585453940e8fca998f8b16f9573361b0c83f021d7bb095ba9e4c6"",""queryVectorsSha256"":""d06cc81c1169e1a926fc69a835fabda560932d8834bd687893fe0da301c4cfa9"",""containerLimits"":{""vector-postgres"":""cpuNano=4000000000,memoryBytes=8589934592,memorySwapBytes=8589934592""},""dockerServerVersion"":""29.7.2"",""springBootVersion"":""4.1.1"",""queryPartition"":{""calibrationIdsSha256"":""8b3e0cf00bea0503372f6e0e968ec87a831d597ac5132d0e7ae30ade95164508"",""evaluationIdsSha256"":""f856701d0c4b142b59ef1f22919e1e8f1c897145a9bdf88e6b18a59196a6ca25"",""calibrationQueries"":100,""method"":""query-type-stratified-sha256"",""evaluationQueries"":200},""queryDefinitionsSha256"":""e9e52e8cd2ce129bb91205fa1a08f2baf2d4ca8bd28fe9c42299eefdb99ada18"",""availableProcessors"":16,""metric"":""COSINE"",""declaredVectorDbBudget"":{""cpuCores"":4.0,""memoryBytes"":8589934592},""physicalMemoryBytes"":51460743168}",3,"[1,2,3]",3,0.666838,0.666495,0.681443,0.681443,0.652577,0.681443,0.000208,3,2.796421,2.736624,2.923473,2.923473,2.729167,2.923473,0.012120,3,2.581667,2.549100,2.656400,2.656400,2.539500,2.656400,0.004212,3,4.424667,4.199500,4.908700,4.908700,4.165800,4.908700,0.176000,3,6.464400,6.145100,7.117300,7.117300,6.130800,7.117300,0.319760,3,3553.818938,3628.378426,3636.569999,3636.569999,3396.508389,3636.569999,18576.732009,3,5155.000000,5224.000000,5236.000000,5236.000000,5005.000000,5236.000000,16911.000000,3,2.000000,2.000000,2.000000,2.000000,2.000000,2.000000,0.000000,3,261.553333,259.790000,265.670000,265.670000,259.200000,265.670000,12.797233,3,263.313333,260.950000,268.590000,268.590000,260.400000,268.590000,20.958033,3,187695103.333333,190735974.000000,193934130.000000,193934130.000000,178415206.000000,193934130.000000,67144421337989.336000,3,187974724.000000,191050547.000000,194091417.000000,194091417.000000,178782208.000000,194091417.000000,65688485396917.000000,3,49403221.333333,49405952.000000,49414144.000000,49414144.000000,49389568.000000,49414144.000000,156587349.333333,3,11945.333333,11821.000000,13048.000000,13048.000000,10967.000000,13048.000000,1094234.333333
"pgvector","PostgreSQL","hnsw","{""m"":16,""metric"":""COSINE"",""ef_construction"":128,""dimension"":1024,""force_index_scan"":true}","{""ef_search"":20}",10000,10,10,1,5,"{""javaVersion"":""21.0.11"",""os"":""Windows 11 10.0 amd64"",""resourceSampling"":""capture-window-contained-in-search-window"",""minimumMeasurementTimeMs"":5000,""protocol"":""search-parameter-sweep-v1"",""referenceRecallLevels"":[0.9,0.95],""cpu"":""AMD64 Family 25 Model 33 Stepping 0, AuthenticAMD"",""documentVectorsSha256"":""cc23f095b88585453940e8fca998f8b16f9573361b0c83f021d7bb095ba9e4c6"",""queryVectorsSha256"":""d06cc81c1169e1a926fc69a835fabda560932d8834bd687893fe0da301c4cfa9"",""containerLimits"":{""vector-postgres"":""cpuNano=4000000000,memoryBytes=8589934592,memorySwapBytes=8589934592""},""dockerServerVersion"":""29.7.2"",""springBootVersion"":""4.1.1"",""queryPartition"":{""calibrationIdsSha256"":""8b3e0cf00bea0503372f6e0e968ec87a831d597ac5132d0e7ae30ade95164508"",""evaluationIdsSha256"":""f856701d0c4b142b59ef1f22919e1e8f1c897145a9bdf88e6b18a59196a6ca25"",""calibrationQueries"":100,""method"":""query-type-stratified-sha256"",""evaluationQueries"":200},""queryDefinitionsSha256"":""e9e52e8cd2ce129bb91205fa1a08f2baf2d4ca8bd28fe9c42299eefdb99ada18"",""availableProcessors"":16,""metric"":""COSINE"",""declaredVectorDbBudget"":{""cpuCores"":4.0,""memoryBytes"":8589934592},""physicalMemoryBytes"":51460743168}",3,"[1,2,3]",3,0.738832,0.735567,0.750000,0.750000,0.730928,0.750000,0.000099,3,2.775315,2.735185,2.884081,2.884081,2.706680,2.884081,0.009076,3,2.588233,2.551900,2.682900,2.682900,2.529900,2.682900,0.006842,3,4.155167,4.079000,4.422800,4.422800,3.963700,4.422800,0.057044,3,6.251167,6.232100,6.519900,6.519900,6.001500,6.519900,0.067457,3,3581.386990,3630.868274,3668.510318,3668.510318,3444.782378,3668.510318,14349.845961,3,5212.000000,5225.000000,5232.000000,5232.000000,5179.000000,5232.000000,829.000000,3,2.000000,2.000000,2.000000,2.000000,2.000000,2.000000,0.000000,3,277.000000,273.180000,284.970000,284.970000,272.850000,284.970000,47.667900,3,279.806667,275.110000,290.400000,290.400000,273.910000,290.400000,84.524033,3,187747532.333333,190840831.000000,194458419.000000,194458419.000000,177943347.000000,194458419.000000,75363273272197.340000,3,187939771.333333,190945689.000000,194720563.000000,194720563.000000,178153062.000000,194720563.000000,75397178110334.330000,3,49403221.333333,49405952.000000,49414144.000000,49414144.000000,49389568.000000,49414144.000000,156587349.333333,3,11945.333333,11821.000000,13048.000000,13048.000000,10967.000000,13048.000000,1094234.333333
"pgvector","PostgreSQL","hnsw","{""m"":16,""metric"":""COSINE"",""ef_construction"":128,""dimension"":1024,""force_index_scan"":true}","{""ef_search"":40}",10000,10,10,1,5,"{""javaVersion"":""21.0.11"",""os"":""Windows 11 10.0 amd64"",""resourceSampling"":""capture-window-contained-in-search-window"",""minimumMeasurementTimeMs"":5000,""protocol"":""search-parameter-sweep-v1"",""referenceRecallLevels"":[0.9,0.95],""cpu"":""AMD64 Family 25 Model 33 Stepping 0, AuthenticAMD"",""documentVectorsSha256"":""cc23f095b88585453940e8fca998f8b16f9573361b0c83f021d7bb095ba9e4c6"",""queryVectorsSha256"":""d06cc81c1169e1a926fc69a835fabda560932d8834bd687893fe0da301c4cfa9"",""containerLimits"":{""vector-postgres"":""cpuNano=4000000000,memoryBytes=8589934592,memorySwapBytes=8589934592""},""dockerServerVersion"":""29.7.2"",""springBootVersion"":""4.1.1"",""queryPartition"":{""calibrationIdsSha256"":""8b3e0cf00bea0503372f6e0e968ec87a831d597ac5132d0e7ae30ade95164508"",""evaluationIdsSha256"":""f856701d0c4b142b59ef1f22919e1e8f1c897145a9bdf88e6b18a59196a6ca25"",""calibrationQueries"":100,""method"":""query-type-stratified-sha256"",""evaluationQueries"":200},""queryDefinitionsSha256"":""e9e52e8cd2ce129bb91205fa1a08f2baf2d4ca8bd28fe9c42299eefdb99ada18"",""availableProcessors"":16,""metric"":""COSINE"",""declaredVectorDbBudget"":{""cpuCores"":4.0,""memoryBytes"":8589934592},""physicalMemoryBytes"":51460743168}",3,"[1,2,3]",3,0.796048,0.800515,0.801031,0.801031,0.786598,0.801031,0.000067,3,2.844344,2.821873,2.918661,2.918661,2.792497,2.918661,0.004358,3,2.673633,2.648900,2.740300,2.740300,2.631700,2.740300,0.003407,3,4.217200,4.181900,4.355800,4.355800,4.113900,4.355800,0.015563,3,5.983200,5.991600,6.155600,6.155600,5.802400,6.155600,0.031240,3,3493.371930,3519.231319,3557.212426,3557.212426,3403.672044,3557.212426,6395.193229,3,5154.000000,5114.000000,5288.000000,5288.000000,5060.000000,5288.000000,14196.000000,3,2.000000,2.000000,2.000000,2.000000,2.000000,2.000000,0.000000,3,307.531667,307.585000,309.330000,309.330000,305.680000,309.330000,3.332758,3,310.330000,309.820000,313.170000,313.170000,308.000000,313.170000,6.877300,3,188306772.666667,190893260.000000,194353561.000000,194353561.000000,179673497.000000,194353561.000000,58893507305144.336000,3,188533964.333333,191260262.000000,194615705.000000,194615705.000000,179725926.000000,194615705.000000,61000903892664.336000,3,49403221.333333,49405952.000000,49414144.000000,49414144.000000,49389568.000000,49414144.000000,156587349.333333,3,11945.333333,11821.000000,13048.000000,13048.000000,10967.000000,13048.000000,1094234.333333
"pgvector","PostgreSQL","hnsw","{""m"":16,""metric"":""COSINE"",""ef_construction"":128,""dimension"":1024,""force_index_scan"":true}","{""ef_search"":80}",10000,10,10,1,5,"{""javaVersion"":""21.0.11"",""os"":""Windows 11 10.0 amd64"",""resourceSampling"":""capture-window-contained-in-search-window"",""minimumMeasurementTimeMs"":5000,""protocol"":""search-parameter-sweep-v1"",""referenceRecallLevels"":[0.9,0.95],""cpu"":""AMD64 Family 25 Model 33 Stepping 0, AuthenticAMD"",""documentVectorsSha256"":""cc23f095b88585453940e8fca998f8b16f9573361b0c83f021d7bb095ba9e4c6"",""queryVectorsSha256"":""d06cc81c1169e1a926fc69a835fabda560932d8834bd687893fe0da301c4cfa9"",""containerLimits"":{""vector-postgres"":""cpuNano=4000000000,memoryBytes=8589934592,memorySwapBytes=8589934592""},""dockerServerVersion"":""29.7.2"",""springBootVersion"":""4.1.1"",""queryPartition"":{""calibrationIdsSha256"":""8b3e0cf00bea0503372f6e0e968ec87a831d597ac5132d0e7ae30ade95164508"",""evaluationIdsSha256"":""f856701d0c4b142b59ef1f22919e1e8f1c897145a9bdf88e6b18a59196a6ca25"",""calibrationQueries"":100,""method"":""query-type-stratified-sha256"",""evaluationQueries"":200},""queryDefinitionsSha256"":""e9e52e8cd2ce129bb91205fa1a08f2baf2d4ca8bd28fe9c42299eefdb99ada18"",""availableProcessors"":16,""metric"":""COSINE"",""declaredVectorDbBudget"":{""cpuCores"":4.0,""memoryBytes"":8589934592},""physicalMemoryBytes"":51460743168}",3,"[1,2,3]",3,0.847079,0.845876,0.854124,0.854124,0.841237,0.854124,0.000043,3,3.108804,3.063432,3.278988,3.278988,2.983992,3.278988,0.023300,3,2.903533,2.897100,2.989600,2.989600,2.823900,2.989600,0.006895,3,4.531567,4.478800,4.853100,4.853100,4.262800,4.853100,0.089202,3,6.558367,6.293600,7.295300,7.295300,6.086200,7.295300,0.418057,3,3202.144862,3243.684756,3331.024933,3331.024933,3031.724898,3331.024933,23689.299840,3,5206.666667,5240.000000,5277.000000,5277.000000,5103.000000,5277.000000,8402.333333,3,2.000000,2.000000,2.000000,2.000000,2.000000,2.000000,0.000000,3,365.078333,361.770000,376.275000,376.275000,357.190000,376.275000,99.268108,3,369.880000,367.150000,384.120000,384.120000,358.370000,384.120000,171.355300,3,191976788.333333,191574834.000000,204996607.000000,204996607.000000,179358924.000000,204996607.000000,164443872866686.300000,3,195629328.666667,191994265.000000,214538649.000000,214538649.000000,180355072.000000,214538649.000000,302039500024272.400000,3,49403221.333333,49405952.000000,49414144.000000,49414144.000000,49389568.000000,49414144.000000,156587349.333333,3,11945.333333,11821.000000,13048.000000,13048.000000,10967.000000,13048.000000,1094234.333333
"pgvector","PostgreSQL","hnsw","{""m"":16,""metric"":""COSINE"",""ef_construction"":128,""dimension"":1024,""force_index_scan"":true}","{""ef_search"":120}",10000,10,10,1,5,"{""javaVersion"":""21.0.11"",""os"":""Windows 11 10.0 amd64"",""resourceSampling"":""capture-window-contained-in-search-window"",""minimumMeasurementTimeMs"":5000,""protocol"":""search-parameter-sweep-v1"",""referenceRecallLevels"":[0.9,0.95],""cpu"":""AMD64 Family 25 Model 33 Stepping 0, AuthenticAMD"",""documentVectorsSha256"":""cc23f095b88585453940e8fca998f8b16f9573361b0c83f021d7bb095ba9e4c6"",""queryVectorsSha256"":""d06cc81c1169e1a926fc69a835fabda560932d8834bd687893fe0da301c4cfa9"",""containerLimits"":{""vector-postgres"":""cpuNano=4000000000,memoryBytes=8589934592,memorySwapBytes=8589934592""},""dockerServerVersion"":""29.7.2"",""springBootVersion"":""4.1.1"",""queryPartition"":{""calibrationIdsSha256"":""8b3e0cf00bea0503372f6e0e968ec87a831d597ac5132d0e7ae30ade95164508"",""evaluationIdsSha256"":""f856701d0c4b142b59ef1f22919e1e8f1c897145a9bdf88e6b18a59196a6ca25"",""calibrationQueries"":100,""method"":""query-type-stratified-sha256"",""evaluationQueries"":200},""queryDefinitionsSha256"":""e9e52e8cd2ce129bb91205fa1a08f2baf2d4ca8bd28fe9c42299eefdb99ada18"",""availableProcessors"":16,""metric"":""COSINE"",""declaredVectorDbBudget"":{""cpuCores"":4.0,""memoryBytes"":8589934592},""physicalMemoryBytes"":51460743168}",3,"[1,2,3]",3,0.881100,0.887113,0.889175,0.889175,0.867010,0.889175,0.000150,3,3.338554,3.266370,3.511611,3.511611,3.237681,3.511611,0.022667,3,3.099867,3.041500,3.217300,3.217300,3.040800,3.217300,0.010343,3,5.203600,5.044900,5.759700,5.759700,4.806200,5.759700,0.246180,3,7.451300,7.319300,8.468100,8.468100,6.566500,8.468100,0.917089,3,2980.988431,3044.029991,3066.270499,3066.270499,2832.664802,3066.270499,16623.584158,3,5256.333333,5256.000000,5295.000000,5295.000000,5218.000000,5295.000000,1482.333333,3,2.000000,2.000000,2.000000,2.000000,2.000000,2.000000,0.000000,3,394.523333,395.580000,397.110000,397.110000,390.880000,397.110000,10.540633,3,396.246667,398.490000,398.680000,398.680000,391.570000,398.680000,16.412433,3,188656297.666667,191941836.000000,194720562.000000,194720562.000000,179306495.000000,194720562.000000,67494436974974.330000,3,188813584.333333,192203980.000000,194825420.000000,194825420.000000,179411353.000000,194825420.000000,68019452452536.336000,3,49403221.333333,49405952.000000,49414144.000000,49414144.000000,49389568.000000,49414144.000000,156587349.333333,3,11945.333333,11821.000000,13048.000000,13048.000000,10967.000000,13048.000000,1094234.333333
"pgvector","PostgreSQL","hnsw","{""m"":16,""metric"":""COSINE"",""ef_construction"":128,""dimension"":1024,""force_index_scan"":true}","{""ef_search"":200}",10000,10,10,1,5,"{""javaVersion"":""21.0.11"",""os"":""Windows 11 10.0 amd64"",""resourceSampling"":""capture-window-contained-in-search-window"",""minimumMeasurementTimeMs"":5000,""protocol"":""search-parameter-sweep-v1"",""referenceRecallLevels"":[0.9,0.95],""cpu"":""AMD64 Family 25 Model 33 Stepping 0, AuthenticAMD"",""documentVectorsSha256"":""cc23f095b88585453940e8fca998f8b16f9573361b0c83f021d7bb095ba9e4c6"",""queryVectorsSha256"":""d06cc81c1169e1a926fc69a835fabda560932d8834bd687893fe0da301c4cfa9"",""containerLimits"":{""vector-postgres"":""cpuNano=4000000000,memoryBytes=8589934592,memorySwapBytes=8589934592""},""dockerServerVersion"":""29.7.2"",""springBootVersion"":""4.1.1"",""queryPartition"":{""calibrationIdsSha256"":""8b3e0cf00bea0503372f6e0e968ec87a831d597ac5132d0e7ae30ade95164508"",""evaluationIdsSha256"":""f856701d0c4b142b59ef1f22919e1e8f1c897145a9bdf88e6b18a59196a6ca25"",""calibrationQueries"":100,""method"":""query-type-stratified-sha256"",""evaluationQueries"":200},""queryDefinitionsSha256"":""e9e52e8cd2ce129bb91205fa1a08f2baf2d4ca8bd28fe9c42299eefdb99ada18"",""availableProcessors"":16,""metric"":""COSINE"",""declaredVectorDbBudget"":{""cpuCores"":4.0,""memoryBytes"":8589934592},""physicalMemoryBytes"":51460743168}",3,"[1,2,3]",3,0.926117,0.927835,0.928866,0.928866,0.921649,0.928866,0.000015,3,4.452675,4.379364,4.604790,4.604790,4.373871,4.604790,0.017362,3,3.568267,3.525300,3.661100,3.661100,3.518400,3.661100,0.006475,3,7.896600,7.601700,8.531400,8.531400,7.556700,8.531400,0.302735,3,21.742933,21.445000,22.495600,22.495600,21.288200,22.495600,0.431027,3,2234.587380,2273.456157,2276.472415,2276.472415,2153.833568,2276.472415,4893.158022,3,5218.666667,5271.000000,5278.000000,5278.000000,5107.000000,5278.000000,9364.333333,3,2.000000,2.000000,2.000000,2.000000,2.000000,2.000000,0.000000,3,391.680000,390.945000,393.420000,393.420000,390.675000,393.420000,2.288925,3,393.646667,392.040000,396.990000,396.990000,391.910000,396.990000,8.387633,3,189512635.000000,192099123.000000,195559423.000000,195559423.000000,180879359.000000,195559423.000000,58893509891632.000000,3,189687398.000000,192308838.000000,195664281.000000,195664281.000000,181089075.000000,195664281.000000,58263118240809.000000,3,49403221.333333,49405952.000000,49414144.000000,49414144.000000,49389568.000000,49414144.000000,156587349.333333,3,11945.333333,11821.000000,13048.000000,13048.000000,10967.000000,13048.000000,1094234.333333
"pgvector","PostgreSQL","hnsw","{""m"":16,""metric"":""COSINE"",""ef_construction"":128,""dimension"":1024,""force_index_scan"":true}","{""ef_search"":400}",10000,10,10,1,5,"{""javaVersion"":""21.0.11"",""os"":""Windows 11 10.0 amd64"",""resourceSampling"":""capture-window-contained-in-search-window"",""minimumMeasurementTimeMs"":5000,""protocol"":""search-parameter-sweep-v1"",""referenceRecallLevels"":[0.9,0.95],""cpu"":""AMD64 Family 25 Model 33 Stepping 0, AuthenticAMD"",""documentVectorsSha256"":""cc23f095b88585453940e8fca998f8b16f9573361b0c83f021d7bb095ba9e4c6"",""queryVectorsSha256"":""d06cc81c1169e1a926fc69a835fabda560932d8834bd687893fe0da301c4cfa9"",""containerLimits"":{""vector-postgres"":""cpuNano=4000000000,memoryBytes=8589934592,memorySwapBytes=8589934592""},""dockerServerVersion"":""29.7.2"",""springBootVersion"":""4.1.1"",""queryPartition"":{""calibrationIdsSha256"":""8b3e0cf00bea0503372f6e0e968ec87a831d597ac5132d0e7ae30ade95164508"",""evaluationIdsSha256"":""f856701d0c4b142b59ef1f22919e1e8f1c897145a9bdf88e6b18a59196a6ca25"",""calibrationQueries"":100,""method"":""query-type-stratified-sha256"",""evaluationQueries"":200},""queryDefinitionsSha256"":""e9e52e8cd2ce129bb91205fa1a08f2baf2d4ca8bd28fe9c42299eefdb99ada18"",""availableProcessors"":16,""metric"":""COSINE"",""declaredVectorDbBudget"":{""cpuCores"":4.0,""memoryBytes"":8589934592},""physicalMemoryBytes"":51460743168}",3,"[1,2,3]",3,0.946735,0.945876,0.950000,0.950000,0.944330,0.950000,0.000009,3,6.713705,6.769732,7.163497,7.163497,6.207887,7.163497,0.230652,3,4.442533,4.549300,4.586000,4.586000,4.192300,4.586000,0.047299,3,33.920333,34.249000,34.681600,34.681600,32.830400,34.681600,0.937752,3,40.686400,39.377500,44.821600,44.821600,37.860100,44.821600,13.400535,3,1486.623357,1466.048578,1602.682963,1602.682963,1391.138531,1602.682963,11505.252774,3,5367.333333,5456.000000,5615.000000,5615.000000,5031.000000,5615.000000,91160.333333,3,2.000000,2.000000,2.000000,2.000000,2.000000,2.000000,0.000000,3,392.498333,391.660000,394.835000,394.835000,391.000000,394.835000,4.203908,3,396.166667,397.230000,397.460000,397.460000,393.810000,397.460000,4.178633,3,193200127.333333,195926425.000000,203161599.000000,203161599.000000,180512358.000000,203161599.000000,133821553694474.340000,3,196503142.000000,196188569.000000,212546355.000000,212546355.000000,180774502.000000,212546355.000000,252436877892649.000000,3,49403221.333333,49405952.000000,49414144.000000,49414144.000000,49389568.000000,49414144.000000,156587349.333333,3,11945.333333,11821.000000,13048.000000,13048.000000,10967.000000,13048.000000,1094234.333333
"pgvector","PostgreSQL","hnsw","{""m"":16,""metric"":""COSINE"",""ef_construction"":128,""dimension"":1024,""force_index_scan"":true}","{""ef_search"":800}",10000,10,10,1,5,"{""javaVersion"":""21.0.11"",""os"":""Windows 11 10.0 amd64"",""resourceSampling"":""capture-window-contained-in-search-window"",""minimumMeasurementTimeMs"":5000,""protocol"":""search-parameter-sweep-v1"",""referenceRecallLevels"":[0.9,0.95],""cpu"":""AMD64 Family 25 Model 33 Stepping 0, AuthenticAMD"",""documentVectorsSha256"":""cc23f095b88585453940e8fca998f8b16f9573361b0c83f021d7bb095ba9e4c6"",""queryVectorsSha256"":""d06cc81c1169e1a926fc69a835fabda560932d8834bd687893fe0da301c4cfa9"",""containerLimits"":{""vector-postgres"":""cpuNano=4000000000,memoryBytes=8589934592,memorySwapBytes=8589934592""},""dockerServerVersion"":""29.7.2"",""springBootVersion"":""4.1.1"",""queryPartition"":{""calibrationIdsSha256"":""8b3e0cf00bea0503372f6e0e968ec87a831d597ac5132d0e7ae30ade95164508"",""evaluationIdsSha256"":""f856701d0c4b142b59ef1f22919e1e8f1c897145a9bdf88e6b18a59196a6ca25"",""calibrationQueries"":100,""method"":""query-type-stratified-sha256"",""evaluationQueries"":200},""queryDefinitionsSha256"":""e9e52e8cd2ce129bb91205fa1a08f2baf2d4ca8bd28fe9c42299eefdb99ada18"",""availableProcessors"":16,""metric"":""COSINE"",""declaredVectorDbBudget"":{""cpuCores"":4.0,""memoryBytes"":8589934592},""physicalMemoryBytes"":51460743168}",3,"[1,2,3]",3,0.957216,0.957216,0.957216,0.957216,0.957216,0.957216,0.000000,3,10.529510,10.644809,10.951041,10.951041,9.992679,10.951041,0.239585,3,6.069833,6.161400,6.287100,6.287100,5.761000,6.287100,0.075484,3,49.463033,49.505400,50.724300,50.724300,48.159400,50.724300,1.646024,3,53.953400,54.499100,54.800900,54.800900,52.560200,54.800900,1.478525,3,944.871647,928.457796,997.771258,997.771258,908.385886,997.771258,2199.497072,3,5300.000000,5385.000000,5504.000000,5504.000000,5011.000000,5504.000000,66181.000000,3,2.000000,2.000000,2.000000,2.000000,2.000000,2.000000,0.000000,3,399.196667,399.550000,400.050000,400.050000,397.990000,400.050000,1.154533,3,402.273333,402.280000,402.860000,402.860000,401.680000,402.860000,0.348133,3,190421401.000000,193619558.000000,196922572.000000,196922572.000000,180722073.000000,196922572.000000,73285198109737.000000,3,190910736.666667,194301132.000000,197342003.000000,197342003.000000,181089075.000000,197342003.000000,74660502530512.340000,3,49403221.333333,49405952.000000,49414144.000000,49414144.000000,49389568.000000,49414144.000000,156587349.333333,3,11945.333333,11821.000000,13048.000000,13048.000000,10967.000000,13048.000000,1094234.333333
"pgvector","PostgreSQL","hnsw","{""m"":16,""metric"":""COSINE"",""ef_construction"":128,""dimension"":1024,""force_index_scan"":true}","{""ef_search"":1000}",10000,10,10,1,5,"{""javaVersion"":""21.0.11"",""os"":""Windows 11 10.0 amd64"",""resourceSampling"":""capture-window-contained-in-search-window"",""minimumMeasurementTimeMs"":5000,""protocol"":""search-parameter-sweep-v1"",""referenceRecallLevels"":[0.9,0.95],""cpu"":""AMD64 Family 25 Model 33 Stepping 0, AuthenticAMD"",""documentVectorsSha256"":""cc23f095b88585453940e8fca998f8b16f9573361b0c83f021d7bb095ba9e4c6"",""queryVectorsSha256"":""d06cc81c1169e1a926fc69a835fabda560932d8834bd687893fe0da301c4cfa9"",""containerLimits"":{""vector-postgres"":""cpuNano=4000000000,memoryBytes=8589934592,memorySwapBytes=8589934592""},""dockerServerVersion"":""29.7.2"",""springBootVersion"":""4.1.1"",""queryPartition"":{""calibrationIdsSha256"":""8b3e0cf00bea0503372f6e0e968ec87a831d597ac5132d0e7ae30ade95164508"",""evaluationIdsSha256"":""f856701d0c4b142b59ef1f22919e1e8f1c897145a9bdf88e6b18a59196a6ca25"",""calibrationQueries"":100,""method"":""query-type-stratified-sha256"",""evaluationQueries"":200},""queryDefinitionsSha256"":""e9e52e8cd2ce129bb91205fa1a08f2baf2d4ca8bd28fe9c42299eefdb99ada18"",""availableProcessors"":16,""metric"":""COSINE"",""declaredVectorDbBudget"":{""cpuCores"":4.0,""memoryBytes"":8589934592},""physicalMemoryBytes"":51460743168}",3,"[1,2,3]",3,0.957216,0.957216,0.957216,0.957216,0.957216,0.957216,0.000000,3,13.309679,13.545914,13.836612,13.836612,12.546511,13.836612,0.457945,3,7.259933,7.356300,7.580900,7.580900,6.842600,7.580900,0.143237,3,55.368500,55.739000,55.776400,55.776400,54.590100,55.776400,0.454780,3,59.423400,59.226100,59.957600,59.957600,59.086500,59.957600,0.218899,3,748.795627,736.466982,795.119351,795.119351,714.800549,795.119351,1726.774084,3,5352.000000,5431.000000,5595.000000,5595.000000,5030.000000,5595.000000,84487.000000,3,2.000000,2.000000,2.000000,2.000000,2.000000,2.000000,0.000000,3,397.165000,396.855000,399.090000,399.090000,395.550000,399.090000,3.204975,3,398.213333,398.680000,399.490000,399.490000,396.470000,399.490000,2.443433,3,194126369.333333,197446860.000000,201903308.000000,201903308.000000,183028940.000000,201903308.000000,97329685550421.330000,3,196118664.000000,200697446.000000,204262604.000000,204262604.000000,183395942.000000,204262604.000000,124578329208204.000000,3,49403221.333333,49405952.000000,49414144.000000,49414144.000000,49389568.000000,49414144.000000,156587349.333333,3,11945.333333,11821.000000,13048.000000,13048.000000,10967.000000,13048.000000,1094234.333333
"pgvector","PostgreSQL","ivfflat","{""force_index_scan"":true,""dimension"":1024,""lists"":10,""metric"":""COSINE""}","{""probes"":1}",10000,10,10,1,5,"{""javaVersion"":""21.0.11"",""os"":""Windows 11 10.0 amd64"",""resourceSampling"":""capture-window-contained-in-search-window"",""minimumMeasurementTimeMs"":5000,""protocol"":""search-parameter-sweep-v1"",""referenceRecallLevels"":[0.9,0.95],""cpu"":""AMD64 Family 25 Model 33 Stepping 0, AuthenticAMD"",""documentVectorsSha256"":""cc23f095b88585453940e8fca998f8b16f9573361b0c83f021d7bb095ba9e4c6"",""queryVectorsSha256"":""d06cc81c1169e1a926fc69a835fabda560932d8834bd687893fe0da301c4cfa9"",""dockerServerVersion"":""29.7.2"",""containerLimits"":{""vector-postgres"":""cpuNano=4000000000,memoryBytes=8589934592,memorySwapBytes=8589934592""},""springBootVersion"":""4.1.1"",""queryPartition"":{""calibrationIdsSha256"":""8b3e0cf00bea0503372f6e0e968ec87a831d597ac5132d0e7ae30ade95164508"",""evaluationQueries"":200,""method"":""query-type-stratified-sha256"",""calibrationQueries"":100,""evaluationIdsSha256"":""f856701d0c4b142b59ef1f22919e1e8f1c897145a9bdf88e6b18a59196a6ca25""},""queryDefinitionsSha256"":""e9e52e8cd2ce129bb91205fa1a08f2baf2d4ca8bd28fe9c42299eefdb99ada18"",""availableProcessors"":16,""metric"":""COSINE"",""declaredVectorDbBudget"":{""cpuCores"":4.0,""memoryBytes"":8589934592},""physicalMemoryBytes"":51460743168}",3,"[1,2,3]",3,0.868041,0.851546,0.904124,0.904124,0.848454,0.904124,0.000979,3,5.723610,5.490486,6.536681,6.536681,5.143663,6.536681,0.525885,3,4.139967,4.070300,4.495800,4.495800,3.853800,4.495800,0.106681,3,24.090600,23.438500,29.138200,29.138200,19.695100,29.138200,22.611960,3,32.668567,29.356100,40.362300,40.362300,28.287300,40.362300,44.680733,3,1753.093026,1811.518198,1932.722733,1932.722733,1515.038146,1932.722733,46175.229301,3,5324.666667,5280.000000,5520.000000,5520.000000,5174.000000,5520.000000,31425.333333,3,2.000000,2.000000,2.000000,2.000000,2.000000,2.000000,0.000000,3,397.445000,398.375000,399.925000,399.925000,394.035000,399.925000,9.321700,3,398.330000,398.520000,400.460000,400.460000,396.010000,400.460000,4.977700,3,221109725.000000,218261094.000000,229847858.000000,229847858.000000,215220223.000000,229847858.000000,59577950353927.000000,3,224500121.000000,218837811.000000,239389900.000000,239389900.000000,215272652.000000,239389900.000000,169456728675451.000000,3,82010112.000000,82010112.000000,82010112.000000,82010112.000000,82010112.000000,82010112.000000,0.000000,3,3539.333333,3462.000000,3741.000000,3741.000000,3415.000000,3741.000000,31054.333333
"pgvector","PostgreSQL","ivfflat","{""force_index_scan"":true,""dimension"":1024,""lists"":10,""metric"":""COSINE""}","{""probes"":2}",10000,10,10,1,5,"{""javaVersion"":""21.0.11"",""os"":""Windows 11 10.0 amd64"",""resourceSampling"":""capture-window-contained-in-search-window"",""minimumMeasurementTimeMs"":5000,""protocol"":""search-parameter-sweep-v1"",""referenceRecallLevels"":[0.9,0.95],""cpu"":""AMD64 Family 25 Model 33 Stepping 0, AuthenticAMD"",""documentVectorsSha256"":""cc23f095b88585453940e8fca998f8b16f9573361b0c83f021d7bb095ba9e4c6"",""queryVectorsSha256"":""d06cc81c1169e1a926fc69a835fabda560932d8834bd687893fe0da301c4cfa9"",""dockerServerVersion"":""29.7.2"",""containerLimits"":{""vector-postgres"":""cpuNano=4000000000,memoryBytes=8589934592,memorySwapBytes=8589934592""},""springBootVersion"":""4.1.1"",""queryPartition"":{""calibrationIdsSha256"":""8b3e0cf00bea0503372f6e0e968ec87a831d597ac5132d0e7ae30ade95164508"",""evaluationQueries"":200,""method"":""query-type-stratified-sha256"",""calibrationQueries"":100,""evaluationIdsSha256"":""f856701d0c4b142b59ef1f22919e1e8f1c897145a9bdf88e6b18a59196a6ca25""},""queryDefinitionsSha256"":""e9e52e8cd2ce129bb91205fa1a08f2baf2d4ca8bd28fe9c42299eefdb99ada18"",""availableProcessors"":16,""metric"":""COSINE"",""declaredVectorDbBudget"":{""cpuCores"":4.0,""memoryBytes"":8589934592},""physicalMemoryBytes"":51460743168}",3,"[1,2,3]",3,0.954296,0.951546,0.960309,0.960309,0.951031,0.960309,0.000027,3,9.037541,9.318869,9.777109,9.777109,8.016646,9.777109,0.834167,3,5.607533,5.743500,6.007200,6.007200,5.071900,6.007200,0.232562,3,43.054000,43.125900,45.172100,45.172100,40.864000,45.172100,4.643809,3,48.413600,49.402500,50.157600,50.157600,45.680700,50.157600,5.744101,3,1109.851148,1069.508327,1241.365901,1241.365901,1018.679215,1241.365901,13617.997438,3,5712.333333,5638.000000,5889.000000,5889.000000,5610.000000,5889.000000,23604.333333,3,2.000000,2.000000,2.000000,2.000000,2.000000,2.000000,0.000000,3,396.231667,396.850000,398.760000,398.760000,393.085000,398.760000,8.338158,3,397.503333,396.900000,401.700000,401.700000,393.910000,401.700000,15.444033,3,218330998.666667,218680524.000000,221144678.000000,221144678.000000,215167794.000000,221144678.000000,9022411556345.334000,3,218698000.666667,219047526.000000,221249536.000000,221249536.000000,215796940.000000,221249536.000000,7524326753785.334000,3,82010112.000000,82010112.000000,82010112.000000,82010112.000000,82010112.000000,82010112.000000,0.000000,3,3539.333333,3462.000000,3741.000000,3741.000000,3415.000000,3741.000000,31054.333333
"pgvector","PostgreSQL","ivfflat","{""force_index_scan"":true,""dimension"":1024,""lists"":10,""metric"":""COSINE""}","{""probes"":3}",10000,10,10,1,5,"{""javaVersion"":""21.0.11"",""os"":""Windows 11 10.0 amd64"",""resourceSampling"":""capture-window-contained-in-search-window"",""minimumMeasurementTimeMs"":5000,""protocol"":""search-parameter-sweep-v1"",""referenceRecallLevels"":[0.9,0.95],""cpu"":""AMD64 Family 25 Model 33 Stepping 0, AuthenticAMD"",""documentVectorsSha256"":""cc23f095b88585453940e8fca998f8b16f9573361b0c83f021d7bb095ba9e4c6"",""queryVectorsSha256"":""d06cc81c1169e1a926fc69a835fabda560932d8834bd687893fe0da301c4cfa9"",""dockerServerVersion"":""29.7.2"",""containerLimits"":{""vector-postgres"":""cpuNano=4000000000,memoryBytes=8589934592,memorySwapBytes=8589934592""},""springBootVersion"":""4.1.1"",""queryPartition"":{""calibrationIdsSha256"":""8b3e0cf00bea0503372f6e0e968ec87a831d597ac5132d0e7ae30ade95164508"",""evaluationQueries"":200,""method"":""query-type-stratified-sha256"",""calibrationQueries"":100,""evaluationIdsSha256"":""f856701d0c4b142b59ef1f22919e1e8f1c897145a9bdf88e6b18a59196a6ca25""},""queryDefinitionsSha256"":""e9e52e8cd2ce129bb91205fa1a08f2baf2d4ca8bd28fe9c42299eefdb99ada18"",""availableProcessors"":16,""metric"":""COSINE"",""declaredVectorDbBudget"":{""cpuCores"":4.0,""memoryBytes"":8589934592},""physicalMemoryBytes"":51460743168}",3,"[1,2,3]",3,0.971649,0.970103,0.975258,0.975258,0.969588,0.975258,0.000010,3,12.081550,12.143865,13.197949,13.197949,10.902836,13.197949,1.319799,3,6.995033,7.032700,7.581800,7.581800,6.370600,7.581800,0.367815,3,51.309200,51.373800,52.530700,52.530700,50.023100,52.530700,1.575144,3,55.998567,56.136100,57.438600,57.438600,54.421000,57.438600,2.290664,3,830.284701,821.135947,914.519915,914.519915,755.198242,914.519915,6408.623656,3,5617.333333,5467.000000,6089.000000,6089.000000,5296.000000,6089.000000,174162.333333,3,2.333333,2.000000,3.000000,3.000000,2.000000,3.000000,0.333333,3,395.429444,394.690000,397.023333,397.023333,394.575000,397.023333,1.908668,3,397.640000,395.560000,402.750000,402.750000,394.610000,402.750000,19.809700,3,218511586.666667,218156236.000000,222035967.000000,222035967.000000,215342557.000000,222035967.000000,11295139929250.332000,3,218732953.333333,218313523.000000,222193254.000000,222193254.000000,215692083.000000,222193254.000000,10698247446200.332000,3,82010112.000000,82010112.000000,82010112.000000,82010112.000000,82010112.000000,82010112.000000,0.000000,3,3539.333333,3462.000000,3741.000000,3741.000000,3415.000000,3741.000000,31054.333333
"pgvector","PostgreSQL","ivfflat","{""force_index_scan"":true,""dimension"":1024,""lists"":10,""metric"":""COSINE""}","{""probes"":4}",10000,10,10,1,5,"{""javaVersion"":""21.0.11"",""os"":""Windows 11 10.0 amd64"",""resourceSampling"":""capture-window-contained-in-search-window"",""minimumMeasurementTimeMs"":5000,""protocol"":""search-parameter-sweep-v1"",""referenceRecallLevels"":[0.9,0.95],""cpu"":""AMD64 Family 25 Model 33 Stepping 0, AuthenticAMD"",""documentVectorsSha256"":""cc23f095b88585453940e8fca998f8b16f9573361b0c83f021d7bb095ba9e4c6"",""queryVectorsSha256"":""d06cc81c1169e1a926fc69a835fabda560932d8834bd687893fe0da301c4cfa9"",""dockerServerVersion"":""29.7.2"",""containerLimits"":{""vector-postgres"":""cpuNano=4000000000,memoryBytes=8589934592,memorySwapBytes=8589934592""},""springBootVersion"":""4.1.1"",""queryPartition"":{""calibrationIdsSha256"":""8b3e0cf00bea0503372f6e0e968ec87a831d597ac5132d0e7ae30ade95164508"",""evaluationQueries"":200,""method"":""query-type-stratified-sha256"",""calibrationQueries"":100,""evaluationIdsSha256"":""f856701d0c4b142b59ef1f22919e1e8f1c897145a9bdf88e6b18a59196a6ca25""},""queryDefinitionsSha256"":""e9e52e8cd2ce129bb91205fa1a08f2baf2d4ca8bd28fe9c42299eefdb99ada18"",""availableProcessors"":16,""metric"":""COSINE"",""declaredVectorDbBudget"":{""cpuCores"":4.0,""memoryBytes"":8589934592},""physicalMemoryBytes"":51460743168}",3,"[1,2,3]",3,0.973024,0.974742,0.976804,0.976804,0.967526,0.976804,0.000024,3,15.517838,15.047723,17.086965,17.086965,14.418826,17.086965,1.945497,3,8.361633,7.901300,9.317800,9.317800,7.865800,9.317800,0.686006,3,57.481733,57.734400,58.618900,58.618900,56.091900,58.618900,1.644313,3,62.676700,62.950600,64.267400,64.267400,60.812100,64.267400,3.041040,3,644.497697,662.809030,689.441659,689.441659,581.242401,689.441659,3178.248571,3,5665.333333,5801.000000,6034.000000,6034.000000,5161.000000,6034.000000,204336.333333,3,2.333333,2.000000,3.000000,3.000000,2.000000,3.000000,0.333333,3,392.942222,392.980000,393.890000,393.890000,391.956667,393.890000,0.935515,3,394.676667,394.620000,396.330000,396.330000,393.080000,396.330000,2.643033,3,221313615.000000,222088396.000000,222647637.000000,222647637.000000,219204812.000000,222647637.000000,3413475193627.000000,3,225513744.666667,222612684.000000,234566451.000000,234566451.000000,219362099.000000,234566451.000000,64105194678736.336000,3,82010112.000000,82010112.000000,82010112.000000,82010112.000000,82010112.000000,82010112.000000,0.000000,3,3539.333333,3462.000000,3741.000000,3741.000000,3415.000000,3741.000000,31054.333333
"pgvector","PostgreSQL","ivfflat","{""force_index_scan"":true,""dimension"":1024,""lists"":10,""metric"":""COSINE""}","{""probes"":5}",10000,10,10,1,5,"{""javaVersion"":""21.0.11"",""os"":""Windows 11 10.0 amd64"",""resourceSampling"":""capture-window-contained-in-search-window"",""minimumMeasurementTimeMs"":5000,""protocol"":""search-parameter-sweep-v1"",""referenceRecallLevels"":[0.9,0.95],""cpu"":""AMD64 Family 25 Model 33 Stepping 0, AuthenticAMD"",""documentVectorsSha256"":""cc23f095b88585453940e8fca998f8b16f9573361b0c83f021d7bb095ba9e4c6"",""queryVectorsSha256"":""d06cc81c1169e1a926fc69a835fabda560932d8834bd687893fe0da301c4cfa9"",""dockerServerVersion"":""29.7.2"",""containerLimits"":{""vector-postgres"":""cpuNano=4000000000,memoryBytes=8589934592,memorySwapBytes=8589934592""},""springBootVersion"":""4.1.1"",""queryPartition"":{""calibrationIdsSha256"":""8b3e0cf00bea0503372f6e0e968ec87a831d597ac5132d0e7ae30ade95164508"",""evaluationQueries"":200,""method"":""query-type-stratified-sha256"",""calibrationQueries"":100,""evaluationIdsSha256"":""f856701d0c4b142b59ef1f22919e1e8f1c897145a9bdf88e6b18a59196a6ca25""},""queryDefinitionsSha256"":""e9e52e8cd2ce129bb91205fa1a08f2baf2d4ca8bd28fe9c42299eefdb99ada18"",""availableProcessors"":16,""metric"":""COSINE"",""declaredVectorDbBudget"":{""cpuCores"":4.0,""memoryBytes"":8589934592},""physicalMemoryBytes"":51460743168}",3,"[1,2,3]",3,0.974914,0.975258,0.976804,0.976804,0.972680,0.976804,0.000004,3,18.537385,17.522557,21.049414,21.049414,17.040184,21.049414,4.790887,3,9.720133,9.176400,11.122600,11.122600,8.861400,11.122600,1.499991,3,61.414600,60.814200,63.957100,63.957100,59.472500,63.957100,5.298269,3,64.960533,63.746300,67.476000,67.476000,63.659300,67.476000,4.747572,3,541.428533,569.352398,584.697439,584.697439,470.235761,584.697439,3860.175602,3,5592.666667,5269.000000,6379.000000,6379.000000,5130.000000,6379.000000,468570.333333,3,2.333333,2.000000,3.000000,3.000000,2.000000,3.000000,0.333333,3,393.361111,393.763333,394.290000,394.290000,392.030000,394.290000,1.398237,3,394.300000,394.600000,395.710000,395.710000,392.590000,395.710000,2.501100,3,218861112.666667,218575667.000000,222053444.000000,222053444.000000,215954227.000000,222053444.000000,9361221424736.334000,3,219292194.000000,218837811.000000,223032115.000000,223032115.000000,216006656.000000,223032115.000000,12494116473187.000000,3,82010112.000000,82010112.000000,82010112.000000,82010112.000000,82010112.000000,82010112.000000,0.000000,3,3539.333333,3462.000000,3741.000000,3741.000000,3415.000000,3741.000000,31054.333333
"pgvector","PostgreSQL","ivfflat","{""force_index_scan"":true,""dimension"":1024,""lists"":10,""metric"":""COSINE""}","{""probes"":6}",10000,10,10,1,5,"{""javaVersion"":""21.0.11"",""os"":""Windows 11 10.0 amd64"",""resourceSampling"":""capture-window-contained-in-search-window"",""minimumMeasurementTimeMs"":5000,""protocol"":""search-parameter-sweep-v1"",""referenceRecallLevels"":[0.9,0.95],""cpu"":""AMD64 Family 25 Model 33 Stepping 0, AuthenticAMD"",""documentVectorsSha256"":""cc23f095b88585453940e8fca998f8b16f9573361b0c83f021d7bb095ba9e4c6"",""queryVectorsSha256"":""d06cc81c1169e1a926fc69a835fabda560932d8834bd687893fe0da301c4cfa9"",""dockerServerVersion"":""29.7.2"",""containerLimits"":{""vector-postgres"":""cpuNano=4000000000,memoryBytes=8589934592,memorySwapBytes=8589934592""},""springBootVersion"":""4.1.1"",""queryPartition"":{""calibrationIdsSha256"":""8b3e0cf00bea0503372f6e0e968ec87a831d597ac5132d0e7ae30ade95164508"",""evaluationQueries"":200,""method"":""query-type-stratified-sha256"",""calibrationQueries"":100,""evaluationIdsSha256"":""f856701d0c4b142b59ef1f22919e1e8f1c897145a9bdf88e6b18a59196a6ca25""},""queryDefinitionsSha256"":""e9e52e8cd2ce129bb91205fa1a08f2baf2d4ca8bd28fe9c42299eefdb99ada18"",""availableProcessors"":16,""metric"":""COSINE"",""declaredVectorDbBudget"":{""cpuCores"":4.0,""memoryBytes"":8589934592},""physicalMemoryBytes"":51460743168}",3,"[1,2,3]",3,0.976976,0.976804,0.978351,0.978351,0.975773,0.978351,0.000002,3,21.637318,20.885139,24.387034,24.387034,19.639782,24.387034,6.058430,3,11.050700,10.684100,12.422000,12.422000,10.046000,12.422000,1.512141,3,64.370867,63.807400,66.613500,66.613500,62.691700,66.613500,4.083250,3,68.540700,67.594600,71.662300,71.662300,66.365200,71.662300,7.686146,3,463.899700,474.634804,507.990504,507.990504,409.073791,507.990504,2532.560882,3,6519.333333,6320.000000,7333.000000,7333.000000,5905.000000,7333.000000,539596.333333,3,2.666667,3.000000,3.000000,3.000000,2.000000,3.000000,0.333333,3,395.859444,396.195000,396.336667,396.336667,395.046667,396.336667,0.500473,3,397.986667,396.990000,400.490000,400.490000,396.480000,400.490000,4.765033,3,219292193.666667,218732953.000000,222472874.000000,222472874.000000,216670754.000000,222472874.000000,8650711716040.334000,3,219886387.000000,219152384.000000,222717542.000000,222717542.000000,217789235.000000,222717542.000000,6476122774569.000000,3,82010112.000000,82010112.000000,82010112.000000,82010112.000000,82010112.000000,82010112.000000,0.000000,3,3539.333333,3462.000000,3741.000000,3741.000000,3415.000000,3741.000000,31054.333333
"pgvector","PostgreSQL","ivfflat","{""force_index_scan"":true,""dimension"":1024,""lists"":10,""metric"":""COSINE""}","{""probes"":8}",10000,10,10,1,5,"{""javaVersion"":""21.0.11"",""os"":""Windows 11 10.0 amd64"",""resourceSampling"":""capture-window-contained-in-search-window"",""minimumMeasurementTimeMs"":5000,""protocol"":""search-parameter-sweep-v1"",""referenceRecallLevels"":[0.9,0.95],""cpu"":""AMD64 Family 25 Model 33 Stepping 0, AuthenticAMD"",""documentVectorsSha256"":""cc23f095b88585453940e8fca998f8b16f9573361b0c83f021d7bb095ba9e4c6"",""queryVectorsSha256"":""d06cc81c1169e1a926fc69a835fabda560932d8834bd687893fe0da301c4cfa9"",""dockerServerVersion"":""29.7.2"",""containerLimits"":{""vector-postgres"":""cpuNano=4000000000,memoryBytes=8589934592,memorySwapBytes=8589934592""},""springBootVersion"":""4.1.1"",""queryPartition"":{""calibrationIdsSha256"":""8b3e0cf00bea0503372f6e0e968ec87a831d597ac5132d0e7ae30ade95164508"",""evaluationQueries"":200,""method"":""query-type-stratified-sha256"",""calibrationQueries"":100,""evaluationIdsSha256"":""f856701d0c4b142b59ef1f22919e1e8f1c897145a9bdf88e6b18a59196a6ca25""},""queryDefinitionsSha256"":""e9e52e8cd2ce129bb91205fa1a08f2baf2d4ca8bd28fe9c42299eefdb99ada18"",""availableProcessors"":16,""metric"":""COSINE"",""declaredVectorDbBudget"":{""cpuCores"":4.0,""memoryBytes"":8589934592},""physicalMemoryBytes"":51460743168}",3,"[1,2,3]",3,0.981959,0.982990,0.984536,0.984536,0.978351,0.984536,0.000010,3,27.979559,27.267071,32.173500,32.173500,24.498105,32.173500,15.108652,3,13.999433,13.565000,16.335100,16.335100,12.098200,16.335100,4.629380,3,70.267367,70.069300,73.088100,73.088100,67.644700,73.088100,7.437074,3,75.175767,74.167300,78.785000,78.785000,72.575000,78.785000,10.403779,3,360.318382,366.076463,404.696143,404.696143,310.182539,404.696143,2258.071942,3,6440.666667,6447.000000,7412.000000,7412.000000,5463.000000,7412.000000,949680.333333,3,2.666667,3.000000,3.000000,3.000000,2.000000,3.000000,0.333333,3,393.040000,391.730000,396.063333,396.063333,391.326667,396.063333,6.896078,3,394.060000,392.690000,397.670000,397.670000,391.820000,397.670000,9.963300,3,221400996.333333,222158301.000000,224360311.000000,224360311.000000,217684377.000000,224360311.000000,11572156461705.334000,3,221564108.666667,222507827.000000,224395264.000000,224395264.000000,217789235.000000,224395264.000000,11577858006712.332000,3,82010112.000000,82010112.000000,82010112.000000,82010112.000000,82010112.000000,82010112.000000,0.000000,3,3539.333333,3462.000000,3741.000000,3741.000000,3415.000000,3741.000000,31054.333333
"pgvector","PostgreSQL","ivfflat","{""force_index_scan"":true,""dimension"":1024,""lists"":10,""metric"":""COSINE""}","{""probes"":10}",10000,10,10,1,5,"{""javaVersion"":""21.0.11"",""os"":""Windows 11 10.0 amd64"",""resourceSampling"":""capture-window-contained-in-search-window"",""minimumMeasurementTimeMs"":5000,""protocol"":""search-parameter-sweep-v1"",""referenceRecallLevels"":[0.9,0.95],""cpu"":""AMD64 Family 25 Model 33 Stepping 0, AuthenticAMD"",""documentVectorsSha256"":""cc23f095b88585453940e8fca998f8b16f9573361b0c83f021d7bb095ba9e4c6"",""queryVectorsSha256"":""d06cc81c1169e1a926fc69a835fabda560932d8834bd687893fe0da301c4cfa9"",""dockerServerVersion"":""29.7.2"",""containerLimits"":{""vector-postgres"":""cpuNano=4000000000,memoryBytes=8589934592,memorySwapBytes=8589934592""},""springBootVersion"":""4.1.1"",""queryPartition"":{""calibrationIdsSha256"":""8b3e0cf00bea0503372f6e0e968ec87a831d597ac5132d0e7ae30ade95164508"",""evaluationQueries"":200,""method"":""query-type-stratified-sha256"",""calibrationQueries"":100,""evaluationIdsSha256"":""f856701d0c4b142b59ef1f22919e1e8f1c897145a9bdf88e6b18a59196a6ca25""},""queryDefinitionsSha256"":""e9e52e8cd2ce129bb91205fa1a08f2baf2d4ca8bd28fe9c42299eefdb99ada18"",""availableProcessors"":16,""metric"":""COSINE"",""declaredVectorDbBudget"":{""cpuCores"":4.0,""memoryBytes"":8589934592},""physicalMemoryBytes"":51460743168}",3,"[1,2,3]",3,0.978694,0.978866,0.979381,0.979381,0.977835,0.979381,0.000001,3,33.696975,31.969388,38.907018,38.907018,30.214518,38.907018,21.128303,3,16.700800,15.696800,19.655300,19.655300,14.750300,19.655300,6.770768,3,74.039667,73.051600,76.895200,76.895200,72.172200,76.895200,6.308889,3,82.537600,80.296000,87.634400,87.634400,79.682400,87.634400,19.577154,3,299.231296,311.251250,329.959530,329.959530,256.483107,329.959530,1458.055648,3,6761.000000,6425.000000,7797.000000,7797.000000,6061.000000,7797.000000,838096.000000,3,3.000000,3.000000,3.000000,3.000000,3.000000,3.000000,0.000000,3,394.215556,393.273333,397.333333,397.333333,392.040000,397.333333,7.670681,3,396.033333,394.910000,400.650000,400.650000,392.540000,400.650000,17.389433,3,220958263.666667,221004867.000000,223241829.000000,223241829.000000,218628095.000000,223241829.000000,5323264258697.333000,3,221878681.000000,221668966.000000,223661260.000000,223661260.000000,220305817.000000,223661260.000000,2847734717481.000000,3,82010112.000000,82010112.000000,82010112.000000,82010112.000000,82010112.000000,82010112.000000,0.000000,3,3539.333333,3462.000000,3741.000000,3741.000000,3415.000000,3741.000000,31054.333333
"qdrant","Native","hnsw","{""m"":16,""payload_index_fields"":{""tenant"":""keyword"",""access_level"":""keyword"",""status"":""keyword"",""benchmark_selectivity_10"":""keyword"",""benchmark_selectivity_50"":""keyword"",""benchmark_selectivity_01"":""keyword"",""tenant_id"":""keyword"",""language"":""keyword"",""category"":""keyword""},""metric"":""COSINE"",""dimension"":1024,""indexing_threshold_kb"":10,""full_scan_threshold_kb"":10,""ef_construct"":128}","{""hnsw_ef"":10}",10000,10,10,1,5,"{""javaVersion"":""21.0.11"",""os"":""Windows 11 10.0 amd64"",""resourceSampling"":""capture-window-contained-in-search-window"",""minimumMeasurementTimeMs"":5000,""protocol"":""search-parameter-sweep-v1"",""referenceRecallLevels"":[0.9,0.95],""cpu"":""AMD64 Family 25 Model 33 Stepping 0, AuthenticAMD"",""documentVectorsSha256"":""cc23f095b88585453940e8fca998f8b16f9573361b0c83f021d7bb095ba9e4c6"",""queryVectorsSha256"":""d06cc81c1169e1a926fc69a835fabda560932d8834bd687893fe0da301c4cfa9"",""dockerServerVersion"":""29.7.2"",""containerLimits"":{""vector-qdrant"":""cpuNano=4000000000,memoryBytes=8589934592,memorySwapBytes=8589934592""},""springBootVersion"":""4.1.1"",""queryPartition"":{""method"":""query-type-stratified-sha256"",""calibrationQueries"":100,""evaluationIdsSha256"":""f856701d0c4b142b59ef1f22919e1e8f1c897145a9bdf88e6b18a59196a6ca25"",""calibrationIdsSha256"":""8b3e0cf00bea0503372f6e0e968ec87a831d597ac5132d0e7ae30ade95164508"",""evaluationQueries"":200},""queryDefinitionsSha256"":""e9e52e8cd2ce129bb91205fa1a08f2baf2d4ca8bd28fe9c42299eefdb99ada18"",""availableProcessors"":16,""metric"":""COSINE"",""declaredVectorDbBudget"":{""memoryBytes"":8589934592,""cpuCores"":4.0},""physicalMemoryBytes"":51460743168}",3,"[1,2,3]",3,0.907904,0.917010,0.925773,0.925773,0.880928,0.925773,0.000565,3,3.239067,3.354451,3.356145,3.356145,3.006606,3.356145,0.040529,3,2.940833,3.016100,3.067800,3.067800,2.738600,3.067800,0.031342,3,5.481800,5.602000,5.851600,5.851600,4.991800,5.851600,0.195650,3,7.492533,7.692800,7.931800,7.931800,6.853000,7.931800,0.321032,3,3074.257996,2960.326124,3302.348113,3302.348113,2960.099750,3302.348113,39018.839138,3,5093.666667,5067.000000,5147.000000,5147.000000,5067.000000,5147.000000,2133.333333,3,2.000000,2.000000,2.000000,2.000000,2.000000,2.000000,0.000000,3,330.213333,330.700000,331.115000,331.115000,328.825000,331.115000,1.488658,3,339.606667,342.520000,345.570000,345.570000,330.730000,345.570000,61.422033,3,120970717.333333,120481382.000000,122735820.000000,122735820.000000,119694950.000000,122735820.000000,2491309390561.333500,3,124710638.333333,124151398.000000,126458265.000000,126458265.000000,123522252.000000,126458265.000000,2389605396862.333500,0,,,,,,,,3,9809.666667,9833.000000,10011.000000,10011.000000,9585.000000,10011.000000,45777.333333
"qdrant","Native","hnsw","{""m"":16,""payload_index_fields"":{""tenant"":""keyword"",""access_level"":""keyword"",""status"":""keyword"",""benchmark_selectivity_10"":""keyword"",""benchmark_selectivity_50"":""keyword"",""benchmark_selectivity_01"":""keyword"",""tenant_id"":""keyword"",""language"":""keyword"",""category"":""keyword""},""metric"":""COSINE"",""dimension"":1024,""indexing_threshold_kb"":10,""full_scan_threshold_kb"":10,""ef_construct"":128}","{""hnsw_ef"":20}",10000,10,10,1,5,"{""javaVersion"":""21.0.11"",""os"":""Windows 11 10.0 amd64"",""resourceSampling"":""capture-window-contained-in-search-window"",""minimumMeasurementTimeMs"":5000,""protocol"":""search-parameter-sweep-v1"",""referenceRecallLevels"":[0.9,0.95],""cpu"":""AMD64 Family 25 Model 33 Stepping 0, AuthenticAMD"",""documentVectorsSha256"":""cc23f095b88585453940e8fca998f8b16f9573361b0c83f021d7bb095ba9e4c6"",""queryVectorsSha256"":""d06cc81c1169e1a926fc69a835fabda560932d8834bd687893fe0da301c4cfa9"",""dockerServerVersion"":""29.7.2"",""containerLimits"":{""vector-qdrant"":""cpuNano=4000000000,memoryBytes=8589934592,memorySwapBytes=8589934592""},""springBootVersion"":""4.1.1"",""queryPartition"":{""method"":""query-type-stratified-sha256"",""calibrationQueries"":100,""evaluationIdsSha256"":""f856701d0c4b142b59ef1f22919e1e8f1c897145a9bdf88e6b18a59196a6ca25"",""calibrationIdsSha256"":""8b3e0cf00bea0503372f6e0e968ec87a831d597ac5132d0e7ae30ade95164508"",""evaluationQueries"":200},""queryDefinitionsSha256"":""e9e52e8cd2ce129bb91205fa1a08f2baf2d4ca8bd28fe9c42299eefdb99ada18"",""availableProcessors"":16,""metric"":""COSINE"",""declaredVectorDbBudget"":{""memoryBytes"":8589934592,""cpuCores"":4.0},""physicalMemoryBytes"":51460743168}",3,"[1,2,3]",3,0.951546,0.952062,0.961340,0.961340,0.941237,0.961340,0.000101,3,2.666238,2.682120,2.722860,2.722860,2.593734,2.722860,0.004358,3,2.489733,2.507500,2.540300,2.540300,2.421400,2.540300,0.003771,3,3.751067,3.788900,3.868700,3.868700,3.595600,3.868700,0.019719,3,6.456300,6.456500,6.483100,6.483100,6.429300,6.483100,0.000724,3,3729.344040,3705.571369,3831.282135,3831.282135,3651.178617,3831.282135,8533.174243,3,5183.333333,5203.000000,5220.000000,5220.000000,5127.000000,5220.000000,2452.333333,3,2.000000,2.000000,2.000000,2.000000,2.000000,2.000000,0.000000,3,362.766667,364.545000,365.185000,365.185000,358.570000,365.185000,13.311408,3,363.546667,365.180000,366.820000,366.820000,358.640000,366.820000,18.728933,3,111673343.666667,112459776.000000,112826777.000000,112826777.000000,109733478.000000,112826777.000000,2855981537034.333500,3,111813154.000000,112721920.000000,112931635.000000,112931635.000000,109785907.000000,112931635.000000,3093292894563.000000,0,,,,,,,,3,9809.666667,9833.000000,10011.000000,10011.000000,9585.000000,10011.000000,45777.333333
"qdrant","Native","hnsw","{""m"":16,""payload_index_fields"":{""tenant"":""keyword"",""access_level"":""keyword"",""status"":""keyword"",""benchmark_selectivity_10"":""keyword"",""benchmark_selectivity_50"":""keyword"",""benchmark_selectivity_01"":""keyword"",""tenant_id"":""keyword"",""language"":""keyword"",""category"":""keyword""},""metric"":""COSINE"",""dimension"":1024,""indexing_threshold_kb"":10,""full_scan_threshold_kb"":10,""ef_construct"":128}","{""hnsw_ef"":40}",10000,10,10,1,5,"{""javaVersion"":""21.0.11"",""os"":""Windows 11 10.0 amd64"",""resourceSampling"":""capture-window-contained-in-search-window"",""minimumMeasurementTimeMs"":5000,""protocol"":""search-parameter-sweep-v1"",""referenceRecallLevels"":[0.9,0.95],""cpu"":""AMD64 Family 25 Model 33 Stepping 0, AuthenticAMD"",""documentVectorsSha256"":""cc23f095b88585453940e8fca998f8b16f9573361b0c83f021d7bb095ba9e4c6"",""queryVectorsSha256"":""d06cc81c1169e1a926fc69a835fabda560932d8834bd687893fe0da301c4cfa9"",""dockerServerVersion"":""29.7.2"",""containerLimits"":{""vector-qdrant"":""cpuNano=4000000000,memoryBytes=8589934592,memorySwapBytes=8589934592""},""springBootVersion"":""4.1.1"",""queryPartition"":{""method"":""query-type-stratified-sha256"",""calibrationQueries"":100,""evaluationIdsSha256"":""f856701d0c4b142b59ef1f22919e1e8f1c897145a9bdf88e6b18a59196a6ca25"",""calibrationIdsSha256"":""8b3e0cf00bea0503372f6e0e968ec87a831d597ac5132d0e7ae30ade95164508"",""evaluationQueries"":200},""queryDefinitionsSha256"":""e9e52e8cd2ce129bb91205fa1a08f2baf2d4ca8bd28fe9c42299eefdb99ada18"",""availableProcessors"":16,""metric"":""COSINE"",""declaredVectorDbBudget"":{""memoryBytes"":8589934592,""cpuCores"":4.0},""physicalMemoryBytes"":51460743168}",3,"[1,2,3]",3,0.962715,0.966495,0.968557,0.968557,0.953093,0.968557,0.000070,3,2.694019,2.711615,2.774320,2.774320,2.596123,2.774320,0.008171,3,2.546333,2.562300,2.618600,2.618600,2.458100,2.618600,0.006631,3,3.722333,3.747600,3.853400,3.853400,3.566000,3.853400,0.021128,3,5.866267,6.021200,6.048600,6.048600,5.529000,6.048600,0.085499,3,3693.278195,3667.036767,3829.134521,3829.134521,3583.663297,3829.134521,15580.489859,3,5142.000000,5181.000000,5223.000000,5223.000000,5022.000000,5223.000000,11241.000000,3,2.000000,2.000000,2.000000,2.000000,2.000000,2.000000,0.000000,3,372.891667,373.710000,375.190000,375.190000,369.775000,375.190000,7.832808,3,382.363333,383.310000,385.310000,385.310000,378.470000,385.310000,12.368533,3,107933422.333333,108108185.000000,108789759.000000,108789759.000000,106902323.000000,108789759.000000,913510155769.333300,3,108632473.333333,108632473.000000,109261619.000000,109261619.000000,108003328.000000,109261619.000000,395824060170.333300,0,,,,,,,,3,9809.666667,9833.000000,10011.000000,10011.000000,9585.000000,10011.000000,45777.333333
"qdrant","Native","hnsw","{""m"":16,""payload_index_fields"":{""tenant"":""keyword"",""access_level"":""keyword"",""status"":""keyword"",""benchmark_selectivity_10"":""keyword"",""benchmark_selectivity_50"":""keyword"",""benchmark_selectivity_01"":""keyword"",""tenant_id"":""keyword"",""language"":""keyword"",""category"":""keyword""},""metric"":""COSINE"",""dimension"":1024,""indexing_threshold_kb"":10,""full_scan_threshold_kb"":10,""ef_construct"":128}","{""hnsw_ef"":80}",10000,10,10,1,5,"{""javaVersion"":""21.0.11"",""os"":""Windows 11 10.0 amd64"",""resourceSampling"":""capture-window-contained-in-search-window"",""minimumMeasurementTimeMs"":5000,""protocol"":""search-parameter-sweep-v1"",""referenceRecallLevels"":[0.9,0.95],""cpu"":""AMD64 Family 25 Model 33 Stepping 0, AuthenticAMD"",""documentVectorsSha256"":""cc23f095b88585453940e8fca998f8b16f9573361b0c83f021d7bb095ba9e4c6"",""queryVectorsSha256"":""d06cc81c1169e1a926fc69a835fabda560932d8834bd687893fe0da301c4cfa9"",""dockerServerVersion"":""29.7.2"",""containerLimits"":{""vector-qdrant"":""cpuNano=4000000000,memoryBytes=8589934592,memorySwapBytes=8589934592""},""springBootVersion"":""4.1.1"",""queryPartition"":{""method"":""query-type-stratified-sha256"",""calibrationQueries"":100,""evaluationIdsSha256"":""f856701d0c4b142b59ef1f22919e1e8f1c897145a9bdf88e6b18a59196a6ca25"",""calibrationIdsSha256"":""8b3e0cf00bea0503372f6e0e968ec87a831d597ac5132d0e7ae30ade95164508"",""evaluationQueries"":200},""queryDefinitionsSha256"":""e9e52e8cd2ce129bb91205fa1a08f2baf2d4ca8bd28fe9c42299eefdb99ada18"",""availableProcessors"":16,""metric"":""COSINE"",""declaredVectorDbBudget"":{""memoryBytes"":8589934592,""cpuCores"":4.0},""physicalMemoryBytes"":51460743168}",3,"[1,2,3]",3,0.976804,0.977320,0.978866,0.978866,0.974227,0.978866,0.000006,3,2.943397,2.904745,3.128826,3.128826,2.796620,3.128826,0.028711,3,2.778367,2.736700,2.945100,2.945100,2.653300,2.945100,0.022589,3,4.141000,4.095700,4.521200,4.521200,3.806100,4.521200,0.129381,3,6.619467,6.673300,7.192000,7.192000,5.993100,7.192000,0.361514,3,3386.132563,3424.494128,3556.045289,3556.045289,3177.858272,3556.045289,36860.062082,3,5117.000000,5061.000000,5256.000000,5256.000000,5034.000000,5256.000000,14673.000000,3,2.000000,2.000000,2.000000,2.000000,2.000000,2.000000,0.000000,3,389.385000,388.360000,392.005000,392.005000,387.790000,392.005000,5.229525,3,402.183333,401.740000,403.750000,403.750000,401.060000,403.750000,1.956433,3,108562568.000000,108108185.000000,109785907.000000,109785907.000000,107793612.000000,109785907.000000,1147157774773.000000,3,108947046.000000,108632473.000000,109995622.000000,109995622.000000,108213043.000000,109995622.000000,868614102057.000000,0,,,,,,,,3,9809.666667,9833.000000,10011.000000,10011.000000,9585.000000,10011.000000,45777.333333
"qdrant","Native","hnsw","{""m"":16,""payload_index_fields"":{""tenant"":""keyword"",""access_level"":""keyword"",""status"":""keyword"",""benchmark_selectivity_10"":""keyword"",""benchmark_selectivity_50"":""keyword"",""benchmark_selectivity_01"":""keyword"",""tenant_id"":""keyword"",""language"":""keyword"",""category"":""keyword""},""metric"":""COSINE"",""dimension"":1024,""indexing_threshold_kb"":10,""full_scan_threshold_kb"":10,""ef_construct"":128}","{""hnsw_ef"":120}",10000,10,10,1,5,"{""javaVersion"":""21.0.11"",""os"":""Windows 11 10.0 amd64"",""resourceSampling"":""capture-window-contained-in-search-window"",""minimumMeasurementTimeMs"":5000,""protocol"":""search-parameter-sweep-v1"",""referenceRecallLevels"":[0.9,0.95],""cpu"":""AMD64 Family 25 Model 33 Stepping 0, AuthenticAMD"",""documentVectorsSha256"":""cc23f095b88585453940e8fca998f8b16f9573361b0c83f021d7bb095ba9e4c6"",""queryVectorsSha256"":""d06cc81c1169e1a926fc69a835fabda560932d8834bd687893fe0da301c4cfa9"",""dockerServerVersion"":""29.7.2"",""containerLimits"":{""vector-qdrant"":""cpuNano=4000000000,memoryBytes=8589934592,memorySwapBytes=8589934592""},""springBootVersion"":""4.1.1"",""queryPartition"":{""method"":""query-type-stratified-sha256"",""calibrationQueries"":100,""evaluationIdsSha256"":""f856701d0c4b142b59ef1f22919e1e8f1c897145a9bdf88e6b18a59196a6ca25"",""calibrationIdsSha256"":""8b3e0cf00bea0503372f6e0e968ec87a831d597ac5132d0e7ae30ade95164508"",""evaluationQueries"":200},""queryDefinitionsSha256"":""e9e52e8cd2ce129bb91205fa1a08f2baf2d4ca8bd28fe9c42299eefdb99ada18"",""availableProcessors"":16,""metric"":""COSINE"",""declaredVectorDbBudget"":{""memoryBytes"":8589934592,""cpuCores"":4.0},""physicalMemoryBytes"":51460743168}",3,"[1,2,3]",3,0.980412,0.980412,0.983505,0.983505,0.977320,0.983505,0.000010,3,3.344033,3.226379,3.744993,3.744993,3.060728,3.744993,0.127437,3,3.108267,3.007300,3.473100,3.473100,2.844400,3.473100,0.106462,3,4.757467,4.446100,5.504200,5.504200,4.322100,5.504200,0.422052,3,9.655267,9.471500,11.344500,11.344500,8.149800,11.344500,2.576855,3,2996.414257,3084.166776,3249.357263,3249.357263,2655.718732,3249.357263,93877.054878,3,5229.666667,5231.000000,5271.000000,5271.000000,5187.000000,5271.000000,1765.333333,3,2.000000,2.000000,2.000000,2.000000,2.000000,2.000000,0.000000,3,392.663333,392.020000,396.790000,396.790000,389.180000,396.790000,14.788433,3,395.796667,397.640000,397.790000,397.790000,391.960000,397.790000,11.045633,3,108475186.333333,108055756.000000,109523762.000000,109523762.000000,107846041.000000,109523762.000000,835628291850.333300,3,108772283.333333,108422758.000000,109890764.000000,109890764.000000,108003328.000000,109890764.000000,982229632505.333400,0,,,,,,,,3,9809.666667,9833.000000,10011.000000,10011.000000,9585.000000,10011.000000,45777.333333
"qdrant","Native","hnsw","{""m"":16,""payload_index_fields"":{""tenant"":""keyword"",""access_level"":""keyword"",""status"":""keyword"",""benchmark_selectivity_10"":""keyword"",""benchmark_selectivity_50"":""keyword"",""benchmark_selectivity_01"":""keyword"",""tenant_id"":""keyword"",""language"":""keyword"",""category"":""keyword""},""metric"":""COSINE"",""dimension"":1024,""indexing_threshold_kb"":10,""full_scan_threshold_kb"":10,""ef_construct"":128}","{""hnsw_ef"":200}",10000,10,10,1,5,"{""javaVersion"":""21.0.11"",""os"":""Windows 11 10.0 amd64"",""resourceSampling"":""capture-window-contained-in-search-window"",""minimumMeasurementTimeMs"":5000,""protocol"":""search-parameter-sweep-v1"",""referenceRecallLevels"":[0.9,0.95],""cpu"":""AMD64 Family 25 Model 33 Stepping 0, AuthenticAMD"",""documentVectorsSha256"":""cc23f095b88585453940e8fca998f8b16f9573361b0c83f021d7bb095ba9e4c6"",""queryVectorsSha256"":""d06cc81c1169e1a926fc69a835fabda560932d8834bd687893fe0da301c4cfa9"",""dockerServerVersion"":""29.7.2"",""containerLimits"":{""vector-qdrant"":""cpuNano=4000000000,memoryBytes=8589934592,memorySwapBytes=8589934592""},""springBootVersion"":""4.1.1"",""queryPartition"":{""method"":""query-type-stratified-sha256"",""calibrationQueries"":100,""evaluationIdsSha256"":""f856701d0c4b142b59ef1f22919e1e8f1c897145a9bdf88e6b18a59196a6ca25"",""calibrationIdsSha256"":""8b3e0cf00bea0503372f6e0e968ec87a831d597ac5132d0e7ae30ade95164508"",""evaluationQueries"":200},""queryDefinitionsSha256"":""e9e52e8cd2ce129bb91205fa1a08f2baf2d4ca8bd28fe9c42299eefdb99ada18"",""availableProcessors"":16,""metric"":""COSINE"",""declaredVectorDbBudget"":{""memoryBytes"":8589934592,""cpuCores"":4.0},""physicalMemoryBytes"":51460743168}",3,"[1,2,3]",3,0.977491,0.977835,0.978351,0.978351,0.976289,0.978351,0.000001,3,3.971094,3.925606,4.198612,4.198612,3.789063,4.198612,0.043484,3,3.567833,3.569000,3.753500,3.753500,3.381000,3.753500,0.034690,3,5.981967,5.779000,6.485900,6.485900,5.681000,6.485900,0.192863,3,17.873900,18.058300,19.104400,19.104400,16.459000,19.104400,1.775038,3,2510.517879,2535.734645,2624.740413,2624.740413,2371.078579,2624.740413,16562.995456,3,5173.000000,5126.000000,5333.000000,5333.000000,5060.000000,5333.000000,20289.000000,3,2.000000,2.000000,2.000000,2.000000,2.000000,2.000000,0.000000,3,391.821667,391.700000,393.325000,393.325000,390.440000,393.325000,2.091908,3,394.343333,395.150000,395.330000,395.330000,392.550000,395.330000,2.420133,3,107898469.666667,107741183.000000,108842188.000000,108842188.000000,107112038.000000,108842188.000000,766909077258.333300,3,108143137.666667,107793612.000000,108947046.000000,108947046.000000,107688755.000000,108947046.000000,487450203914.333300,0,,,,,,,,3,9809.666667,9833.000000,10011.000000,10011.000000,9585.000000,10011.000000,45777.333333
"qdrant","Native","hnsw","{""m"":16,""payload_index_fields"":{""tenant"":""keyword"",""access_level"":""keyword"",""status"":""keyword"",""benchmark_selectivity_10"":""keyword"",""benchmark_selectivity_50"":""keyword"",""benchmark_selectivity_01"":""keyword"",""tenant_id"":""keyword"",""language"":""keyword"",""category"":""keyword""},""metric"":""COSINE"",""dimension"":1024,""indexing_threshold_kb"":10,""full_scan_threshold_kb"":10,""ef_construct"":128}","{""hnsw_ef"":400}",10000,10,10,1,5,"{""javaVersion"":""21.0.11"",""os"":""Windows 11 10.0 amd64"",""resourceSampling"":""capture-window-contained-in-search-window"",""minimumMeasurementTimeMs"":5000,""protocol"":""search-parameter-sweep-v1"",""referenceRecallLevels"":[0.9,0.95],""cpu"":""AMD64 Family 25 Model 33 Stepping 0, AuthenticAMD"",""documentVectorsSha256"":""cc23f095b88585453940e8fca998f8b16f9573361b0c83f021d7bb095ba9e4c6"",""queryVectorsSha256"":""d06cc81c1169e1a926fc69a835fabda560932d8834bd687893fe0da301c4cfa9"",""dockerServerVersion"":""29.7.2"",""containerLimits"":{""vector-qdrant"":""cpuNano=4000000000,memoryBytes=8589934592,memorySwapBytes=8589934592""},""springBootVersion"":""4.1.1"",""queryPartition"":{""method"":""query-type-stratified-sha256"",""calibrationQueries"":100,""evaluationIdsSha256"":""f856701d0c4b142b59ef1f22919e1e8f1c897145a9bdf88e6b18a59196a6ca25"",""calibrationIdsSha256"":""8b3e0cf00bea0503372f6e0e968ec87a831d597ac5132d0e7ae30ade95164508"",""evaluationQueries"":200},""queryDefinitionsSha256"":""e9e52e8cd2ce129bb91205fa1a08f2baf2d4ca8bd28fe9c42299eefdb99ada18"",""availableProcessors"":16,""metric"":""COSINE"",""declaredVectorDbBudget"":{""memoryBytes"":8589934592,""cpuCores"":4.0},""physicalMemoryBytes"":51460743168}",3,"[1,2,3]",3,0.977663,0.976804,0.981443,0.981443,0.974742,0.981443,0.000012,3,5.256412,5.065527,5.668087,5.668087,5.035621,5.668087,0.127331,3,4.364467,4.321600,4.668700,4.668700,4.103100,4.668700,0.081354,3,9.388133,8.750800,11.224300,11.224300,8.189300,11.224300,2.607452,3,31.442167,32.438200,33.232800,33.232800,28.655500,33.232800,5.981981,3,1899.713305,1966.862459,1975.500358,1975.500358,1756.777099,1975.500358,15341.722555,3,5089.666667,5084.000000,5123.000000,5123.000000,5062.000000,5123.000000,954.333333,3,2.000000,2.000000,2.000000,2.000000,2.000000,2.000000,0.000000,3,394.875000,395.015000,403.365000,403.365000,386.245000,403.365000,73.288300,3,396.676667,395.260000,405.850000,405.850000,388.920000,405.850000,73.161433,3,107653802.000000,107374182.000000,108947046.000000,108947046.000000,106640178.000000,108947046.000000,1389050500656.000000,3,107968375.000000,107479040.000000,109156761.000000,109156761.000000,107269324.000000,109156761.000000,1070191163911.000000,0,,,,,,,,3,9809.666667,9833.000000,10011.000000,10011.000000,9585.000000,10011.000000,45777.333333
"qdrant","Native","hnsw","{""m"":16,""payload_index_fields"":{""tenant"":""keyword"",""access_level"":""keyword"",""status"":""keyword"",""benchmark_selectivity_10"":""keyword"",""benchmark_selectivity_50"":""keyword"",""benchmark_selectivity_01"":""keyword"",""tenant_id"":""keyword"",""language"":""keyword"",""category"":""keyword""},""metric"":""COSINE"",""dimension"":1024,""indexing_threshold_kb"":10,""full_scan_threshold_kb"":10,""ef_construct"":128}","{""hnsw_ef"":800}",10000,10,10,1,5,"{""javaVersion"":""21.0.11"",""os"":""Windows 11 10.0 amd64"",""resourceSampling"":""capture-window-contained-in-search-window"",""minimumMeasurementTimeMs"":5000,""protocol"":""search-parameter-sweep-v1"",""referenceRecallLevels"":[0.9,0.95],""cpu"":""AMD64 Family 25 Model 33 Stepping 0, AuthenticAMD"",""documentVectorsSha256"":""cc23f095b88585453940e8fca998f8b16f9573361b0c83f021d7bb095ba9e4c6"",""queryVectorsSha256"":""d06cc81c1169e1a926fc69a835fabda560932d8834bd687893fe0da301c4cfa9"",""dockerServerVersion"":""29.7.2"",""containerLimits"":{""vector-qdrant"":""cpuNano=4000000000,memoryBytes=8589934592,memorySwapBytes=8589934592""},""springBootVersion"":""4.1.1"",""queryPartition"":{""method"":""query-type-stratified-sha256"",""calibrationQueries"":100,""evaluationIdsSha256"":""f856701d0c4b142b59ef1f22919e1e8f1c897145a9bdf88e6b18a59196a6ca25"",""calibrationIdsSha256"":""8b3e0cf00bea0503372f6e0e968ec87a831d597ac5132d0e7ae30ade95164508"",""evaluationQueries"":200},""queryDefinitionsSha256"":""e9e52e8cd2ce129bb91205fa1a08f2baf2d4ca8bd28fe9c42299eefdb99ada18"",""availableProcessors"":16,""metric"":""COSINE"",""declaredVectorDbBudget"":{""memoryBytes"":8589934592,""cpuCores"":4.0},""physicalMemoryBytes"":51460743168}",3,"[1,2,3]",3,0.978866,0.980928,0.981959,0.981959,0.973711,0.981959,0.000020,3,7.482493,7.595165,7.736909,7.736909,7.115404,7.736909,0.106088,3,5.813167,5.899700,6.034800,6.034800,5.505000,6.034800,0.075788,3,19.637200,19.322300,20.384200,20.384200,19.205100,20.384200,0.421941,3,41.540933,41.851600,42.117200,42.117200,40.654000,42.117200,0.607624,3,1333.343998,1312.032523,1399.674828,1399.674828,1288.324644,1399.674828,3440.350060,3,5256.333333,5335.000000,5433.000000,5433.000000,5001.000000,5433.000000,51297.333333,3,2.000000,2.000000,2.000000,2.000000,2.000000,2.000000,0.000000,3,394.136667,395.125000,397.555000,397.555000,389.730000,397.555000,16.040258,3,395.330000,395.210000,400.830000,400.830000,389.950000,400.830000,29.604400,3,108265471.333333,107846041.000000,109681049.000000,109681049.000000,107269324.000000,109681049.000000,1586045722296.333300,3,108422758.000000,107898470.000000,110100480.000000,110100480.000000,107269324.000000,110100480.000000,2210019504292.000000,0,,,,,,,,3,9809.666667,9833.000000,10011.000000,10011.000000,9585.000000,10011.000000,45777.333333
"qdrant","Native","hnsw","{""m"":16,""payload_index_fields"":{""tenant"":""keyword"",""access_level"":""keyword"",""status"":""keyword"",""benchmark_selectivity_10"":""keyword"",""benchmark_selectivity_50"":""keyword"",""benchmark_selectivity_01"":""keyword"",""tenant_id"":""keyword"",""language"":""keyword"",""category"":""keyword""},""metric"":""COSINE"",""dimension"":1024,""indexing_threshold_kb"":10,""full_scan_threshold_kb"":10,""ef_construct"":128}","{""hnsw_ef"":1000}",10000,10,10,1,5,"{""javaVersion"":""21.0.11"",""os"":""Windows 11 10.0 amd64"",""resourceSampling"":""capture-window-contained-in-search-window"",""minimumMeasurementTimeMs"":5000,""protocol"":""search-parameter-sweep-v1"",""referenceRecallLevels"":[0.9,0.95],""cpu"":""AMD64 Family 25 Model 33 Stepping 0, AuthenticAMD"",""documentVectorsSha256"":""cc23f095b88585453940e8fca998f8b16f9573361b0c83f021d7bb095ba9e4c6"",""queryVectorsSha256"":""d06cc81c1169e1a926fc69a835fabda560932d8834bd687893fe0da301c4cfa9"",""dockerServerVersion"":""29.7.2"",""containerLimits"":{""vector-qdrant"":""cpuNano=4000000000,memoryBytes=8589934592,memorySwapBytes=8589934592""},""springBootVersion"":""4.1.1"",""queryPartition"":{""method"":""query-type-stratified-sha256"",""calibrationQueries"":100,""evaluationIdsSha256"":""f856701d0c4b142b59ef1f22919e1e8f1c897145a9bdf88e6b18a59196a6ca25"",""calibrationIdsSha256"":""8b3e0cf00bea0503372f6e0e968ec87a831d597ac5132d0e7ae30ade95164508"",""evaluationQueries"":200},""queryDefinitionsSha256"":""e9e52e8cd2ce129bb91205fa1a08f2baf2d4ca8bd28fe9c42299eefdb99ada18"",""availableProcessors"":16,""metric"":""COSINE"",""declaredVectorDbBudget"":{""memoryBytes"":8589934592,""cpuCores"":4.0},""physicalMemoryBytes"":51460743168}",3,"[1,2,3]",3,0.978351,0.980412,0.981959,0.981959,0.972680,0.981959,0.000025,3,8.168148,8.071076,8.631245,8.631245,7.802121,8.631245,0.178929,3,6.221700,6.150700,6.531700,6.531700,5.982700,6.531700,0.079131,3,21.404133,21.255400,22.513100,22.513100,20.443900,22.513100,1.086988,3,44.998167,45.681700,45.868900,45.868900,43.443900,45.868900,1.820570,3,1219.934399,1232.582530,1272.523322,1272.523322,1154.697343,1272.523322,3590.721731,3,5458.333333,5500.000000,5679.000000,5679.000000,5196.000000,5679.000000,59624.333333,3,2.000000,2.000000,2.000000,2.000000,2.000000,2.000000,0.000000,3,391.930000,391.915000,394.690000,394.690000,389.185000,394.690000,7.576425,3,394.783333,395.790000,399.250000,399.250000,389.310000,399.250000,25.460933,3,107723707.333333,107426611.000000,108527615.000000,108527615.000000,107216896.000000,108527615.000000,495695747700.333300,3,107968375.333333,107688755.000000,108737331.000000,108737331.000000,107479040.000000,108737331.000000,454464708280.333300,0,,,,,,,,3,9809.666667,9833.000000,10011.000000,10011.000000,9585.000000,10011.000000,45777.333333
"weaviate","Native","hfresh","{""replicas"":4,""distance"":""cosine"",""rqBits"":1,""dimension"":1024,""maxPostingSizeKB"":48}","{""searchProbe"":8}",10000,10,10,1,5,"{""javaVersion"":""21.0.11"",""os"":""Windows 11 10.0 amd64"",""resourceSampling"":""capture-window-contained-in-search-window"",""minimumMeasurementTimeMs"":5000,""protocol"":""search-parameter-sweep-v1"",""referenceRecallLevels"":[0.9,0.95],""cpu"":""AMD64 Family 25 Model 33 Stepping 0, AuthenticAMD"",""documentVectorsSha256"":""cc23f095b88585453940e8fca998f8b16f9573361b0c83f021d7bb095ba9e4c6"",""queryVectorsSha256"":""d06cc81c1169e1a926fc69a835fabda560932d8834bd687893fe0da301c4cfa9"",""dockerServerVersion"":""29.7.2"",""containerLimits"":{""vector-weaviate"":""cpuNano=4000000000,memoryBytes=8589934592,memorySwapBytes=8589934592""},""springBootVersion"":""4.1.1"",""queryPartition"":{""method"":""query-type-stratified-sha256"",""evaluationQueries"":200,""calibrationIdsSha256"":""8b3e0cf00bea0503372f6e0e968ec87a831d597ac5132d0e7ae30ade95164508"",""evaluationIdsSha256"":""f856701d0c4b142b59ef1f22919e1e8f1c897145a9bdf88e6b18a59196a6ca25"",""calibrationQueries"":100},""queryDefinitionsSha256"":""e9e52e8cd2ce129bb91205fa1a08f2baf2d4ca8bd28fe9c42299eefdb99ada18"",""availableProcessors"":16,""metric"":""COSINE"",""declaredVectorDbBudget"":{""cpuCores"":4.0,""memoryBytes"":8589934592},""physicalMemoryBytes"":51460743168}",3,"[1,2,3]",3,0.967400,0.968969,0.973711,0.973711,0.959519,0.973711,0.000052,3,18.190852,17.952649,18.825726,18.825726,17.794180,18.825726,0.308577,3,17.313800,17.157400,17.777100,17.777100,17.006900,17.777100,0.166648,3,32.404833,31.882800,34.386800,34.386800,30.944900,34.386800,3.166058,3,41.472100,41.207100,43.613600,43.613600,39.595600,43.613600,4.088750,3,547.715890,554.854086,559.296754,559.296754,528.996829,559.296754,267.736750,3,5480.000000,5406.000000,5671.000000,5671.000000,5363.000000,5671.000000,27823.000000,3,2.000000,2.000000,2.000000,2.000000,2.000000,2.000000,0.000000,3,383.921667,383.675000,384.915000,384.915000,383.175000,384.915000,0.802533,3,387.026667,388.410000,388.420000,388.420000,384.250000,388.420000,5.782433,3,116898747.000000,116549222.000000,124570828.000000,124570828.000000,109576191.000000,124570828.000000,56301410484661.000000,3,118454135.000000,118593945.000000,125514547.000000,125514547.000000,111253913.000000,125514547.000000,50856080647564.000000,0,,,,,,,,3,68024.000000,68660.000000,69176.000000,69176.000000,66236.000000,69176.000000,2464272.000000
"weaviate","Native","hfresh","{""replicas"":4,""distance"":""cosine"",""rqBits"":1,""dimension"":1024,""maxPostingSizeKB"":48}","{""searchProbe"":16}",10000,10,10,1,5,"{""javaVersion"":""21.0.11"",""os"":""Windows 11 10.0 amd64"",""resourceSampling"":""capture-window-contained-in-search-window"",""minimumMeasurementTimeMs"":5000,""protocol"":""search-parameter-sweep-v1"",""referenceRecallLevels"":[0.9,0.95],""cpu"":""AMD64 Family 25 Model 33 Stepping 0, AuthenticAMD"",""documentVectorsSha256"":""cc23f095b88585453940e8fca998f8b16f9573361b0c83f021d7bb095ba9e4c6"",""queryVectorsSha256"":""d06cc81c1169e1a926fc69a835fabda560932d8834bd687893fe0da301c4cfa9"",""dockerServerVersion"":""29.7.2"",""containerLimits"":{""vector-weaviate"":""cpuNano=4000000000,memoryBytes=8589934592,memorySwapBytes=8589934592""},""springBootVersion"":""4.1.1"",""queryPartition"":{""method"":""query-type-stratified-sha256"",""evaluationQueries"":200,""calibrationIdsSha256"":""8b3e0cf00bea0503372f6e0e968ec87a831d597ac5132d0e7ae30ade95164508"",""evaluationIdsSha256"":""f856701d0c4b142b59ef1f22919e1e8f1c897145a9bdf88e6b18a59196a6ca25"",""calibrationQueries"":100},""queryDefinitionsSha256"":""e9e52e8cd2ce129bb91205fa1a08f2baf2d4ca8bd28fe9c42299eefdb99ada18"",""availableProcessors"":16,""metric"":""COSINE"",""declaredVectorDbBudget"":{""cpuCores"":4.0,""memoryBytes"":8589934592},""physicalMemoryBytes"":51460743168}",3,"[1,2,3]",3,0.970103,0.970619,0.972680,0.972680,0.967010,0.972680,0.000008,3,18.529700,18.297198,19.252694,19.252694,18.039208,19.252694,0.408680,3,17.573833,17.331800,18.197200,18.197200,17.192500,18.197200,0.296291,3,33.163100,32.978500,34.427700,34.427700,32.083100,34.427700,1.399845,3,42.489100,41.551600,45.277700,45.277700,40.638000,45.277700,6.040884,3,537.573551,543.901598,551.630419,551.630419,517.188635,551.630419,326.592258,3,5584.333333,5515.000000,5800.000000,5800.000000,5438.000000,5800.000000,36366.333333,3,2.000000,2.000000,2.000000,2.000000,2.000000,2.000000,0.000000,3,381.690000,381.525000,384.300000,384.300000,379.245000,384.300000,6.408675,3,384.606667,382.370000,389.380000,389.380000,382.070000,389.380000,17.111033,3,117842465.666667,117230796.000000,123731968.000000,123731968.000000,112564633.000000,123731968.000000,31457947586396.336000,3,118349277.666667,117545369.000000,124256256.000000,124256256.000000,113246208.000000,124256256.000000,30789991098832.336000,0,,,,,,,,3,68024.000000,68660.000000,69176.000000,69176.000000,66236.000000,69176.000000,2464272.000000
"weaviate","Native","hfresh","{""replicas"":4,""distance"":""cosine"",""rqBits"":1,""dimension"":1024,""maxPostingSizeKB"":48}","{""searchProbe"":32}",10000,10,10,1,5,"{""javaVersion"":""21.0.11"",""os"":""Windows 11 10.0 amd64"",""resourceSampling"":""capture-window-contained-in-search-window"",""minimumMeasurementTimeMs"":5000,""protocol"":""search-parameter-sweep-v1"",""referenceRecallLevels"":[0.9,0.95],""cpu"":""AMD64 Family 25 Model 33 Stepping 0, AuthenticAMD"",""documentVectorsSha256"":""cc23f095b88585453940e8fca998f8b16f9573361b0c83f021d7bb095ba9e4c6"",""queryVectorsSha256"":""d06cc81c1169e1a926fc69a835fabda560932d8834bd687893fe0da301c4cfa9"",""dockerServerVersion"":""29.7.2"",""containerLimits"":{""vector-weaviate"":""cpuNano=4000000000,memoryBytes=8589934592,memorySwapBytes=8589934592""},""springBootVersion"":""4.1.1"",""queryPartition"":{""method"":""query-type-stratified-sha256"",""evaluationQueries"":200,""calibrationIdsSha256"":""8b3e0cf00bea0503372f6e0e968ec87a831d597ac5132d0e7ae30ade95164508"",""evaluationIdsSha256"":""f856701d0c4b142b59ef1f22919e1e8f1c897145a9bdf88e6b18a59196a6ca25"",""calibrationQueries"":100},""queryDefinitionsSha256"":""e9e52e8cd2ce129bb91205fa1a08f2baf2d4ca8bd28fe9c42299eefdb99ada18"",""availableProcessors"":16,""metric"":""COSINE"",""declaredVectorDbBudget"":{""cpuCores"":4.0,""memoryBytes"":8589934592},""physicalMemoryBytes"":51460743168}",3,"[1,2,3]",3,0.967354,0.967010,0.969588,0.969588,0.965464,0.969588,0.000004,3,19.779097,19.764263,20.484667,20.484667,19.088360,20.484667,0.487583,3,18.047067,17.958400,18.465000,18.465000,17.717800,18.465000,0.145473,3,36.256900,37.196800,37.410400,37.410400,34.163500,37.410400,3.298149,3,46.464167,47.156700,48.842000,48.842000,43.393800,48.842000,7.780423,3,504.168598,504.121835,521.633969,521.633969,486.749992,521.633969,304.224605,3,5954.666667,5950.000000,6163.000000,6163.000000,5751.000000,6163.000000,42452.333333,3,2.333333,2.000000,3.000000,3.000000,2.000000,3.000000,0.333333,3,380.577222,380.570000,380.756667,380.756667,380.405000,380.756667,0.030956,3,383.600000,383.750000,383.950000,383.950000,383.100000,383.950000,0.197500,3,118949295.666667,118454135.000000,125671833.000000,125671833.000000,112721919.000000,125671833.000000,42108956216209.330000,3,119817284.000000,119537664.000000,126353408.000000,126353408.000000,113560780.000000,126353408.000000,40971473294896.000000,0,,,,,,,,3,68024.000000,68660.000000,69176.000000,69176.000000,66236.000000,69176.000000,2464272.000000
"weaviate","Native","hfresh","{""replicas"":4,""distance"":""cosine"",""rqBits"":1,""dimension"":1024,""maxPostingSizeKB"":48}","{""searchProbe"":64}",10000,10,10,1,5,"{""javaVersion"":""21.0.11"",""os"":""Windows 11 10.0 amd64"",""resourceSampling"":""capture-window-contained-in-search-window"",""minimumMeasurementTimeMs"":5000,""protocol"":""search-parameter-sweep-v1"",""referenceRecallLevels"":[0.9,0.95],""cpu"":""AMD64 Family 25 Model 33 Stepping 0, AuthenticAMD"",""documentVectorsSha256"":""cc23f095b88585453940e8fca998f8b16f9573361b0c83f021d7bb095ba9e4c6"",""queryVectorsSha256"":""d06cc81c1169e1a926fc69a835fabda560932d8834bd687893fe0da301c4cfa9"",""dockerServerVersion"":""29.7.2"",""containerLimits"":{""vector-weaviate"":""cpuNano=4000000000,memoryBytes=8589934592,memorySwapBytes=8589934592""},""springBootVersion"":""4.1.1"",""queryPartition"":{""method"":""query-type-stratified-sha256"",""evaluationQueries"":200,""calibrationIdsSha256"":""8b3e0cf00bea0503372f6e0e968ec87a831d597ac5132d0e7ae30ade95164508"",""evaluationIdsSha256"":""f856701d0c4b142b59ef1f22919e1e8f1c897145a9bdf88e6b18a59196a6ca25"",""calibrationQueries"":100},""queryDefinitionsSha256"":""e9e52e8cd2ce129bb91205fa1a08f2baf2d4ca8bd28fe9c42299eefdb99ada18"",""availableProcessors"":16,""metric"":""COSINE"",""declaredVectorDbBudget"":{""cpuCores"":4.0,""memoryBytes"":8589934592},""physicalMemoryBytes"":51460743168}",3,"[1,2,3]",3,0.965464,0.965979,0.965979,0.965979,0.964433,0.965979,0.000001,3,23.249208,23.338226,24.217141,24.217141,22.192258,24.217141,1.030980,3,21.091767,21.435800,21.827600,21.827600,20.011900,21.827600,0.912961,3,43.014700,43.410500,45.580900,45.580900,40.052700,45.580900,7.757742,3,54.425367,54.927900,56.655600,56.655600,51.692600,56.655600,6.347247,3,429.223510,426.994185,448.937363,448.937363,411.738980,448.937363,349.657335,3,6997.666667,7025.000000,7286.000000,7286.000000,6682.000000,7286.000000,91764.333333,3,3.000000,3.000000,3.000000,3.000000,3.000000,3.000000,0.000000,3,380.950000,379.833333,384.846667,384.846667,378.170000,384.846667,12.079678,3,383.976667,380.380000,391.500000,391.500000,380.050000,391.500000,42.477633,3,123207679.333333,123487300.000000,127856366.000000,127856366.000000,118279372.000000,127856366.000000,22988344306929.336000,3,124221303.000000,125199974.000000,128555417.000000,128555417.000000,118908518.000000,128555417.000000,23984012773731.000000,0,,,,,,,,3,68024.000000,68660.000000,69176.000000,69176.000000,66236.000000,69176.000000,2464272.000000
"weaviate","Native","hfresh","{""replicas"":4,""distance"":""cosine"",""rqBits"":1,""dimension"":1024,""maxPostingSizeKB"":48}","{""searchProbe"":128}",10000,10,10,1,5,"{""javaVersion"":""21.0.11"",""os"":""Windows 11 10.0 amd64"",""resourceSampling"":""capture-window-contained-in-search-window"",""minimumMeasurementTimeMs"":5000,""protocol"":""search-parameter-sweep-v1"",""referenceRecallLevels"":[0.9,0.95],""cpu"":""AMD64 Family 25 Model 33 Stepping 0, AuthenticAMD"",""documentVectorsSha256"":""cc23f095b88585453940e8fca998f8b16f9573361b0c83f021d7bb095ba9e4c6"",""queryVectorsSha256"":""d06cc81c1169e1a926fc69a835fabda560932d8834bd687893fe0da301c4cfa9"",""dockerServerVersion"":""29.7.2"",""containerLimits"":{""vector-weaviate"":""cpuNano=4000000000,memoryBytes=8589934592,memorySwapBytes=8589934592""},""springBootVersion"":""4.1.1"",""queryPartition"":{""method"":""query-type-stratified-sha256"",""evaluationQueries"":200,""calibrationIdsSha256"":""8b3e0cf00bea0503372f6e0e968ec87a831d597ac5132d0e7ae30ade95164508"",""evaluationIdsSha256"":""f856701d0c4b142b59ef1f22919e1e8f1c897145a9bdf88e6b18a59196a6ca25"",""calibrationQueries"":100},""queryDefinitionsSha256"":""e9e52e8cd2ce129bb91205fa1a08f2baf2d4ca8bd28fe9c42299eefdb99ada18"",""availableProcessors"":16,""metric"":""COSINE"",""declaredVectorDbBudget"":{""cpuCores"":4.0,""memoryBytes"":8589934592},""physicalMemoryBytes"":51460743168}",3,"[1,2,3]",3,0.965464,0.965979,0.965979,0.965979,0.964433,0.965979,0.000001,3,29.108186,29.547445,29.983649,29.983649,27.793462,29.983649,1.343941,3,26.838400,27.153900,27.725600,27.725600,25.635700,27.725600,1.166576,3,53.417633,54.217200,55.034300,55.034300,51.001400,55.034300,4.545551,3,68.972133,67.924800,71.633700,71.633700,67.357900,71.633700,5.393297,3,342.876705,337.392622,358.863177,358.863177,332.374317,358.863177,197.971298,3,5839.000000,5927.000000,6017.000000,6017.000000,5573.000000,6017.000000,55092.000000,3,2.000000,2.000000,2.000000,2.000000,2.000000,2.000000,0.000000,3,382.430000,382.380000,384.115000,384.115000,380.795000,384.115000,2.757475,3,385.806667,385.260000,388.840000,388.840000,383.320000,388.840000,7.841733,3,142990813.000000,139775180.000000,150051225.000000,150051225.000000,139146034.000000,150051225.000000,37486019379637.000000,3,146381209.000000,144284057.000000,152672665.000000,152672665.000000,142186905.000000,152672665.000000,30786325577728.000000,0,,,,,,,,3,68024.000000,68660.000000,69176.000000,69176.000000,66236.000000,69176.000000,2464272.000000
"weaviate","Native","hfresh","{""replicas"":4,""distance"":""cosine"",""rqBits"":1,""dimension"":1024,""maxPostingSizeKB"":48}","{""searchProbe"":256}",10000,10,10,1,5,"{""javaVersion"":""21.0.11"",""os"":""Windows 11 10.0 amd64"",""resourceSampling"":""capture-window-contained-in-search-window"",""minimumMeasurementTimeMs"":5000,""protocol"":""search-parameter-sweep-v1"",""referenceRecallLevels"":[0.9,0.95],""cpu"":""AMD64 Family 25 Model 33 Stepping 0, AuthenticAMD"",""documentVectorsSha256"":""cc23f095b88585453940e8fca998f8b16f9573361b0c83f021d7bb095ba9e4c6"",""queryVectorsSha256"":""d06cc81c1169e1a926fc69a835fabda560932d8834bd687893fe0da301c4cfa9"",""dockerServerVersion"":""29.7.2"",""containerLimits"":{""vector-weaviate"":""cpuNano=4000000000,memoryBytes=8589934592,memorySwapBytes=8589934592""},""springBootVersion"":""4.1.1"",""queryPartition"":{""method"":""query-type-stratified-sha256"",""evaluationQueries"":200,""calibrationIdsSha256"":""8b3e0cf00bea0503372f6e0e968ec87a831d597ac5132d0e7ae30ade95164508"",""evaluationIdsSha256"":""f856701d0c4b142b59ef1f22919e1e8f1c897145a9bdf88e6b18a59196a6ca25"",""calibrationQueries"":100},""queryDefinitionsSha256"":""e9e52e8cd2ce129bb91205fa1a08f2baf2d4ca8bd28fe9c42299eefdb99ada18"",""availableProcessors"":16,""metric"":""COSINE"",""declaredVectorDbBudget"":{""cpuCores"":4.0,""memoryBytes"":8589934592},""physicalMemoryBytes"":51460743168}",3,"[1,2,3]",3,0.965464,0.965979,0.965979,0.965979,0.964433,0.965979,0.000001,3,35.930255,36.276816,36.306537,36.306537,35.207412,36.306537,0.392098,3,33.307800,33.218900,33.900600,33.900600,32.803900,33.900600,0.306615,3,65.797033,67.149400,67.612200,67.612200,62.629500,67.612200,7.578497,3,83.254667,82.017600,85.893900,85.893900,81.852500,85.893900,5.230979,3,277.590066,274.938541,283.229453,283.229453,274.602205,283.229453,23.880291,3,7206.000000,7274.000000,7283.000000,7283.000000,7061.000000,7283.000000,15789.000000,3,3.000000,3.000000,3.000000,3.000000,3.000000,3.000000,0.000000,3,383.244444,383.170000,386.580000,386.580000,379.983333,386.580000,10.883159,3,384.703333,384.940000,387.440000,387.440000,381.730000,387.440000,8.193033,3,184700836.333333,176510293.000000,205241275.000000,205241275.000000,172350941.000000,205241275.000000,320757267729297.400000,3,192728268.666667,182452224.000000,214119219.000000,214119219.000000,181613363.000000,214119219.000000,343355489066680.400000,0,,,,,,,,3,68024.000000,68660.000000,69176.000000,69176.000000,66236.000000,69176.000000,2464272.000000
"weaviate","Native","hfresh","{""replicas"":4,""distance"":""cosine"",""rqBits"":1,""dimension"":1024,""maxPostingSizeKB"":48}","{""searchProbe"":512}",10000,10,10,1,5,"{""javaVersion"":""21.0.11"",""os"":""Windows 11 10.0 amd64"",""resourceSampling"":""capture-window-contained-in-search-window"",""minimumMeasurementTimeMs"":5000,""protocol"":""search-parameter-sweep-v1"",""referenceRecallLevels"":[0.9,0.95],""cpu"":""AMD64 Family 25 Model 33 Stepping 0, AuthenticAMD"",""documentVectorsSha256"":""cc23f095b88585453940e8fca998f8b16f9573361b0c83f021d7bb095ba9e4c6"",""queryVectorsSha256"":""d06cc81c1169e1a926fc69a835fabda560932d8834bd687893fe0da301c4cfa9"",""dockerServerVersion"":""29.7.2"",""containerLimits"":{""vector-weaviate"":""cpuNano=4000000000,memoryBytes=8589934592,memorySwapBytes=8589934592""},""springBootVersion"":""4.1.1"",""queryPartition"":{""method"":""query-type-stratified-sha256"",""evaluationQueries"":200,""calibrationIdsSha256"":""8b3e0cf00bea0503372f6e0e968ec87a831d597ac5132d0e7ae30ade95164508"",""evaluationIdsSha256"":""f856701d0c4b142b59ef1f22919e1e8f1c897145a9bdf88e6b18a59196a6ca25"",""calibrationQueries"":100},""queryDefinitionsSha256"":""e9e52e8cd2ce129bb91205fa1a08f2baf2d4ca8bd28fe9c42299eefdb99ada18"",""availableProcessors"":16,""metric"":""COSINE"",""declaredVectorDbBudget"":{""cpuCores"":4.0,""memoryBytes"":8589934592},""physicalMemoryBytes"":51460743168}",3,"[1,2,3]",3,0.965464,0.965979,0.965979,0.965979,0.964433,0.965979,0.000001,3,35.892847,36.218491,37.637320,37.637320,33.822729,37.637320,3.717309,3,33.328000,33.698800,34.688400,34.688400,31.596800,34.688400,2.492617,3,66.067367,66.091100,69.243100,69.243100,62.867900,69.243100,10.161216,3,84.768067,88.139000,88.821600,88.821600,77.343600,88.821600,41.458515,3,278.297343,275.331143,294.730431,294.730431,264.830456,294.730431,230.100880,3,7200.000000,7263.000000,7552.000000,7552.000000,6785.000000,7552.000000,150049.000000,3,3.000000,3.000000,3.000000,3.000000,3.000000,3.000000,0.000000,3,381.012222,381.283333,382.200000,382.200000,379.553333,382.200000,1.806337,3,385.220000,382.180000,391.330000,391.330000,382.150000,391.330000,27.999300,3,175869496.000000,175776289.000000,185702809.000000,185702809.000000,166129390.000000,185702809.000000,95786198496027.000000,3,184898901.000000,182032793.000000,197656576.000000,197656576.000000,175007334.000000,197656576.000000,134407972094389.000000,0,,,,,,,,3,68024.000000,68660.000000,69176.000000,69176.000000,66236.000000,69176.000000,2464272.000000
"weaviate","Native","hfresh","{""replicas"":4,""distance"":""cosine"",""rqBits"":1,""dimension"":1024,""maxPostingSizeKB"":48}","{""searchProbe"":1024}",10000,10,10,1,5,"{""javaVersion"":""21.0.11"",""os"":""Windows 11 10.0 amd64"",""resourceSampling"":""capture-window-contained-in-search-window"",""minimumMeasurementTimeMs"":5000,""protocol"":""search-parameter-sweep-v1"",""referenceRecallLevels"":[0.9,0.95],""cpu"":""AMD64 Family 25 Model 33 Stepping 0, AuthenticAMD"",""documentVectorsSha256"":""cc23f095b88585453940e8fca998f8b16f9573361b0c83f021d7bb095ba9e4c6"",""queryVectorsSha256"":""d06cc81c1169e1a926fc69a835fabda560932d8834bd687893fe0da301c4cfa9"",""dockerServerVersion"":""29.7.2"",""containerLimits"":{""vector-weaviate"":""cpuNano=4000000000,memoryBytes=8589934592,memorySwapBytes=8589934592""},""springBootVersion"":""4.1.1"",""queryPartition"":{""method"":""query-type-stratified-sha256"",""evaluationQueries"":200,""calibrationIdsSha256"":""8b3e0cf00bea0503372f6e0e968ec87a831d597ac5132d0e7ae30ade95164508"",""evaluationIdsSha256"":""f856701d0c4b142b59ef1f22919e1e8f1c897145a9bdf88e6b18a59196a6ca25"",""calibrationQueries"":100},""queryDefinitionsSha256"":""e9e52e8cd2ce129bb91205fa1a08f2baf2d4ca8bd28fe9c42299eefdb99ada18"",""availableProcessors"":16,""metric"":""COSINE"",""declaredVectorDbBudget"":{""cpuCores"":4.0,""memoryBytes"":8589934592},""physicalMemoryBytes"":51460743168}",3,"[1,2,3]",3,0.965464,0.965979,0.965979,0.965979,0.964433,0.965979,0.000001,3,36.507581,35.484678,38.645732,38.645732,35.392332,38.645732,3.430901,3,33.680167,32.894100,35.298100,35.298100,32.848300,35.298100,1.963806,3,66.366700,64.262800,70.744700,70.744700,64.092600,70.744700,14.382405,3,85.232000,83.128400,91.988000,91.988000,80.579600,91.988000,35.856747,3,273.703227,281.015837,281.863523,281.863523,258.230320,281.863523,179.737774,3,7319.000000,7117.000000,7745.000000,7745.000000,7095.000000,7745.000000,136228.000000,3,3.000000,3.000000,3.000000,3.000000,3.000000,3.000000,0.000000,3,382.405556,381.946667,383.920000,383.920000,381.350000,383.920000,1.809159,3,386.143333,384.590000,389.740000,389.740000,384.100000,389.740000,9.762033,3,191085499.000000,188533964.000000,207338427.000000,207338427.000000,177384106.000000,207338427.000000,229198084784929.000000,3,207198617.000000,215272652.000000,225234124.000000,225234124.000000,181089075.000000,225234124.000000,536088868689019.000000,0,,,,,,,,3,68024.000000,68660.000000,69176.000000,69176.000000,66236.000000,69176.000000,2464272.000000
"weaviate","Native","hnsw","{""dimension"":1024,""distance"":""cosine"",""efConstruction"":128,""maxConnections"":16}","{""ef"":10}",10000,10,10,1,5,"{""javaVersion"":""21.0.11"",""os"":""Windows 11 10.0 amd64"",""resourceSampling"":""capture-window-contained-in-search-window"",""minimumMeasurementTimeMs"":5000,""protocol"":""search-parameter-sweep-v1"",""referenceRecallLevels"":[0.9,0.95],""cpu"":""AMD64 Family 25 Model 33 Stepping 0, AuthenticAMD"",""documentVectorsSha256"":""cc23f095b88585453940e8fca998f8b16f9573361b0c83f021d7bb095ba9e4c6"",""queryVectorsSha256"":""d06cc81c1169e1a926fc69a835fabda560932d8834bd687893fe0da301c4cfa9"",""dockerServerVersion"":""29.7.2"",""containerLimits"":{""vector-weaviate"":""cpuNano=4000000000,memoryBytes=8589934592,memorySwapBytes=8589934592""},""springBootVersion"":""4.1.1"",""queryPartition"":{""calibrationIdsSha256"":""8b3e0cf00bea0503372f6e0e968ec87a831d597ac5132d0e7ae30ade95164508"",""evaluationQueries"":200,""method"":""query-type-stratified-sha256"",""calibrationQueries"":100,""evaluationIdsSha256"":""f856701d0c4b142b59ef1f22919e1e8f1c897145a9bdf88e6b18a59196a6ca25""},""queryDefinitionsSha256"":""e9e52e8cd2ce129bb91205fa1a08f2baf2d4ca8bd28fe9c42299eefdb99ada18"",""availableProcessors"":16,""metric"":""COSINE"",""declaredVectorDbBudget"":{""cpuCores"":4.0,""memoryBytes"":8589934592},""physicalMemoryBytes"":51460743168}",3,"[1,2,3]",3,0.666838,0.663402,0.691237,0.691237,0.645876,0.691237,0.000523,3,12.955061,13.235252,13.386950,13.386950,12.242982,13.386950,0.386046,3,12.063400,12.400900,12.454200,12.454200,11.335100,12.454200,0.398526,3,22.966933,23.619600,23.746200,23.746200,21.535000,23.746200,1.541832,3,28.512033,28.855500,29.761400,29.761400,26.919200,29.761400,2.108002,3,769.913398,752.869723,812.805497,812.805497,744.064975,812.805497,1399.179994,3,5613.000000,5375.000000,6151.000000,6151.000000,5313.000000,6151.000000,218044.000000,3,2.333333,2.000000,3.000000,3.000000,2.000000,3.000000,0.333333,3,387.067778,387.425000,387.635000,387.635000,386.143333,387.635000,0.651973,3,392.593333,392.070000,396.390000,396.390000,389.320000,396.390000,12.701633,3,203447045.000000,204017936.000000,205940326.000000,205940326.000000,200382873.000000,205940326.000000,7965758362213.000000,3,209365674.333333,210134630.000000,216530944.000000,216530944.000000,201431449.000000,216530944.000000,57442156926730.336000,0,,,,,,,,3,72184.000000,72167.000000,72243.000000,72243.000000,72142.000000,72243.000000,2767.000000
"weaviate","Native","hnsw","{""dimension"":1024,""distance"":""cosine"",""efConstruction"":128,""maxConnections"":16}","{""ef"":20}",10000,10,10,1,5,"{""javaVersion"":""21.0.11"",""os"":""Windows 11 10.0 amd64"",""resourceSampling"":""capture-window-contained-in-search-window"",""minimumMeasurementTimeMs"":5000,""protocol"":""search-parameter-sweep-v1"",""referenceRecallLevels"":[0.9,0.95],""cpu"":""AMD64 Family 25 Model 33 Stepping 0, AuthenticAMD"",""documentVectorsSha256"":""cc23f095b88585453940e8fca998f8b16f9573361b0c83f021d7bb095ba9e4c6"",""queryVectorsSha256"":""d06cc81c1169e1a926fc69a835fabda560932d8834bd687893fe0da301c4cfa9"",""dockerServerVersion"":""29.7.2"",""containerLimits"":{""vector-weaviate"":""cpuNano=4000000000,memoryBytes=8589934592,memorySwapBytes=8589934592""},""springBootVersion"":""4.1.1"",""queryPartition"":{""calibrationIdsSha256"":""8b3e0cf00bea0503372f6e0e968ec87a831d597ac5132d0e7ae30ade95164508"",""evaluationQueries"":200,""method"":""query-type-stratified-sha256"",""calibrationQueries"":100,""evaluationIdsSha256"":""f856701d0c4b142b59ef1f22919e1e8f1c897145a9bdf88e6b18a59196a6ca25""},""queryDefinitionsSha256"":""e9e52e8cd2ce129bb91205fa1a08f2baf2d4ca8bd28fe9c42299eefdb99ada18"",""availableProcessors"":16,""metric"":""COSINE"",""declaredVectorDbBudget"":{""cpuCores"":4.0,""memoryBytes"":8589934592},""physicalMemoryBytes"":51460743168}",3,"[1,2,3]",3,0.717354,0.709794,0.744330,0.744330,0.697938,0.744330,0.000581,3,12.825713,13.113238,13.317663,13.317663,12.046237,13.317663,0.466134,3,11.899267,12.218300,12.294000,12.294000,11.185500,12.294000,0.383530,3,22.977100,23.303400,24.041600,24.041600,21.586300,24.041600,1.586978,3,28.937700,28.765100,30.875000,30.875000,27.173000,30.875000,3.448544,3,777.921920,759.883775,826.001114,826.001114,747.880870,826.001114,1769.724130,3,5554.666667,5348.000000,6053.000000,6053.000000,5263.000000,6053.000000,188058.333333,3,2.333333,2.000000,3.000000,3.000000,2.000000,3.000000,0.333333,3,386.088889,385.826667,388.530000,388.530000,383.910000,388.530000,5.387670,3,390.036667,390.330000,394.910000,394.910000,384.870000,394.910000,25.264933,3,198507087.000000,198635246.000000,199648870.000000,199648870.000000,197237145.000000,199648870.000000,1466422915867.000000,3,199893537.666667,199753728.000000,201116876.000000,201116876.000000,198810009.000000,201116876.000000,1345068896092.333300,0,,,,,,,,3,72184.000000,72167.000000,72243.000000,72243.000000,72142.000000,72243.000000,2767.000000
"weaviate","Native","hnsw","{""dimension"":1024,""distance"":""cosine"",""efConstruction"":128,""maxConnections"":16}","{""ef"":40}",10000,10,10,1,5,"{""javaVersion"":""21.0.11"",""os"":""Windows 11 10.0 amd64"",""resourceSampling"":""capture-window-contained-in-search-window"",""minimumMeasurementTimeMs"":5000,""protocol"":""search-parameter-sweep-v1"",""referenceRecallLevels"":[0.9,0.95],""cpu"":""AMD64 Family 25 Model 33 Stepping 0, AuthenticAMD"",""documentVectorsSha256"":""cc23f095b88585453940e8fca998f8b16f9573361b0c83f021d7bb095ba9e4c6"",""queryVectorsSha256"":""d06cc81c1169e1a926fc69a835fabda560932d8834bd687893fe0da301c4cfa9"",""dockerServerVersion"":""29.7.2"",""containerLimits"":{""vector-weaviate"":""cpuNano=4000000000,memoryBytes=8589934592,memorySwapBytes=8589934592""},""springBootVersion"":""4.1.1"",""queryPartition"":{""calibrationIdsSha256"":""8b3e0cf00bea0503372f6e0e968ec87a831d597ac5132d0e7ae30ade95164508"",""evaluationQueries"":200,""method"":""query-type-stratified-sha256"",""calibrationQueries"":100,""evaluationIdsSha256"":""f856701d0c4b142b59ef1f22919e1e8f1c897145a9bdf88e6b18a59196a6ca25""},""queryDefinitionsSha256"":""e9e52e8cd2ce129bb91205fa1a08f2baf2d4ca8bd28fe9c42299eefdb99ada18"",""availableProcessors"":16,""metric"":""COSINE"",""declaredVectorDbBudget"":{""cpuCores"":4.0,""memoryBytes"":8589934592},""physicalMemoryBytes"":51460743168}",3,"[1,2,3]",3,0.757045,0.765979,0.777320,0.777320,0.727835,0.777320,0.000672,3,12.480572,12.360958,12.916371,12.916371,12.164388,12.916371,0.152100,3,11.629033,11.482700,12.042400,12.042400,11.362000,12.042400,0.131796,3,22.155433,21.974700,22.994100,22.994100,21.497500,22.994100,0.584451,3,27.769067,27.943100,28.386900,28.386900,26.977200,28.386900,0.519529,3,798.025156,805.186483,818.517726,818.517726,770.371259,818.517726,617.984012,3,5836.333333,6108.000000,6209.000000,6209.000000,5192.000000,6209.000000,313924.333333,3,2.666667,3.000000,3.000000,3.000000,2.000000,3.000000,0.333333,3,383.537222,383.505000,386.290000,386.290000,380.816667,386.290000,7.490123,3,384.923333,384.440000,388.790000,388.790000,381.540000,388.790000,13.315833,3,199870235.666667,199753727.000000,201116876.000000,201116876.000000,198740104.000000,201116876.000000,1422441987052.333500,3,200417826.000000,200173158.000000,201326592.000000,201326592.000000,199753728.000000,201326592.000000,663372113292.000000,0,,,,,,,,3,72184.000000,72167.000000,72243.000000,72243.000000,72142.000000,72243.000000,2767.000000
"weaviate","Native","hnsw","{""dimension"":1024,""distance"":""cosine"",""efConstruction"":128,""maxConnections"":16}","{""ef"":80}",10000,10,10,1,5,"{""javaVersion"":""21.0.11"",""os"":""Windows 11 10.0 amd64"",""resourceSampling"":""capture-window-contained-in-search-window"",""minimumMeasurementTimeMs"":5000,""protocol"":""search-parameter-sweep-v1"",""referenceRecallLevels"":[0.9,0.95],""cpu"":""AMD64 Family 25 Model 33 Stepping 0, AuthenticAMD"",""documentVectorsSha256"":""cc23f095b88585453940e8fca998f8b16f9573361b0c83f021d7bb095ba9e4c6"",""queryVectorsSha256"":""d06cc81c1169e1a926fc69a835fabda560932d8834bd687893fe0da301c4cfa9"",""dockerServerVersion"":""29.7.2"",""containerLimits"":{""vector-weaviate"":""cpuNano=4000000000,memoryBytes=8589934592,memorySwapBytes=8589934592""},""springBootVersion"":""4.1.1"",""queryPartition"":{""calibrationIdsSha256"":""8b3e0cf00bea0503372f6e0e968ec87a831d597ac5132d0e7ae30ade95164508"",""evaluationQueries"":200,""method"":""query-type-stratified-sha256"",""calibrationQueries"":100,""evaluationIdsSha256"":""f856701d0c4b142b59ef1f22919e1e8f1c897145a9bdf88e6b18a59196a6ca25""},""queryDefinitionsSha256"":""e9e52e8cd2ce129bb91205fa1a08f2baf2d4ca8bd28fe9c42299eefdb99ada18"",""availableProcessors"":16,""metric"":""COSINE"",""declaredVectorDbBudget"":{""cpuCores"":4.0,""memoryBytes"":8589934592},""physicalMemoryBytes"":51460743168}",3,"[1,2,3]",3,0.800859,0.805670,0.819072,0.819072,0.777835,0.819072,0.000442,3,13.023506,13.113034,13.583463,13.583463,12.374020,13.583463,0.371700,3,12.115167,12.087400,12.742300,12.742300,11.515800,12.742300,0.376654,3,23.410800,23.642600,24.338000,24.338000,22.251800,24.338000,1.128356,3,29.986300,30.689500,31.529400,31.529400,27.740000,31.529400,3.960756,3,765.974188,759.618974,804.907618,804.907618,733.395970,804.907618,1308.770505,3,5643.333333,5454.000000,6211.000000,6211.000000,5265.000000,6211.000000,250614.333333,3,2.333333,2.000000,3.000000,3.000000,2.000000,3.000000,0.333333,3,388.083889,388.065000,389.270000,389.270000,386.916667,389.270000,1.384812,3,392.593333,393.860000,394.710000,394.710000,389.210000,394.710000,8.765833,3,199549837.666667,199386726.000000,200487731.000000,200487731.000000,198775056.000000,200487731.000000,753267975758.333300,3,200802303.666667,200487731.000000,202584883.000000,202584883.000000,199334297.000000,202584883.000000,2715794307809.333000,0,,,,,,,,3,72184.000000,72167.000000,72243.000000,72243.000000,72142.000000,72243.000000,2767.000000
"weaviate","Native","hnsw","{""dimension"":1024,""distance"":""cosine"",""efConstruction"":128,""maxConnections"":16}","{""ef"":120}",10000,10,10,1,5,"{""javaVersion"":""21.0.11"",""os"":""Windows 11 10.0 amd64"",""resourceSampling"":""capture-window-contained-in-search-window"",""minimumMeasurementTimeMs"":5000,""protocol"":""search-parameter-sweep-v1"",""referenceRecallLevels"":[0.9,0.95],""cpu"":""AMD64 Family 25 Model 33 Stepping 0, AuthenticAMD"",""documentVectorsSha256"":""cc23f095b88585453940e8fca998f8b16f9573361b0c83f021d7bb095ba9e4c6"",""queryVectorsSha256"":""d06cc81c1169e1a926fc69a835fabda560932d8834bd687893fe0da301c4cfa9"",""dockerServerVersion"":""29.7.2"",""containerLimits"":{""vector-weaviate"":""cpuNano=4000000000,memoryBytes=8589934592,memorySwapBytes=8589934592""},""springBootVersion"":""4.1.1"",""queryPartition"":{""calibrationIdsSha256"":""8b3e0cf00bea0503372f6e0e968ec87a831d597ac5132d0e7ae30ade95164508"",""evaluationQueries"":200,""method"":""query-type-stratified-sha256"",""calibrationQueries"":100,""evaluationIdsSha256"":""f856701d0c4b142b59ef1f22919e1e8f1c897145a9bdf88e6b18a59196a6ca25""},""queryDefinitionsSha256"":""e9e52e8cd2ce129bb91205fa1a08f2baf2d4ca8bd28fe9c42299eefdb99ada18"",""availableProcessors"":16,""metric"":""COSINE"",""declaredVectorDbBudget"":{""cpuCores"":4.0,""memoryBytes"":8589934592},""physicalMemoryBytes"":51460743168}",3,"[1,2,3]",3,0.837285,0.834021,0.847423,0.847423,0.830412,0.847423,0.000080,3,12.869737,12.741748,13.338131,13.338131,12.529332,13.338131,0.175825,3,12.022033,11.871200,12.369500,12.369500,11.825400,12.369500,0.091074,3,22.832467,22.438900,23.955100,23.955100,22.103400,23.955100,0.973369,3,27.957833,27.863300,29.750000,29.750000,26.260200,29.750000,3.051378,3,774.805310,782.214752,795.117170,795.117170,747.084010,795.117170,617.970979,3,5165.666667,5113.000000,5354.000000,5354.000000,5030.000000,5354.000000,28324.333333,3,2.000000,2.000000,2.000000,2.000000,2.000000,2.000000,0.000000,3,382.093333,383.065000,383.270000,383.270000,379.945000,383.270000,3.472008,3,382.756667,383.430000,383.670000,383.670000,381.170000,383.670000,1.902533,3,197743956.666667,197656575.000000,198076006.000000,198076006.000000,197499289.000000,198076006.000000,88877291274.333330,3,198425531.333333,197761433.000000,199963443.000000,199963443.000000,197551718.000000,199963443.000000,1784874316158.333500,0,,,,,,,,3,72184.000000,72167.000000,72243.000000,72243.000000,72142.000000,72243.000000,2767.000000
"weaviate","Native","hnsw","{""dimension"":1024,""distance"":""cosine"",""efConstruction"":128,""maxConnections"":16}","{""ef"":200}",10000,10,10,1,5,"{""javaVersion"":""21.0.11"",""os"":""Windows 11 10.0 amd64"",""resourceSampling"":""capture-window-contained-in-search-window"",""minimumMeasurementTimeMs"":5000,""protocol"":""search-parameter-sweep-v1"",""referenceRecallLevels"":[0.9,0.95],""cpu"":""AMD64 Family 25 Model 33 Stepping 0, AuthenticAMD"",""documentVectorsSha256"":""cc23f095b88585453940e8fca998f8b16f9573361b0c83f021d7bb095ba9e4c6"",""queryVectorsSha256"":""d06cc81c1169e1a926fc69a835fabda560932d8834bd687893fe0da301c4cfa9"",""dockerServerVersion"":""29.7.2"",""containerLimits"":{""vector-weaviate"":""cpuNano=4000000000,memoryBytes=8589934592,memorySwapBytes=8589934592""},""springBootVersion"":""4.1.1"",""queryPartition"":{""calibrationIdsSha256"":""8b3e0cf00bea0503372f6e0e968ec87a831d597ac5132d0e7ae30ade95164508"",""evaluationQueries"":200,""method"":""query-type-stratified-sha256"",""calibrationQueries"":100,""evaluationIdsSha256"":""f856701d0c4b142b59ef1f22919e1e8f1c897145a9bdf88e6b18a59196a6ca25""},""queryDefinitionsSha256"":""e9e52e8cd2ce129bb91205fa1a08f2baf2d4ca8bd28fe9c42299eefdb99ada18"",""availableProcessors"":16,""metric"":""COSINE"",""declaredVectorDbBudget"":{""cpuCores"":4.0,""memoryBytes"":8589934592},""physicalMemoryBytes"":51460743168}",3,"[1,2,3]",3,0.893299,0.892268,0.904639,0.904639,0.882990,0.904639,0.000118,3,13.367331,13.208090,13.927772,13.927772,12.966132,13.927772,0.250206,3,12.471667,12.409500,12.949600,12.949600,12.055900,12.949600,0.202573,3,23.591167,23.338900,24.528800,24.528800,22.905800,24.528800,0.706261,3,30.080600,30.397100,31.709400,31.709400,28.135300,31.709400,3.268677,3,745.722000,753.757789,767.897773,767.897773,715.510438,767.897773,734.538629,3,5368.333333,5306.000000,5590.000000,5590.000000,5209.000000,5590.000000,39204.333333,3,2.000000,2.000000,2.000000,2.000000,2.000000,2.000000,0.000000,3,387.576667,387.050000,388.950000,388.950000,386.730000,388.950000,1.440133,3,391.366667,390.870000,395.410000,395.410000,387.820000,395.410000,14.587033,3,197079858.333333,197237145.000000,198390578.000000,198390578.000000,195611852.000000,198390578.000000,1948883867402.333300,3,197481812.666667,197551718.000000,199019724.000000,199019724.000000,195873996.000000,199019724.000000,2477566229217.333000,0,,,,,,,,3,72184.000000,72167.000000,72243.000000,72243.000000,72142.000000,72243.000000,2767.000000
"weaviate","Native","hnsw","{""dimension"":1024,""distance"":""cosine"",""efConstruction"":128,""maxConnections"":16}","{""ef"":400}",10000,10,10,1,5,"{""javaVersion"":""21.0.11"",""os"":""Windows 11 10.0 amd64"",""resourceSampling"":""capture-window-contained-in-search-window"",""minimumMeasurementTimeMs"":5000,""protocol"":""search-parameter-sweep-v1"",""referenceRecallLevels"":[0.9,0.95],""cpu"":""AMD64 Family 25 Model 33 Stepping 0, AuthenticAMD"",""documentVectorsSha256"":""cc23f095b88585453940e8fca998f8b16f9573361b0c83f021d7bb095ba9e4c6"",""queryVectorsSha256"":""d06cc81c1169e1a926fc69a835fabda560932d8834bd687893fe0da301c4cfa9"",""dockerServerVersion"":""29.7.2"",""containerLimits"":{""vector-weaviate"":""cpuNano=4000000000,memoryBytes=8589934592,memorySwapBytes=8589934592""},""springBootVersion"":""4.1.1"",""queryPartition"":{""calibrationIdsSha256"":""8b3e0cf00bea0503372f6e0e968ec87a831d597ac5132d0e7ae30ade95164508"",""evaluationQueries"":200,""method"":""query-type-stratified-sha256"",""calibrationQueries"":100,""evaluationIdsSha256"":""f856701d0c4b142b59ef1f22919e1e8f1c897145a9bdf88e6b18a59196a6ca25""},""queryDefinitionsSha256"":""e9e52e8cd2ce129bb91205fa1a08f2baf2d4ca8bd28fe9c42299eefdb99ada18"",""availableProcessors"":16,""metric"":""COSINE"",""declaredVectorDbBudget"":{""cpuCores"":4.0,""memoryBytes"":8589934592},""physicalMemoryBytes"":51460743168}",3,"[1,2,3]",3,0.939347,0.936598,0.946907,0.946907,0.934536,0.946907,0.000044,3,14.227743,14.154007,14.799925,14.799925,13.729298,14.799925,0.290638,3,13.294133,13.170800,13.823900,13.823900,12.887700,13.823900,0.230526,3,25.293467,25.593200,26.108300,26.108300,24.178900,26.108300,0.998026,3,31.531667,31.294800,33.088100,33.088100,30.212100,33.088100,2.109923,3,700.544930,703.816061,724.960670,724.960670,672.858060,724.960670,686.695707,3,5714.666667,5683.000000,5944.000000,5944.000000,5517.000000,5944.000000,46334.333333,3,2.000000,2.000000,2.000000,2.000000,2.000000,2.000000,0.000000,3,385.048333,384.630000,389.300000,389.300000,381.215000,389.300000,16.473058,3,387.170000,388.310000,391.970000,391.970000,381.230000,391.970000,29.811600,3,195716709.666667,195664281.000000,196660428.000000,196660428.000000,194825420.000000,196660428.000000,843875163832.333300,3,196153616.666667,195769139.000000,197446860.000000,197446860.000000,195244851.000000,197446860.000000,1323078216144.333300,0,,,,,,,,3,72184.000000,72167.000000,72243.000000,72243.000000,72142.000000,72243.000000,2767.000000
"weaviate","Native","hnsw","{""dimension"":1024,""distance"":""cosine"",""efConstruction"":128,""maxConnections"":16}","{""ef"":800}",10000,10,10,1,5,"{""javaVersion"":""21.0.11"",""os"":""Windows 11 10.0 amd64"",""resourceSampling"":""capture-window-contained-in-search-window"",""minimumMeasurementTimeMs"":5000,""protocol"":""search-parameter-sweep-v1"",""referenceRecallLevels"":[0.9,0.95],""cpu"":""AMD64 Family 25 Model 33 Stepping 0, AuthenticAMD"",""documentVectorsSha256"":""cc23f095b88585453940e8fca998f8b16f9573361b0c83f021d7bb095ba9e4c6"",""queryVectorsSha256"":""d06cc81c1169e1a926fc69a835fabda560932d8834bd687893fe0da301c4cfa9"",""dockerServerVersion"":""29.7.2"",""containerLimits"":{""vector-weaviate"":""cpuNano=4000000000,memoryBytes=8589934592,memorySwapBytes=8589934592""},""springBootVersion"":""4.1.1"",""queryPartition"":{""calibrationIdsSha256"":""8b3e0cf00bea0503372f6e0e968ec87a831d597ac5132d0e7ae30ade95164508"",""evaluationQueries"":200,""method"":""query-type-stratified-sha256"",""calibrationQueries"":100,""evaluationIdsSha256"":""f856701d0c4b142b59ef1f22919e1e8f1c897145a9bdf88e6b18a59196a6ca25""},""queryDefinitionsSha256"":""e9e52e8cd2ce129bb91205fa1a08f2baf2d4ca8bd28fe9c42299eefdb99ada18"",""availableProcessors"":16,""metric"":""COSINE"",""declaredVectorDbBudget"":{""cpuCores"":4.0,""memoryBytes"":8589934592},""physicalMemoryBytes"":51460743168}",3,"[1,2,3]",3,0.962027,0.960825,0.965979,0.965979,0.959278,0.965979,0.000012,3,15.714399,15.991398,16.044106,16.044106,15.107692,16.044106,0.276764,3,14.661533,14.995800,15.044000,15.044000,13.944800,15.044000,0.385861,3,27.632833,28.003400,28.225000,28.225000,26.670100,28.225000,0.707418,3,34.914400,35.552400,36.103600,36.103600,33.087200,36.103600,2.579950,3,634.460583,623.183469,659.261718,659.261718,620.936562,659.261718,462.584376,3,6308.666667,6418.000000,6441.000000,6441.000000,6067.000000,6441.000000,43934.333333,3,3.000000,3.000000,3.000000,3.000000,3.000000,3.000000,0.000000,3,387.996667,388.786667,389.723333,389.723333,385.480000,389.723333,4.969544,3,391.470000,390.200000,397.180000,397.180000,387.030000,397.180000,26.965300,3,193182651.000000,193112746.000000,194580752.000000,194580752.000000,191854455.000000,194580752.000000,1861838864821.000000,3,194126369.666667,193881702.000000,195349708.000000,195349708.000000,193147699.000000,195349708.000000,1257107609354.333300,0,,,,,,,,3,72184.000000,72167.000000,72243.000000,72243.000000,72142.000000,72243.000000,2767.000000
"weaviate","Native","hnsw","{""dimension"":1024,""distance"":""cosine"",""efConstruction"":128,""maxConnections"":16}","{""ef"":1000}",10000,10,10,1,5,"{""javaVersion"":""21.0.11"",""os"":""Windows 11 10.0 amd64"",""resourceSampling"":""capture-window-contained-in-search-window"",""minimumMeasurementTimeMs"":5000,""protocol"":""search-parameter-sweep-v1"",""referenceRecallLevels"":[0.9,0.95],""cpu"":""AMD64 Family 25 Model 33 Stepping 0, AuthenticAMD"",""documentVectorsSha256"":""cc23f095b88585453940e8fca998f8b16f9573361b0c83f021d7bb095ba9e4c6"",""queryVectorsSha256"":""d06cc81c1169e1a926fc69a835fabda560932d8834bd687893fe0da301c4cfa9"",""dockerServerVersion"":""29.7.2"",""containerLimits"":{""vector-weaviate"":""cpuNano=4000000000,memoryBytes=8589934592,memorySwapBytes=8589934592""},""springBootVersion"":""4.1.1"",""queryPartition"":{""calibrationIdsSha256"":""8b3e0cf00bea0503372f6e0e968ec87a831d597ac5132d0e7ae30ade95164508"",""evaluationQueries"":200,""method"":""query-type-stratified-sha256"",""calibrationQueries"":100,""evaluationIdsSha256"":""f856701d0c4b142b59ef1f22919e1e8f1c897145a9bdf88e6b18a59196a6ca25""},""queryDefinitionsSha256"":""e9e52e8cd2ce129bb91205fa1a08f2baf2d4ca8bd28fe9c42299eefdb99ada18"",""availableProcessors"":16,""metric"":""COSINE"",""declaredVectorDbBudget"":{""cpuCores"":4.0,""memoryBytes"":8589934592},""physicalMemoryBytes"":51460743168}",3,"[1,2,3]",3,0.971821,0.971134,0.973711,0.973711,0.970619,0.973711,0.000003,3,16.116385,15.917222,16.728937,16.728937,15.702997,16.728937,0.292888,3,15.199400,14.972600,15.859400,15.859400,14.766200,15.859400,0.337350,3,28.076867,27.497200,29.331100,29.331100,27.402300,29.331100,1.182077,3,35.628933,35.687300,36.790100,36.790100,34.409400,36.790100,1.419488,3,618.616205,625.930171,634.435091,634.435091,595.483354,634.435091,419.430021,3,5910.333333,6304.000000,6390.000000,6390.000000,5037.000000,6390.000000,573882.333333,3,2.666667,3.000000,3.000000,3.000000,2.000000,3.000000,0.333333,3,383.688889,383.376667,384.700000,384.700000,382.990000,384.700000,0.804137,3,386.040000,385.600000,389.480000,389.480000,383.040000,389.480000,10.513600,3,193497224.000000,193951607.000000,194021512.000000,194021512.000000,192518553.000000,194021512.000000,719569371937.000000,3,194790467.666667,194930278.000000,195349708.000000,195349708.000000,194091417.000000,195349708.000000,410484257150.333400,0,,,,,,,,3,72184.000000,72167.000000,72243.000000,72243.000000,72142.000000,72243.000000,2767.000000
"milvus","Native","DISKANN","{""metricType"":""COSINE"",""dimension"":1024}","{""search_list"":10}",10000,10,10,1,5,"{""javaVersion"":""21.0.11"",""os"":""Windows 11 10.0 amd64"",""resourceSampling"":""capture-window-contained-in-search-window"",""minimumMeasurementTimeMs"":5000,""protocol"":""search-parameter-sweep-v1"",""referenceRecallLevels"":[0.9,0.95],""cpu"":""AMD64 Family 25 Model 33 Stepping 0, AuthenticAMD"",""documentVectorsSha256"":""cc23f095b88585453940e8fca998f8b16f9573361b0c83f021d7bb095ba9e4c6"",""queryVectorsSha256"":""d06cc81c1169e1a926fc69a835fabda560932d8834bd687893fe0da301c4cfa9"",""containerLimits"":{""vector-milvus"":""cpuNano=3000000000,memoryBytes=6979321856,memorySwapBytes=6979321856"",""vector-milvus-minio"":""cpuNano=500000000,memoryBytes=1073741824,memorySwapBytes=1073741824"",""vector-milvus-etcd"":""cpuNano=500000000,memoryBytes=536870912,memorySwapBytes=536870912""},""dockerServerVersion"":""29.7.2"",""springBootVersion"":""4.1.1"",""queryPartition"":{""calibrationQueries"":100,""evaluationIdsSha256"":""f856701d0c4b142b59ef1f22919e1e8f1c897145a9bdf88e6b18a59196a6ca25"",""calibrationIdsSha256"":""8b3e0cf00bea0503372f6e0e968ec87a831d597ac5132d0e7ae30ade95164508"",""evaluationQueries"":200,""method"":""query-type-stratified-sha256""},""queryDefinitionsSha256"":""e9e52e8cd2ce129bb91205fa1a08f2baf2d4ca8bd28fe9c42299eefdb99ada18"",""availableProcessors"":16,""metric"":""COSINE"",""declaredVectorDbBudget"":{""cpuCores"":4.0,""memoryBytes"":8589934592},""physicalMemoryBytes"":51460743168}",3,"[1,2,3]",3,0.702062,0.704124,0.733505,0.733505,0.668557,0.733505,0.001058,3,8.577642,8.684476,8.839397,8.839397,8.209052,8.839397,0.107894,3,6.976200,7.022900,7.235100,7.235100,6.670600,7.235100,0.081301,3,23.833833,24.381400,24.642100,24.642100,22.478000,24.642100,1.395704,3,33.381433,33.828300,33.896200,33.896200,32.419800,33.896200,0.694707,3,1160.500275,1144.184026,1211.891866,1211.891866,1125.424932,1211.891866,2068.797614,3,5450.000000,5331.000000,5776.000000,5776.000000,5243.000000,5776.000000,81643.000000,3,2.000000,2.000000,2.000000,2.000000,2.000000,2.000000,0.000000,3,294.668333,294.030000,298.340000,298.340000,291.635000,298.340000,11.544858,3,298.336667,296.770000,303.530000,303.530000,294.710000,303.530000,21.288933,3,769205642.666667,752909024.000000,826513816.000000,826513816.000000,728194088.000000,826513816.000000,2615877063473557.500000,3,800853414.666667,782258667.000000,877752483.000000,877752483.000000,742549094.000000,877752483.000000,4829312579861584.000000,0,,,,,,,,3,47838.000000,47879.000000,48204.000000,48204.000000,47431.000000,48204.000000,150643.000000
"milvus","Native","DISKANN","{""metricType"":""COSINE"",""dimension"":1024}","{""search_list"":20}",10000,10,10,1,5,"{""javaVersion"":""21.0.11"",""os"":""Windows 11 10.0 amd64"",""resourceSampling"":""capture-window-contained-in-search-window"",""minimumMeasurementTimeMs"":5000,""protocol"":""search-parameter-sweep-v1"",""referenceRecallLevels"":[0.9,0.95],""cpu"":""AMD64 Family 25 Model 33 Stepping 0, AuthenticAMD"",""documentVectorsSha256"":""cc23f095b88585453940e8fca998f8b16f9573361b0c83f021d7bb095ba9e4c6"",""queryVectorsSha256"":""d06cc81c1169e1a926fc69a835fabda560932d8834bd687893fe0da301c4cfa9"",""containerLimits"":{""vector-milvus"":""cpuNano=3000000000,memoryBytes=6979321856,memorySwapBytes=6979321856"",""vector-milvus-minio"":""cpuNano=500000000,memoryBytes=1073741824,memorySwapBytes=1073741824"",""vector-milvus-etcd"":""cpuNano=500000000,memoryBytes=536870912,memorySwapBytes=536870912""},""dockerServerVersion"":""29.7.2"",""springBootVersion"":""4.1.1"",""queryPartition"":{""calibrationQueries"":100,""evaluationIdsSha256"":""f856701d0c4b142b59ef1f22919e1e8f1c897145a9bdf88e6b18a59196a6ca25"",""calibrationIdsSha256"":""8b3e0cf00bea0503372f6e0e968ec87a831d597ac5132d0e7ae30ade95164508"",""evaluationQueries"":200,""method"":""query-type-stratified-sha256""},""queryDefinitionsSha256"":""e9e52e8cd2ce129bb91205fa1a08f2baf2d4ca8bd28fe9c42299eefdb99ada18"",""availableProcessors"":16,""metric"":""COSINE"",""declaredVectorDbBudget"":{""cpuCores"":4.0,""memoryBytes"":8589934592},""physicalMemoryBytes"":51460743168}",3,"[1,2,3]",3,0.790550,0.804639,0.824227,0.824227,0.742784,0.824227,0.001807,3,8.829379,8.872758,8.962632,8.962632,8.652747,8.962632,0.025418,3,7.277167,7.300900,7.372700,7.372700,7.157900,7.372700,0.011957,3,23.589767,23.736100,23.776600,23.776600,23.256600,23.776600,0.083660,3,29.582367,29.868100,30.692500,30.692500,28.186500,30.692500,1.631242,3,1127.677354,1121.356363,1150.260659,1150.260659,1111.415042,1150.260659,407.211686,3,5321.333333,5350.000000,5398.000000,5398.000000,5216.000000,5398.000000,8897.333333,3,2.000000,2.000000,2.000000,2.000000,2.000000,2.000000,0.000000,3,294.298333,295.660000,295.965000,295.965000,291.270000,295.965000,6.901358,3,296.640000,296.730000,297.700000,297.700000,295.490000,297.700000,1.227100,3,697185947.333333,677883411.000000,748531218.000000,748531218.000000,665143213.000000,748531218.000000,2017830776144746.500000,3,699005227.333333,679823277.000000,751105473.000000,751105473.000000,666086932.000000,751105473.000000,2082998492385020.200000,0,,,,,,,,3,47838.000000,47879.000000,48204.000000,48204.000000,47431.000000,48204.000000,150643.000000
"milvus","Native","DISKANN","{""metricType"":""COSINE"",""dimension"":1024}","{""search_list"":40}",10000,10,10,1,5,"{""javaVersion"":""21.0.11"",""os"":""Windows 11 10.0 amd64"",""resourceSampling"":""capture-window-contained-in-search-window"",""minimumMeasurementTimeMs"":5000,""protocol"":""search-parameter-sweep-v1"",""referenceRecallLevels"":[0.9,0.95],""cpu"":""AMD64 Family 25 Model 33 Stepping 0, AuthenticAMD"",""documentVectorsSha256"":""cc23f095b88585453940e8fca998f8b16f9573361b0c83f021d7bb095ba9e4c6"",""queryVectorsSha256"":""d06cc81c1169e1a926fc69a835fabda560932d8834bd687893fe0da301c4cfa9"",""containerLimits"":{""vector-milvus"":""cpuNano=3000000000,memoryBytes=6979321856,memorySwapBytes=6979321856"",""vector-milvus-minio"":""cpuNano=500000000,memoryBytes=1073741824,memorySwapBytes=1073741824"",""vector-milvus-etcd"":""cpuNano=500000000,memoryBytes=536870912,memorySwapBytes=536870912""},""dockerServerVersion"":""29.7.2"",""springBootVersion"":""4.1.1"",""queryPartition"":{""calibrationQueries"":100,""evaluationIdsSha256"":""f856701d0c4b142b59ef1f22919e1e8f1c897145a9bdf88e6b18a59196a6ca25"",""calibrationIdsSha256"":""8b3e0cf00bea0503372f6e0e968ec87a831d597ac5132d0e7ae30ade95164508"",""evaluationQueries"":200,""method"":""query-type-stratified-sha256""},""queryDefinitionsSha256"":""e9e52e8cd2ce129bb91205fa1a08f2baf2d4ca8bd28fe9c42299eefdb99ada18"",""availableProcessors"":16,""metric"":""COSINE"",""declaredVectorDbBudget"":{""cpuCores"":4.0,""memoryBytes"":8589934592},""physicalMemoryBytes"":51460743168}",3,"[1,2,3]",3,0.831787,0.860825,0.870103,0.870103,0.764433,0.870103,0.003424,3,9.633435,9.575335,9.852914,9.852914,9.472056,9.852914,0.038795,3,8.552333,8.509900,8.707500,8.707500,8.439600,8.707500,0.019293,3,19.587200,19.352700,20.602500,20.602500,18.806400,20.602500,0.847736,3,25.607433,26.195800,26.547700,26.547700,24.078800,26.547700,1.783498,3,1033.411738,1039.505884,1050.496785,1050.496785,1010.232544,1050.496785,433.156234,3,5807.000000,5771.000000,5939.000000,5939.000000,5711.000000,5939.000000,13968.000000,3,2.000000,2.000000,2.000000,2.000000,2.000000,2.000000,0.000000,3,297.723333,298.575000,298.635000,298.635000,295.960000,298.635000,2.332908,3,306.330000,304.780000,309.500000,309.500000,304.710000,309.500000,7.537900,3,694176534.666667,672923647.000000,747236227.000000,747236227.000000,662369730.000000,747236227.000000,2139344503891716.200000,3,695045105.333333,673458421.000000,748127517.000000,748127517.000000,663549378.000000,748127517.000000,2137854104556064.200000,0,,,,,,,,3,47838.000000,47879.000000,48204.000000,48204.000000,47431.000000,48204.000000,150643.000000
"milvus","Native","DISKANN","{""metricType"":""COSINE"",""dimension"":1024}","{""search_list"":80}",10000,10,10,1,5,"{""javaVersion"":""21.0.11"",""os"":""Windows 11 10.0 amd64"",""resourceSampling"":""capture-window-contained-in-search-window"",""minimumMeasurementTimeMs"":5000,""protocol"":""search-parameter-sweep-v1"",""referenceRecallLevels"":[0.9,0.95],""cpu"":""AMD64 Family 25 Model 33 Stepping 0, AuthenticAMD"",""documentVectorsSha256"":""cc23f095b88585453940e8fca998f8b16f9573361b0c83f021d7bb095ba9e4c6"",""queryVectorsSha256"":""d06cc81c1169e1a926fc69a835fabda560932d8834bd687893fe0da301c4cfa9"",""containerLimits"":{""vector-milvus"":""cpuNano=3000000000,memoryBytes=6979321856,memorySwapBytes=6979321856"",""vector-milvus-minio"":""cpuNano=500000000,memoryBytes=1073741824,memorySwapBytes=1073741824"",""vector-milvus-etcd"":""cpuNano=500000000,memoryBytes=536870912,memorySwapBytes=536870912""},""dockerServerVersion"":""29.7.2"",""springBootVersion"":""4.1.1"",""queryPartition"":{""calibrationQueries"":100,""evaluationIdsSha256"":""f856701d0c4b142b59ef1f22919e1e8f1c897145a9bdf88e6b18a59196a6ca25"",""calibrationIdsSha256"":""8b3e0cf00bea0503372f6e0e968ec87a831d597ac5132d0e7ae30ade95164508"",""evaluationQueries"":200,""method"":""query-type-stratified-sha256""},""queryDefinitionsSha256"":""e9e52e8cd2ce129bb91205fa1a08f2baf2d4ca8bd28fe9c42299eefdb99ada18"",""availableProcessors"":16,""metric"":""COSINE"",""declaredVectorDbBudget"":{""cpuCores"":4.0,""memoryBytes"":8589934592},""physicalMemoryBytes"":51460743168}",3,"[1,2,3]",3,0.866323,0.878351,0.914948,0.914948,0.805670,0.914948,0.003094,3,11.153039,11.134093,11.410681,11.410681,10.914342,11.410681,0.061857,3,10.872100,10.838300,11.129000,11.129000,10.649000,11.129000,0.058457,3,14.950500,15.141800,15.278800,15.278800,14.430900,15.278800,0.207180,3,17.181267,17.278500,17.728900,17.728900,16.536400,17.728900,0.362605,3,892.261104,893.028142,911.743103,911.743103,872.012068,911.743103,395.080053,3,5605.000000,5598.000000,5733.000000,5733.000000,5484.000000,5733.000000,15537.000000,3,2.000000,2.000000,2.000000,2.000000,2.000000,2.000000,0.000000,3,278.180000,277.410000,282.910000,282.910000,274.220000,282.910000,19.323700,3,280.450000,281.130000,284.990000,284.990000,275.230000,284.990000,24.161200,3,693573603.333333,669127802.000000,746187652.000000,746187652.000000,665405356.000000,746187652.000000,2079642738879505.500000,3,694657132.000000,670700666.000000,746974084.000000,746974084.000000,666296646.000000,746974084.000000,2057646447967828.000000,0,,,,,,,,3,47838.000000,47879.000000,48204.000000,48204.000000,47431.000000,48204.000000,150643.000000
"milvus","Native","DISKANN","{""metricType"":""COSINE"",""dimension"":1024}","{""search_list"":120}",10000,10,10,1,5,"{""javaVersion"":""21.0.11"",""os"":""Windows 11 10.0 amd64"",""resourceSampling"":""capture-window-contained-in-search-window"",""minimumMeasurementTimeMs"":5000,""protocol"":""search-parameter-sweep-v1"",""referenceRecallLevels"":[0.9,0.95],""cpu"":""AMD64 Family 25 Model 33 Stepping 0, AuthenticAMD"",""documentVectorsSha256"":""cc23f095b88585453940e8fca998f8b16f9573361b0c83f021d7bb095ba9e4c6"",""queryVectorsSha256"":""d06cc81c1169e1a926fc69a835fabda560932d8834bd687893fe0da301c4cfa9"",""containerLimits"":{""vector-milvus"":""cpuNano=3000000000,memoryBytes=6979321856,memorySwapBytes=6979321856"",""vector-milvus-minio"":""cpuNano=500000000,memoryBytes=1073741824,memorySwapBytes=1073741824"",""vector-milvus-etcd"":""cpuNano=500000000,memoryBytes=536870912,memorySwapBytes=536870912""},""dockerServerVersion"":""29.7.2"",""springBootVersion"":""4.1.1"",""queryPartition"":{""calibrationQueries"":100,""evaluationIdsSha256"":""f856701d0c4b142b59ef1f22919e1e8f1c897145a9bdf88e6b18a59196a6ca25"",""calibrationIdsSha256"":""8b3e0cf00bea0503372f6e0e968ec87a831d597ac5132d0e7ae30ade95164508"",""evaluationQueries"":200,""method"":""query-type-stratified-sha256""},""queryDefinitionsSha256"":""e9e52e8cd2ce129bb91205fa1a08f2baf2d4ca8bd28fe9c42299eefdb99ada18"",""availableProcessors"":16,""metric"":""COSINE"",""declaredVectorDbBudget"":{""cpuCores"":4.0,""memoryBytes"":8589934592},""physicalMemoryBytes"":51460743168}",3,"[1,2,3]",3,0.894330,0.903093,0.931959,0.931959,0.847938,0.931959,0.001822,3,17.800322,18.025205,18.244842,18.244842,17.130918,18.244842,0.348136,3,14.623833,14.520600,15.263400,15.263400,14.087500,15.263400,0.353678,3,37.361333,37.254000,38.635300,38.635300,36.194700,38.635300,1.497772,3,43.364767,43.136600,43.971500,43.971500,42.986200,43.971500,0.281749,3,559.675025,552.463479,581.249901,581.249901,545.311694,581.249901,361.893484,3,5364.000000,5430.000000,5501.000000,5501.000000,5161.000000,5501.000000,32167.000000,3,2.000000,2.000000,2.000000,2.000000,2.000000,2.000000,0.000000,3,291.206667,288.615000,296.400000,296.400000,288.605000,296.400000,20.228058,3,294.746667,291.010000,304.260000,304.260000,288.970000,304.260000,68.918033,3,892851976.666667,898115828.000000,928194231.000000,928194231.000000,852245871.000000,928194231.000000,1462819444816976.200000,3,893309855.333333,898535259.000000,929080278.000000,929080278.000000,852314029.000000,929080278.000000,1493742878992210.200000,0,,,,,,,,3,47838.000000,47879.000000,48204.000000,48204.000000,47431.000000,48204.000000,150643.000000
"milvus","Native","DISKANN","{""metricType"":""COSINE"",""dimension"":1024}","{""search_list"":200}",10000,10,10,1,5,"{""javaVersion"":""21.0.11"",""os"":""Windows 11 10.0 amd64"",""resourceSampling"":""capture-window-contained-in-search-window"",""minimumMeasurementTimeMs"":5000,""protocol"":""search-parameter-sweep-v1"",""referenceRecallLevels"":[0.9,0.95],""cpu"":""AMD64 Family 25 Model 33 Stepping 0, AuthenticAMD"",""documentVectorsSha256"":""cc23f095b88585453940e8fca998f8b16f9573361b0c83f021d7bb095ba9e4c6"",""queryVectorsSha256"":""d06cc81c1169e1a926fc69a835fabda560932d8834bd687893fe0da301c4cfa9"",""containerLimits"":{""vector-milvus"":""cpuNano=3000000000,memoryBytes=6979321856,memorySwapBytes=6979321856"",""vector-milvus-minio"":""cpuNano=500000000,memoryBytes=1073741824,memorySwapBytes=1073741824"",""vector-milvus-etcd"":""cpuNano=500000000,memoryBytes=536870912,memorySwapBytes=536870912""},""dockerServerVersion"":""29.7.2"",""springBootVersion"":""4.1.1"",""queryPartition"":{""calibrationQueries"":100,""evaluationIdsSha256"":""f856701d0c4b142b59ef1f22919e1e8f1c897145a9bdf88e6b18a59196a6ca25"",""calibrationIdsSha256"":""8b3e0cf00bea0503372f6e0e968ec87a831d597ac5132d0e7ae30ade95164508"",""evaluationQueries"":200,""method"":""query-type-stratified-sha256""},""queryDefinitionsSha256"":""e9e52e8cd2ce129bb91205fa1a08f2baf2d4ca8bd28fe9c42299eefdb99ada18"",""availableProcessors"":16,""metric"":""COSINE"",""declaredVectorDbBudget"":{""cpuCores"":4.0,""memoryBytes"":8589934592},""physicalMemoryBytes"":51460743168}",3,"[1,2,3]",3,0.930756,0.946392,0.946907,0.946907,0.898969,0.946907,0.000758,3,21.862206,21.992817,22.224223,22.224223,21.369579,22.224223,0.195398,3,20.372500,20.551600,20.755100,20.755100,19.810800,20.755100,0.246983,3,34.103033,33.437700,35.462200,35.462200,33.409200,35.462200,1.385704,3,40.717233,40.120100,42.199000,42.199000,39.832600,42.199000,1.667388,3,455.353873,452.397888,465.377013,465.377013,448.286720,465.377013,79.572918,3,6589.666667,6631.000000,6692.000000,6692.000000,6446.000000,6692.000000,16410.333333,3,3.000000,3.000000,3.000000,3.000000,3.000000,3.000000,0.000000,3,285.971111,285.213333,289.026667,289.026667,283.673333,289.026667,7.595215,3,287.736667,286.810000,290.690000,290.690000,285.710000,290.690000,6.844133,3,841693118.333333,817032941.000000,898517782.000000,898517782.000000,809528632.000000,898517782.000000,2435860464014210.500000,3,842261680.000000,817144790.000000,899185375.000000,899185375.000000,810454875.000000,899185375.000000,2441419030016575.000000,0,,,,,,,,3,47838.000000,47879.000000,48204.000000,48204.000000,47431.000000,48204.000000,150643.000000
"milvus","Native","DISKANN","{""metricType"":""COSINE"",""dimension"":1024}","{""search_list"":400}",10000,10,10,1,5,"{""javaVersion"":""21.0.11"",""os"":""Windows 11 10.0 amd64"",""resourceSampling"":""capture-window-contained-in-search-window"",""minimumMeasurementTimeMs"":5000,""protocol"":""search-parameter-sweep-v1"",""referenceRecallLevels"":[0.9,0.95],""cpu"":""AMD64 Family 25 Model 33 Stepping 0, AuthenticAMD"",""documentVectorsSha256"":""cc23f095b88585453940e8fca998f8b16f9573361b0c83f021d7bb095ba9e4c6"",""queryVectorsSha256"":""d06cc81c1169e1a926fc69a835fabda560932d8834bd687893fe0da301c4cfa9"",""containerLimits"":{""vector-milvus"":""cpuNano=3000000000,memoryBytes=6979321856,memorySwapBytes=6979321856"",""vector-milvus-minio"":""cpuNano=500000000,memoryBytes=1073741824,memorySwapBytes=1073741824"",""vector-milvus-etcd"":""cpuNano=500000000,memoryBytes=536870912,memorySwapBytes=536870912""},""dockerServerVersion"":""29.7.2"",""springBootVersion"":""4.1.1"",""queryPartition"":{""calibrationQueries"":100,""evaluationIdsSha256"":""f856701d0c4b142b59ef1f22919e1e8f1c897145a9bdf88e6b18a59196a6ca25"",""calibrationIdsSha256"":""8b3e0cf00bea0503372f6e0e968ec87a831d597ac5132d0e7ae30ade95164508"",""evaluationQueries"":200,""method"":""query-type-stratified-sha256""},""queryDefinitionsSha256"":""e9e52e8cd2ce129bb91205fa1a08f2baf2d4ca8bd28fe9c42299eefdb99ada18"",""availableProcessors"":16,""metric"":""COSINE"",""declaredVectorDbBudget"":{""cpuCores"":4.0,""memoryBytes"":8589934592},""physicalMemoryBytes"":51460743168}",3,"[1,2,3]",3,0.967268,0.968299,0.972165,0.972165,0.961340,0.972165,0.000030,3,33.670927,34.355785,34.487488,34.487488,32.169507,34.487488,1.695032,3,32.509733,33.071400,33.379600,33.379600,31.078200,33.379600,1.560713,3,45.045567,45.694500,47.083600,47.083600,42.358600,47.083600,5.897242,3,50.354467,51.307900,53.371100,53.371100,46.384400,53.371100,12.885271,3,295.768372,289.646430,309.270893,309.270893,288.387793,309.270893,137.134593,3,6768.333333,6904.000000,6935.000000,6935.000000,6466.000000,6935.000000,68794.333333,3,3.000000,3.000000,3.000000,3.000000,3.000000,3.000000,0.000000,3,179.651111,178.140000,190.753333,190.753333,170.060000,190.753333,108.766104,3,184.023333,181.890000,197.450000,197.450000,172.730000,197.450000,156.182933,3,812218812.333333,776980833.000000,891317561.000000,891317561.000000,768358043.000000,891317561.000000,4711047157320401.000000,3,821429970.000000,793897859.000000,891667086.000000,891667086.000000,778724965.000000,891667086.000000,3757493526081901.000000,0,,,,,,,,3,47838.000000,47879.000000,48204.000000,48204.000000,47431.000000,48204.000000,150643.000000
"milvus","Native","DISKANN","{""metricType"":""COSINE"",""dimension"":1024}","{""search_list"":800}",10000,10,10,1,5,"{""javaVersion"":""21.0.11"",""os"":""Windows 11 10.0 amd64"",""resourceSampling"":""capture-window-contained-in-search-window"",""minimumMeasurementTimeMs"":5000,""protocol"":""search-parameter-sweep-v1"",""referenceRecallLevels"":[0.9,0.95],""cpu"":""AMD64 Family 25 Model 33 Stepping 0, AuthenticAMD"",""documentVectorsSha256"":""cc23f095b88585453940e8fca998f8b16f9573361b0c83f021d7bb095ba9e4c6"",""queryVectorsSha256"":""d06cc81c1169e1a926fc69a835fabda560932d8834bd687893fe0da301c4cfa9"",""containerLimits"":{""vector-milvus"":""cpuNano=3000000000,memoryBytes=6979321856,memorySwapBytes=6979321856"",""vector-milvus-minio"":""cpuNano=500000000,memoryBytes=1073741824,memorySwapBytes=1073741824"",""vector-milvus-etcd"":""cpuNano=500000000,memoryBytes=536870912,memorySwapBytes=536870912""},""dockerServerVersion"":""29.7.2"",""springBootVersion"":""4.1.1"",""queryPartition"":{""calibrationQueries"":100,""evaluationIdsSha256"":""f856701d0c4b142b59ef1f22919e1e8f1c897145a9bdf88e6b18a59196a6ca25"",""calibrationIdsSha256"":""8b3e0cf00bea0503372f6e0e968ec87a831d597ac5132d0e7ae30ade95164508"",""evaluationQueries"":200,""method"":""query-type-stratified-sha256""},""queryDefinitionsSha256"":""e9e52e8cd2ce129bb91205fa1a08f2baf2d4ca8bd28fe9c42299eefdb99ada18"",""availableProcessors"":16,""metric"":""COSINE"",""declaredVectorDbBudget"":{""cpuCores"":4.0,""memoryBytes"":8589934592},""physicalMemoryBytes"":51460743168}",3,"[1,2,3]",3,0.975430,0.975773,0.979897,0.979897,0.970619,0.979897,0.000022,3,58.682000,58.532623,60.089273,60.089273,57.424104,60.089273,1.792516,3,56.499767,56.295100,58.262300,58.262300,54.941900,58.262300,2.787680,3,77.117300,76.948500,77.666600,77.666600,76.736800,77.666600,0.237502,3,86.469700,86.921200,87.582200,87.582200,84.905700,87.582200,1.943802,3,169.704650,170.017626,173.564821,173.564821,165.531501,173.564821,16.207023,3,5894.333333,5881.000000,6041.000000,6041.000000,5761.000000,6041.000000,19733.333333,3,2.333333,2.000000,3.000000,3.000000,2.000000,3.000000,0.333333,3,153.401111,155.645000,156.263333,156.263333,148.295000,156.263333,19.649862,3,158.240000,161.140000,162.900000,162.900000,150.680000,162.900000,43.639600,3,705024635.666667,684035057.000000,762865253.000000,762865253.000000,668173597.000000,762865253.000000,2572049238458725.000000,3,706589927.000000,688012656.000000,763426241.000000,763426241.000000,668330884.000000,763426241.000000,2519617979094943.000000,0,,,,,,,,3,47838.000000,47879.000000,48204.000000,48204.000000,47431.000000,48204.000000,150643.000000
"milvus","Native","DISKANN","{""metricType"":""COSINE"",""dimension"":1024}","{""search_list"":1000}",10000,10,10,1,5,"{""javaVersion"":""21.0.11"",""os"":""Windows 11 10.0 amd64"",""resourceSampling"":""capture-window-contained-in-search-window"",""minimumMeasurementTimeMs"":5000,""protocol"":""search-parameter-sweep-v1"",""referenceRecallLevels"":[0.9,0.95],""cpu"":""AMD64 Family 25 Model 33 Stepping 0, AuthenticAMD"",""documentVectorsSha256"":""cc23f095b88585453940e8fca998f8b16f9573361b0c83f021d7bb095ba9e4c6"",""queryVectorsSha256"":""d06cc81c1169e1a926fc69a835fabda560932d8834bd687893fe0da301c4cfa9"",""containerLimits"":{""vector-milvus"":""cpuNano=3000000000,memoryBytes=6979321856,memorySwapBytes=6979321856"",""vector-milvus-minio"":""cpuNano=500000000,memoryBytes=1073741824,memorySwapBytes=1073741824"",""vector-milvus-etcd"":""cpuNano=500000000,memoryBytes=536870912,memorySwapBytes=536870912""},""dockerServerVersion"":""29.7.2"",""springBootVersion"":""4.1.1"",""queryPartition"":{""calibrationQueries"":100,""evaluationIdsSha256"":""f856701d0c4b142b59ef1f22919e1e8f1c897145a9bdf88e6b18a59196a6ca25"",""calibrationIdsSha256"":""8b3e0cf00bea0503372f6e0e968ec87a831d597ac5132d0e7ae30ade95164508"",""evaluationQueries"":200,""method"":""query-type-stratified-sha256""},""queryDefinitionsSha256"":""e9e52e8cd2ce129bb91205fa1a08f2baf2d4ca8bd28fe9c42299eefdb99ada18"",""availableProcessors"":16,""metric"":""COSINE"",""declaredVectorDbBudget"":{""cpuCores"":4.0,""memoryBytes"":8589934592},""physicalMemoryBytes"":51460743168}",3,"[1,2,3]",3,0.979038,0.978351,0.980928,0.980928,0.977835,0.980928,0.000003,3,71.920163,72.371824,72.826154,72.826154,70.562510,72.826154,1.434020,3,70.133267,70.697500,70.714800,70.714800,68.987500,70.714800,0.984661,3,94.315300,94.442300,95.559300,95.559300,92.944300,95.559300,1.721653,3,103.710400,103.478900,104.242200,104.242200,103.410100,104.242200,0.213292,3,138.296687,137.427296,141.063562,141.063562,136.399202,141.063562,6.005944,3,7232.000000,7276.000000,7331.000000,7331.000000,7089.000000,7331.000000,16093.000000,3,3.000000,3.000000,3.000000,3.000000,3.000000,3.000000,0.000000,3,144.746667,143.943333,150.530000,150.530000,139.766667,150.530000,29.446344,3,147.700000,146.730000,154.840000,154.840000,141.530000,154.840000,44.994700,3,704132763.333333,682745308.000000,763929557.000000,763929557.000000,665723425.000000,763929557.000000,2754178524826852.000000,3,704800357.000000,683094834.000000,765292706.000000,765292706.000000,666013531.000000,765292706.000000,2817435943697803.000000,0,,,,,,,,3,47838.000000,47879.000000,48204.000000,48204.000000,47431.000000,48204.000000,150643.000000
"milvus","Native","HNSW","{""dimension"":1024,""M"":16,""metricType"":""COSINE"",""efConstruction"":128}","{""ef"":10}",10000,10,10,1,5,"{""javaVersion"":""21.0.11"",""os"":""Windows 11 10.0 amd64"",""resourceSampling"":""capture-window-contained-in-search-window"",""minimumMeasurementTimeMs"":5000,""protocol"":""search-parameter-sweep-v1"",""referenceRecallLevels"":[0.9,0.95],""cpu"":""AMD64 Family 25 Model 33 Stepping 0, AuthenticAMD"",""documentVectorsSha256"":""cc23f095b88585453940e8fca998f8b16f9573361b0c83f021d7bb095ba9e4c6"",""queryVectorsSha256"":""d06cc81c1169e1a926fc69a835fabda560932d8834bd687893fe0da301c4cfa9"",""dockerServerVersion"":""29.7.2"",""containerLimits"":{""vector-milvus-etcd"":""cpuNano=500000000,memoryBytes=536870912,memorySwapBytes=536870912"",""vector-milvus"":""cpuNano=3000000000,memoryBytes=6979321856,memorySwapBytes=6979321856"",""vector-milvus-minio"":""cpuNano=500000000,memoryBytes=1073741824,memorySwapBytes=1073741824""},""springBootVersion"":""4.1.1"",""queryPartition"":{""calibrationIdsSha256"":""8b3e0cf00bea0503372f6e0e968ec87a831d597ac5132d0e7ae30ade95164508"",""evaluationQueries"":200,""method"":""query-type-stratified-sha256"",""calibrationQueries"":100,""evaluationIdsSha256"":""f856701d0c4b142b59ef1f22919e1e8f1c897145a9bdf88e6b18a59196a6ca25""},""queryDefinitionsSha256"":""e9e52e8cd2ce129bb91205fa1a08f2baf2d4ca8bd28fe9c42299eefdb99ada18"",""availableProcessors"":16,""metric"":""COSINE"",""declaredVectorDbBudget"":{""memoryBytes"":8589934592,""cpuCores"":4.0},""physicalMemoryBytes"":51460743168}",3,"[1,2,3]",3,0.735052,0.735052,0.735052,0.735052,0.735052,0.735052,0.000000,3,6.806494,6.762833,6.932260,6.932260,6.724390,6.932260,0.012232,3,4.937767,4.965000,5.021600,5.021600,4.826700,5.021600,0.010053,3,24.833267,25.047300,25.214000,25.214000,24.238500,25.214000,0.272258,3,34.488400,34.571100,35.720200,35.720200,33.173900,35.720200,1.626040,3,1458.394276,1469.487416,1472.014601,1472.014601,1433.680811,1472.014601,459.663188,3,5486.000000,5444.000000,5580.000000,5580.000000,5434.000000,5580.000000,6652.000000,3,2.000000,2.000000,2.000000,2.000000,2.000000,2.000000,0.000000,3,303.506667,304.255000,304.340000,304.340000,301.925000,304.340000,1.878058,3,310.176667,310.720000,311.630000,311.630000,308.180000,311.630000,3.197033,3,846435012.666667,841650011.000000,862542888.000000,862542888.000000,835112139.000000,862542888.000000,205283678387752.300000,3,855389852.333333,851055738.000000,870747996.000000,870747996.000000,844365823.000000,870747996.000000,188093173341286.300000,0,,,,,,,,3,17278.666667,17362.000000,17418.000000,17418.000000,17056.000000,17418.000000,37969.333333
"milvus","Native","HNSW","{""dimension"":1024,""M"":16,""metricType"":""COSINE"",""efConstruction"":128}","{""ef"":20}",10000,10,10,1,5,"{""javaVersion"":""21.0.11"",""os"":""Windows 11 10.0 amd64"",""resourceSampling"":""capture-window-contained-in-search-window"",""minimumMeasurementTimeMs"":5000,""protocol"":""search-parameter-sweep-v1"",""referenceRecallLevels"":[0.9,0.95],""cpu"":""AMD64 Family 25 Model 33 Stepping 0, AuthenticAMD"",""documentVectorsSha256"":""cc23f095b88585453940e8fca998f8b16f9573361b0c83f021d7bb095ba9e4c6"",""queryVectorsSha256"":""d06cc81c1169e1a926fc69a835fabda560932d8834bd687893fe0da301c4cfa9"",""dockerServerVersion"":""29.7.2"",""containerLimits"":{""vector-milvus-etcd"":""cpuNano=500000000,memoryBytes=536870912,memorySwapBytes=536870912"",""vector-milvus"":""cpuNano=3000000000,memoryBytes=6979321856,memorySwapBytes=6979321856"",""vector-milvus-minio"":""cpuNano=500000000,memoryBytes=1073741824,memorySwapBytes=1073741824""},""springBootVersion"":""4.1.1"",""queryPartition"":{""calibrationIdsSha256"":""8b3e0cf00bea0503372f6e0e968ec87a831d597ac5132d0e7ae30ade95164508"",""evaluationQueries"":200,""method"":""query-type-stratified-sha256"",""calibrationQueries"":100,""evaluationIdsSha256"":""f856701d0c4b142b59ef1f22919e1e8f1c897145a9bdf88e6b18a59196a6ca25""},""queryDefinitionsSha256"":""e9e52e8cd2ce129bb91205fa1a08f2baf2d4ca8bd28fe9c42299eefdb99ada18"",""availableProcessors"":16,""metric"":""COSINE"",""declaredVectorDbBudget"":{""memoryBytes"":8589934592,""cpuCores"":4.0},""physicalMemoryBytes"":51460743168}",3,"[1,2,3]",3,0.821134,0.821134,0.821134,0.821134,0.821134,0.821134,0.000000,3,6.562032,6.534424,6.750316,6.750316,6.401355,6.750316,0.031015,3,4.730433,4.760500,4.845700,4.845700,4.585100,4.845700,0.017656,3,24.965867,24.726200,25.597200,25.597200,24.574200,25.597200,0.304712,3,32.979167,32.832800,34.081200,34.081200,32.023500,34.081200,1.074600,3,1509.485386,1513.739981,1545.872302,1545.872302,1468.843875,1545.872302,1496.920806,3,5301.666667,5284.000000,5446.000000,5446.000000,5175.000000,5446.000000,18594.333333,3,2.000000,2.000000,2.000000,2.000000,2.000000,2.000000,0.000000,3,309.241667,308.655000,313.225000,313.225000,305.845000,313.225000,13.874233,3,317.573333,318.260000,318.760000,318.760000,315.700000,318.760000,2.694533,3,629757268.000000,628794326.000000,631761796.000000,631761796.000000,628715682.000000,631761796.000000,3015145596772.000000,3,633850209.666667,633696418.000000,634786938.000000,634786938.000000,633067273.000000,634786938.000000,757050835608.333300,0,,,,,,,,3,17278.666667,17362.000000,17418.000000,17418.000000,17056.000000,17418.000000,37969.333333
"milvus","Native","HNSW","{""dimension"":1024,""M"":16,""metricType"":""COSINE"",""efConstruction"":128}","{""ef"":40}",10000,10,10,1,5,"{""javaVersion"":""21.0.11"",""os"":""Windows 11 10.0 amd64"",""resourceSampling"":""capture-window-contained-in-search-window"",""minimumMeasurementTimeMs"":5000,""protocol"":""search-parameter-sweep-v1"",""referenceRecallLevels"":[0.9,0.95],""cpu"":""AMD64 Family 25 Model 33 Stepping 0, AuthenticAMD"",""documentVectorsSha256"":""cc23f095b88585453940e8fca998f8b16f9573361b0c83f021d7bb095ba9e4c6"",""queryVectorsSha256"":""d06cc81c1169e1a926fc69a835fabda560932d8834bd687893fe0da301c4cfa9"",""dockerServerVersion"":""29.7.2"",""containerLimits"":{""vector-milvus-etcd"":""cpuNano=500000000,memoryBytes=536870912,memorySwapBytes=536870912"",""vector-milvus"":""cpuNano=3000000000,memoryBytes=6979321856,memorySwapBytes=6979321856"",""vector-milvus-minio"":""cpuNano=500000000,memoryBytes=1073741824,memorySwapBytes=1073741824""},""springBootVersion"":""4.1.1"",""queryPartition"":{""calibrationIdsSha256"":""8b3e0cf00bea0503372f6e0e968ec87a831d597ac5132d0e7ae30ade95164508"",""evaluationQueries"":200,""method"":""query-type-stratified-sha256"",""calibrationQueries"":100,""evaluationIdsSha256"":""f856701d0c4b142b59ef1f22919e1e8f1c897145a9bdf88e6b18a59196a6ca25""},""queryDefinitionsSha256"":""e9e52e8cd2ce129bb91205fa1a08f2baf2d4ca8bd28fe9c42299eefdb99ada18"",""availableProcessors"":16,""metric"":""COSINE"",""declaredVectorDbBudget"":{""memoryBytes"":8589934592,""cpuCores"":4.0},""physicalMemoryBytes"":51460743168}",3,"[1,2,3]",3,0.890206,0.890206,0.890206,0.890206,0.890206,0.890206,0.000000,3,6.886324,6.884580,6.989863,6.989863,6.784530,6.989863,0.010543,3,4.778533,4.813600,4.851100,4.851100,4.670900,4.851100,0.009040,3,28.159767,27.739800,29.111700,29.111700,27.627800,29.111700,0.682769,3,37.350000,37.852500,38.602600,38.602600,35.594900,38.602600,2.450945,3,1444.132102,1445.510123,1464.607146,1464.607146,1422.279038,1464.607146,449.341394,3,5540.000000,5534.000000,5624.000000,5624.000000,5462.000000,5624.000000,6588.000000,3,2.000000,2.000000,2.000000,2.000000,2.000000,2.000000,0.000000,3,298.478333,298.940000,301.360000,301.360000,295.135000,301.360000,9.847508,3,300.416667,301.200000,302.230000,302.230000,297.820000,302.230000,5.322233,3,674961379.000000,675157113.000000,681144482.000000,681144482.000000,668582542.000000,681144482.000000,39479317989967.000000,3,678474108.666667,678931987.000000,683713493.000000,683713493.000000,672776846.000000,683713493.000000,30059801326754.336000,0,,,,,,,,3,17278.666667,17362.000000,17418.000000,17418.000000,17056.000000,17418.000000,37969.333333
"milvus","Native","HNSW","{""dimension"":1024,""M"":16,""metricType"":""COSINE"",""efConstruction"":128}","{""ef"":80}",10000,10,10,1,5,"{""javaVersion"":""21.0.11"",""os"":""Windows 11 10.0 amd64"",""resourceSampling"":""capture-window-contained-in-search-window"",""minimumMeasurementTimeMs"":5000,""protocol"":""search-parameter-sweep-v1"",""referenceRecallLevels"":[0.9,0.95],""cpu"":""AMD64 Family 25 Model 33 Stepping 0, AuthenticAMD"",""documentVectorsSha256"":""cc23f095b88585453940e8fca998f8b16f9573361b0c83f021d7bb095ba9e4c6"",""queryVectorsSha256"":""d06cc81c1169e1a926fc69a835fabda560932d8834bd687893fe0da301c4cfa9"",""dockerServerVersion"":""29.7.2"",""containerLimits"":{""vector-milvus-etcd"":""cpuNano=500000000,memoryBytes=536870912,memorySwapBytes=536870912"",""vector-milvus"":""cpuNano=3000000000,memoryBytes=6979321856,memorySwapBytes=6979321856"",""vector-milvus-minio"":""cpuNano=500000000,memoryBytes=1073741824,memorySwapBytes=1073741824""},""springBootVersion"":""4.1.1"",""queryPartition"":{""calibrationIdsSha256"":""8b3e0cf00bea0503372f6e0e968ec87a831d597ac5132d0e7ae30ade95164508"",""evaluationQueries"":200,""method"":""query-type-stratified-sha256"",""calibrationQueries"":100,""evaluationIdsSha256"":""f856701d0c4b142b59ef1f22919e1e8f1c897145a9bdf88e6b18a59196a6ca25""},""queryDefinitionsSha256"":""e9e52e8cd2ce129bb91205fa1a08f2baf2d4ca8bd28fe9c42299eefdb99ada18"",""availableProcessors"":16,""metric"":""COSINE"",""declaredVectorDbBudget"":{""memoryBytes"":8589934592,""cpuCores"":4.0},""physicalMemoryBytes"":51460743168}",3,"[1,2,3]",3,0.953093,0.953093,0.953093,0.953093,0.953093,0.953093,0.000000,3,5.880267,5.911922,5.974244,5.974244,5.754633,5.974244,0.012809,3,4.552200,4.573700,4.624900,4.624900,4.458000,4.624900,0.007311,3,16.164000,14.899700,19.549200,19.549200,14.043100,19.549200,8.778125,3,28.004033,28.031800,28.480700,28.480700,27.499600,28.480700,0.241218,3,1691.447494,1681.346534,1725.807203,1725.807203,1667.188744,1725.807203,935.552982,3,5321.333333,5352.000000,5398.000000,5398.000000,5214.000000,5398.000000,9169.333333,3,2.000000,2.000000,2.000000,2.000000,2.000000,2.000000,0.000000,3,296.428333,296.295000,296.780000,296.780000,296.210000,296.780000,0.094558,3,297.573333,297.280000,298.330000,298.330000,297.110000,298.330000,0.436633,3,637249343.333333,637093805.000000,645178326.000000,645178326.000000,629475899.000000,645178326.000000,61659697552434.330000,3,644168197.333333,644381408.000000,651417353.000000,651417353.000000,636705831.000000,651417353.000000,54141313980406.330000,0,,,,,,,,3,17278.666667,17362.000000,17418.000000,17418.000000,17056.000000,17418.000000,37969.333333
"milvus","Native","HNSW","{""dimension"":1024,""M"":16,""metricType"":""COSINE"",""efConstruction"":128}","{""ef"":120}",10000,10,10,1,5,"{""javaVersion"":""21.0.11"",""os"":""Windows 11 10.0 amd64"",""resourceSampling"":""capture-window-contained-in-search-window"",""minimumMeasurementTimeMs"":5000,""protocol"":""search-parameter-sweep-v1"",""referenceRecallLevels"":[0.9,0.95],""cpu"":""AMD64 Family 25 Model 33 Stepping 0, AuthenticAMD"",""documentVectorsSha256"":""cc23f095b88585453940e8fca998f8b16f9573361b0c83f021d7bb095ba9e4c6"",""queryVectorsSha256"":""d06cc81c1169e1a926fc69a835fabda560932d8834bd687893fe0da301c4cfa9"",""dockerServerVersion"":""29.7.2"",""containerLimits"":{""vector-milvus-etcd"":""cpuNano=500000000,memoryBytes=536870912,memorySwapBytes=536870912"",""vector-milvus"":""cpuNano=3000000000,memoryBytes=6979321856,memorySwapBytes=6979321856"",""vector-milvus-minio"":""cpuNano=500000000,memoryBytes=1073741824,memorySwapBytes=1073741824""},""springBootVersion"":""4.1.1"",""queryPartition"":{""calibrationIdsSha256"":""8b3e0cf00bea0503372f6e0e968ec87a831d597ac5132d0e7ae30ade95164508"",""evaluationQueries"":200,""method"":""query-type-stratified-sha256"",""calibrationQueries"":100,""evaluationIdsSha256"":""f856701d0c4b142b59ef1f22919e1e8f1c897145a9bdf88e6b18a59196a6ca25""},""queryDefinitionsSha256"":""e9e52e8cd2ce129bb91205fa1a08f2baf2d4ca8bd28fe9c42299eefdb99ada18"",""availableProcessors"":16,""metric"":""COSINE"",""declaredVectorDbBudget"":{""memoryBytes"":8589934592,""cpuCores"":4.0},""physicalMemoryBytes"":51460743168}",3,"[1,2,3]",3,0.958763,0.958763,0.958763,0.958763,0.958763,0.958763,0.000000,3,6.094817,6.133232,6.237275,6.237275,5.913945,6.237275,0.027242,3,4.654300,4.708200,4.734500,4.734500,4.520200,4.734500,0.013660,3,18.862933,19.338600,20.495400,20.495400,16.754800,20.495400,3.667716,3,29.465933,29.477200,29.776700,29.776700,29.143900,29.776700,0.100204,3,1634.625701,1625.259450,1680.969476,1680.969476,1597.648177,1680.969476,1801.404703,3,5508.000000,5537.000000,5633.000000,5633.000000,5354.000000,5633.000000,20091.000000,3,2.000000,2.000000,2.000000,2.000000,2.000000,2.000000,0.000000,3,296.288333,295.785000,297.330000,297.330000,295.750000,297.330000,0.814108,3,297.400000,296.860000,299.350000,299.350000,295.990000,299.350000,3.041100,3,640445753.333333,640449249.000000,641759968.000000,641759968.000000,639128043.000000,641759968.000000,1731766466170.333300,3,642228332.666667,643594976.000000,643647406.000000,643647406.000000,639442616.000000,643647406.000000,5820850236433.333000,0,,,,,,,,3,17278.666667,17362.000000,17418.000000,17418.000000,17056.000000,17418.000000,37969.333333
"milvus","Native","HNSW","{""dimension"":1024,""M"":16,""metricType"":""COSINE"",""efConstruction"":128}","{""ef"":200}",10000,10,10,1,5,"{""javaVersion"":""21.0.11"",""os"":""Windows 11 10.0 amd64"",""resourceSampling"":""capture-window-contained-in-search-window"",""minimumMeasurementTimeMs"":5000,""protocol"":""search-parameter-sweep-v1"",""referenceRecallLevels"":[0.9,0.95],""cpu"":""AMD64 Family 25 Model 33 Stepping 0, AuthenticAMD"",""documentVectorsSha256"":""cc23f095b88585453940e8fca998f8b16f9573361b0c83f021d7bb095ba9e4c6"",""queryVectorsSha256"":""d06cc81c1169e1a926fc69a835fabda560932d8834bd687893fe0da301c4cfa9"",""dockerServerVersion"":""29.7.2"",""containerLimits"":{""vector-milvus-etcd"":""cpuNano=500000000,memoryBytes=536870912,memorySwapBytes=536870912"",""vector-milvus"":""cpuNano=3000000000,memoryBytes=6979321856,memorySwapBytes=6979321856"",""vector-milvus-minio"":""cpuNano=500000000,memoryBytes=1073741824,memorySwapBytes=1073741824""},""springBootVersion"":""4.1.1"",""queryPartition"":{""calibrationIdsSha256"":""8b3e0cf00bea0503372f6e0e968ec87a831d597ac5132d0e7ae30ade95164508"",""evaluationQueries"":200,""method"":""query-type-stratified-sha256"",""calibrationQueries"":100,""evaluationIdsSha256"":""f856701d0c4b142b59ef1f22919e1e8f1c897145a9bdf88e6b18a59196a6ca25""},""queryDefinitionsSha256"":""e9e52e8cd2ce129bb91205fa1a08f2baf2d4ca8bd28fe9c42299eefdb99ada18"",""availableProcessors"":16,""metric"":""COSINE"",""declaredVectorDbBudget"":{""memoryBytes"":8589934592,""cpuCores"":4.0},""physicalMemoryBytes"":51460743168}",3,"[1,2,3]",3,0.975773,0.975773,0.975773,0.975773,0.975773,0.975773,0.000000,3,6.703144,6.767022,6.870551,6.870551,6.471857,6.870551,0.042800,3,4.843500,4.896000,4.913300,4.913300,4.721200,4.913300,0.011293,3,25.367333,25.196200,26.351800,26.351800,24.554000,26.351800,0.829986,3,35.402667,35.530500,37.863600,37.863600,32.813900,37.863600,6.387124,3,1485.056088,1469.682678,1540.107143,1540.107143,1445.378444,1540.107143,2420.637904,3,5390.333333,5443.000000,5534.000000,5534.000000,5194.000000,5534.000000,30980.333333,3,2.000000,2.000000,2.000000,2.000000,2.000000,2.000000,0.000000,3,298.795000,297.975000,306.485000,306.485000,291.925000,306.485000,53.502700,3,299.940000,298.460000,307.050000,307.050000,294.310000,307.050000,42.219700,3,633056787.000000,631064492.000000,640774307.000000,640774307.000000,627331562.000000,640774307.000000,48153777809025.000000,3,635178406.000000,632700271.000000,645021040.000000,645021040.000000,627813907.000000,645021040.000000,78627221328591.000000,0,,,,,,,,3,17278.666667,17362.000000,17418.000000,17418.000000,17056.000000,17418.000000,37969.333333
"milvus","Native","HNSW","{""dimension"":1024,""M"":16,""metricType"":""COSINE"",""efConstruction"":128}","{""ef"":400}",10000,10,10,1,5,"{""javaVersion"":""21.0.11"",""os"":""Windows 11 10.0 amd64"",""resourceSampling"":""capture-window-contained-in-search-window"",""minimumMeasurementTimeMs"":5000,""protocol"":""search-parameter-sweep-v1"",""referenceRecallLevels"":[0.9,0.95],""cpu"":""AMD64 Family 25 Model 33 Stepping 0, AuthenticAMD"",""documentVectorsSha256"":""cc23f095b88585453940e8fca998f8b16f9573361b0c83f021d7bb095ba9e4c6"",""queryVectorsSha256"":""d06cc81c1169e1a926fc69a835fabda560932d8834bd687893fe0da301c4cfa9"",""dockerServerVersion"":""29.7.2"",""containerLimits"":{""vector-milvus-etcd"":""cpuNano=500000000,memoryBytes=536870912,memorySwapBytes=536870912"",""vector-milvus"":""cpuNano=3000000000,memoryBytes=6979321856,memorySwapBytes=6979321856"",""vector-milvus-minio"":""cpuNano=500000000,memoryBytes=1073741824,memorySwapBytes=1073741824""},""springBootVersion"":""4.1.1"",""queryPartition"":{""calibrationIdsSha256"":""8b3e0cf00bea0503372f6e0e968ec87a831d597ac5132d0e7ae30ade95164508"",""evaluationQueries"":200,""method"":""query-type-stratified-sha256"",""calibrationQueries"":100,""evaluationIdsSha256"":""f856701d0c4b142b59ef1f22919e1e8f1c897145a9bdf88e6b18a59196a6ca25""},""queryDefinitionsSha256"":""e9e52e8cd2ce129bb91205fa1a08f2baf2d4ca8bd28fe9c42299eefdb99ada18"",""availableProcessors"":16,""metric"":""COSINE"",""declaredVectorDbBudget"":{""memoryBytes"":8589934592,""cpuCores"":4.0},""physicalMemoryBytes"":51460743168}",3,"[1,2,3]",3,0.978866,0.978866,0.978866,0.978866,0.978866,0.978866,0.000000,3,8.020559,8.131937,8.155262,8.155262,7.774479,8.155262,0.045553,3,5.426167,5.499000,5.518300,5.518300,5.261200,5.518300,0.020504,3,34.686500,34.963000,35.260300,35.260300,33.836200,35.260300,0.564354,3,43.103267,42.922000,44.513700,44.513700,41.874100,44.513700,1.766515,3,1243.084917,1225.802505,1281.460472,1281.460472,1221.991774,1281.460472,1108.142846,3,5633.333333,5710.000000,5728.000000,5728.000000,5462.000000,5728.000000,22097.333333,3,2.000000,2.000000,2.000000,2.000000,2.000000,2.000000,0.000000,3,302.065000,300.735000,306.985000,306.985000,298.475000,306.985000,19.431700,3,308.303333,308.300000,314.690000,314.690000,301.920000,314.690000,40.768233,3,623577659.333333,623367944.000000,628804811.000000,628804811.000000,618560223.000000,628804811.000000,26270881213212.336000,3,629232980.000000,631788010.000000,632008211.000000,632008211.000000,623902719.000000,632008211.000000,21320883866191.000000,0,,,,,,,,3,17278.666667,17362.000000,17418.000000,17418.000000,17056.000000,17418.000000,37969.333333
"milvus","Native","HNSW","{""dimension"":1024,""M"":16,""metricType"":""COSINE"",""efConstruction"":128}","{""ef"":800}",10000,10,10,1,5,"{""javaVersion"":""21.0.11"",""os"":""Windows 11 10.0 amd64"",""resourceSampling"":""capture-window-contained-in-search-window"",""minimumMeasurementTimeMs"":5000,""protocol"":""search-parameter-sweep-v1"",""referenceRecallLevels"":[0.9,0.95],""cpu"":""AMD64 Family 25 Model 33 Stepping 0, AuthenticAMD"",""documentVectorsSha256"":""cc23f095b88585453940e8fca998f8b16f9573361b0c83f021d7bb095ba9e4c6"",""queryVectorsSha256"":""d06cc81c1169e1a926fc69a835fabda560932d8834bd687893fe0da301c4cfa9"",""dockerServerVersion"":""29.7.2"",""containerLimits"":{""vector-milvus-etcd"":""cpuNano=500000000,memoryBytes=536870912,memorySwapBytes=536870912"",""vector-milvus"":""cpuNano=3000000000,memoryBytes=6979321856,memorySwapBytes=6979321856"",""vector-milvus-minio"":""cpuNano=500000000,memoryBytes=1073741824,memorySwapBytes=1073741824""},""springBootVersion"":""4.1.1"",""queryPartition"":{""calibrationIdsSha256"":""8b3e0cf00bea0503372f6e0e968ec87a831d597ac5132d0e7ae30ade95164508"",""evaluationQueries"":200,""method"":""query-type-stratified-sha256"",""calibrationQueries"":100,""evaluationIdsSha256"":""f856701d0c4b142b59ef1f22919e1e8f1c897145a9bdf88e6b18a59196a6ca25""},""queryDefinitionsSha256"":""e9e52e8cd2ce129bb91205fa1a08f2baf2d4ca8bd28fe9c42299eefdb99ada18"",""availableProcessors"":16,""metric"":""COSINE"",""declaredVectorDbBudget"":{""memoryBytes"":8589934592,""cpuCores"":4.0},""physicalMemoryBytes"":51460743168}",3,"[1,2,3]",3,0.978866,0.978866,0.978866,0.978866,0.978866,0.978866,0.000000,3,11.829189,10.763705,14.431249,14.431249,10.292613,14.431249,5.133519,3,7.337633,7.162900,8.017000,8.017000,6.833000,8.017000,0.373363,3,45.630567,41.204400,55.452900,55.452900,40.234400,55.452900,72.593899,3,53.485600,49.274600,62.560600,62.560600,48.621600,62.560600,61.873321,3,862.018879,926.089003,968.653463,968.653463,691.314171,968.653463,22308.006296,3,5448.666667,5399.000000,5786.000000,5786.000000,5161.000000,5786.000000,99506.333333,3,2.000000,2.000000,2.000000,2.000000,2.000000,2.000000,0.000000,3,299.165000,297.570000,304.260000,304.260000,295.665000,304.260000,20.376525,3,303.996667,299.300000,314.400000,314.400000,298.290000,314.400000,81.427033,3,831898253.666667,820641790.000000,870753238.000000,870753238.000000,804299733.000000,870753238.000000,1199048062405496.200000,3,843268313.000000,823027301.000000,891415428.000000,891415428.000000,815362210.000000,891415428.000000,1753296917126989.000000,0,,,,,,,,3,17278.666667,17362.000000,17418.000000,17418.000000,17056.000000,17418.000000,37969.333333
"milvus","Native","HNSW","{""dimension"":1024,""M"":16,""metricType"":""COSINE"",""efConstruction"":128}","{""ef"":1000}",10000,10,10,1,5,"{""javaVersion"":""21.0.11"",""os"":""Windows 11 10.0 amd64"",""resourceSampling"":""capture-window-contained-in-search-window"",""minimumMeasurementTimeMs"":5000,""protocol"":""search-parameter-sweep-v1"",""referenceRecallLevels"":[0.9,0.95],""cpu"":""AMD64 Family 25 Model 33 Stepping 0, AuthenticAMD"",""documentVectorsSha256"":""cc23f095b88585453940e8fca998f8b16f9573361b0c83f021d7bb095ba9e4c6"",""queryVectorsSha256"":""d06cc81c1169e1a926fc69a835fabda560932d8834bd687893fe0da301c4cfa9"",""dockerServerVersion"":""29.7.2"",""containerLimits"":{""vector-milvus-etcd"":""cpuNano=500000000,memoryBytes=536870912,memorySwapBytes=536870912"",""vector-milvus"":""cpuNano=3000000000,memoryBytes=6979321856,memorySwapBytes=6979321856"",""vector-milvus-minio"":""cpuNano=500000000,memoryBytes=1073741824,memorySwapBytes=1073741824""},""springBootVersion"":""4.1.1"",""queryPartition"":{""calibrationIdsSha256"":""8b3e0cf00bea0503372f6e0e968ec87a831d597ac5132d0e7ae30ade95164508"",""evaluationQueries"":200,""method"":""query-type-stratified-sha256"",""calibrationQueries"":100,""evaluationIdsSha256"":""f856701d0c4b142b59ef1f22919e1e8f1c897145a9bdf88e6b18a59196a6ca25""},""queryDefinitionsSha256"":""e9e52e8cd2ce129bb91205fa1a08f2baf2d4ca8bd28fe9c42299eefdb99ada18"",""availableProcessors"":16,""metric"":""COSINE"",""declaredVectorDbBudget"":{""memoryBytes"":8589934592,""cpuCores"":4.0},""physicalMemoryBytes"":51460743168}",3,"[1,2,3]",3,0.978866,0.978866,0.978866,0.978866,0.978866,0.978866,0.000000,3,11.675431,11.971105,12.011308,12.011308,11.043881,12.011308,0.299546,3,7.676867,7.824300,7.907100,7.907100,7.299200,7.907100,0.108688,3,42.671700,42.710800,43.446300,43.446300,41.858000,43.446300,0.631821,3,50.191033,49.791700,51.708200,51.708200,49.073200,51.708200,1.855407,3,853.744289,831.810053,900.494105,900.494105,828.928710,900.494105,1641.234457,3,5864.333333,6010.000000,6031.000000,6031.000000,5552.000000,6031.000000,73274.333333,3,2.000000,2.000000,2.000000,2.000000,2.000000,2.000000,0.000000,3,299.970000,300.050000,300.595000,300.595000,299.265000,300.595000,0.447025,3,303.426667,304.450000,306.370000,306.370000,299.460000,306.370000,12.722433,3,756432239.333333,756243495.000000,771206675.000000,771206675.000000,741846548.000000,771206675.000000,215530982681556.340000,3,773733743.333333,770399272.000000,780864060.000000,780864060.000000,769937898.000000,780864060.000000,38184278317177.330000,0,,,,,,,,3,17278.666667,17362.000000,17418.000000,17418.000000,17056.000000,17418.000000,37969.333333
"milvus","Native","IVF_FLAT","{""metricType"":""COSINE"",""nlist"":128,""dimension"":1024}","{""nprobe"":1}",10000,10,10,1,5,"{""javaVersion"":""21.0.11"",""os"":""Windows 11 10.0 amd64"",""resourceSampling"":""capture-window-contained-in-search-window"",""minimumMeasurementTimeMs"":5000,""protocol"":""search-parameter-sweep-v1"",""referenceRecallLevels"":[0.9,0.95],""cpu"":""AMD64 Family 25 Model 33 Stepping 0, AuthenticAMD"",""documentVectorsSha256"":""cc23f095b88585453940e8fca998f8b16f9573361b0c83f021d7bb095ba9e4c6"",""queryVectorsSha256"":""d06cc81c1169e1a926fc69a835fabda560932d8834bd687893fe0da301c4cfa9"",""containerLimits"":{""vector-milvus-minio"":""cpuNano=500000000,memoryBytes=1073741824,memorySwapBytes=1073741824"",""vector-milvus"":""cpuNano=3000000000,memoryBytes=6979321856,memorySwapBytes=6979321856"",""vector-milvus-etcd"":""cpuNano=500000000,memoryBytes=536870912,memorySwapBytes=536870912""},""dockerServerVersion"":""29.7.2"",""springBootVersion"":""4.1.1"",""queryPartition"":{""calibrationIdsSha256"":""8b3e0cf00bea0503372f6e0e968ec87a831d597ac5132d0e7ae30ade95164508"",""evaluationIdsSha256"":""f856701d0c4b142b59ef1f22919e1e8f1c897145a9bdf88e6b18a59196a6ca25"",""calibrationQueries"":100,""method"":""query-type-stratified-sha256"",""evaluationQueries"":200},""queryDefinitionsSha256"":""e9e52e8cd2ce129bb91205fa1a08f2baf2d4ca8bd28fe9c42299eefdb99ada18"",""availableProcessors"":16,""metric"":""COSINE"",""declaredVectorDbBudget"":{""cpuCores"":4.0,""memoryBytes"":8589934592},""physicalMemoryBytes"":51460743168}",3,"[1,2,3]",3,0.695361,0.695361,0.695361,0.695361,0.695361,0.695361,0.000000,3,6.574620,6.582382,6.628196,6.628196,6.513283,6.628196,0.003346,3,4.997100,5.018400,5.022200,5.022200,4.950700,5.022200,0.001618,3,21.759800,22.092100,22.240700,22.240700,20.946600,22.240700,0.501491,3,30.734233,30.899800,32.264300,32.264300,29.038600,32.264300,2.621844,3,1510.477659,1504.174686,1526.504546,1526.504546,1500.753744,1526.504546,195.571541,3,5296.000000,5318.000000,5330.000000,5330.000000,5240.000000,5330.000000,2388.000000,3,2.000000,2.000000,2.000000,2.000000,2.000000,2.000000,0.000000,3,304.450000,303.525000,307.255000,307.255000,302.570000,307.255000,6.129025,3,312.873333,313.120000,313.530000,313.530000,311.970000,313.530000,0.654033,3,859311525.666667,869127945.000000,871943371.000000,871943371.000000,836863261.000000,871943371.000000,379925095798905.300000,3,862698426.000000,869888162.000000,881097439.000000,881097439.000000,837109677.000000,881097439.000000,522500029254433.000000,0,,,,,,,,3,17474.666667,17468.000000,17538.000000,17538.000000,17418.000000,17538.000000,3633.333333
"milvus","Native","IVF_FLAT","{""metricType"":""COSINE"",""nlist"":128,""dimension"":1024}","{""nprobe"":2}",10000,10,10,1,5,"{""javaVersion"":""21.0.11"",""os"":""Windows 11 10.0 amd64"",""resourceSampling"":""capture-window-contained-in-search-window"",""minimumMeasurementTimeMs"":5000,""protocol"":""search-parameter-sweep-v1"",""referenceRecallLevels"":[0.9,0.95],""cpu"":""AMD64 Family 25 Model 33 Stepping 0, AuthenticAMD"",""documentVectorsSha256"":""cc23f095b88585453940e8fca998f8b16f9573361b0c83f021d7bb095ba9e4c6"",""queryVectorsSha256"":""d06cc81c1169e1a926fc69a835fabda560932d8834bd687893fe0da301c4cfa9"",""containerLimits"":{""vector-milvus-minio"":""cpuNano=500000000,memoryBytes=1073741824,memorySwapBytes=1073741824"",""vector-milvus"":""cpuNano=3000000000,memoryBytes=6979321856,memorySwapBytes=6979321856"",""vector-milvus-etcd"":""cpuNano=500000000,memoryBytes=536870912,memorySwapBytes=536870912""},""dockerServerVersion"":""29.7.2"",""springBootVersion"":""4.1.1"",""queryPartition"":{""calibrationIdsSha256"":""8b3e0cf00bea0503372f6e0e968ec87a831d597ac5132d0e7ae30ade95164508"",""evaluationIdsSha256"":""f856701d0c4b142b59ef1f22919e1e8f1c897145a9bdf88e6b18a59196a6ca25"",""calibrationQueries"":100,""method"":""query-type-stratified-sha256"",""evaluationQueries"":200},""queryDefinitionsSha256"":""e9e52e8cd2ce129bb91205fa1a08f2baf2d4ca8bd28fe9c42299eefdb99ada18"",""availableProcessors"":16,""metric"":""COSINE"",""declaredVectorDbBudget"":{""cpuCores"":4.0,""memoryBytes"":8589934592},""physicalMemoryBytes"":51460743168}",3,"[1,2,3]",3,0.813402,0.813402,0.813402,0.813402,0.813402,0.813402,0.000000,3,6.310434,6.305253,6.347083,6.347083,6.278966,6.347083,0.001180,3,4.720500,4.727600,4.729300,4.729300,4.704600,4.729300,0.000190,3,21.801733,22.092700,22.504200,22.504200,20.808300,22.504200,0.782515,3,29.884367,29.931000,29.959000,29.959000,29.763100,29.959000,0.011225,3,1577.390549,1578.745507,1585.388426,1585.388426,1568.037715,1585.388426,76.638726,3,5071.333333,5067.000000,5101.000000,5101.000000,5046.000000,5101.000000,770.333333,3,2.000000,2.000000,2.000000,2.000000,2.000000,2.000000,0.000000,3,310.660000,308.605000,315.150000,315.150000,308.225000,315.150000,15.156175,3,321.890000,321.030000,324.490000,324.490000,320.150000,324.490000,5.263600,3,612934613.333333,609998600.000000,621092534.000000,621092534.000000,607712706.000000,621092534.000000,51220080047529.330000,3,618673819.333333,623084829.000000,625014208.000000,625014208.000000,607922421.000000,625014208.000000,87625050422912.330000,0,,,,,,,,3,17474.666667,17468.000000,17538.000000,17538.000000,17418.000000,17538.000000,3633.333333
"milvus","Native","IVF_FLAT","{""metricType"":""COSINE"",""nlist"":128,""dimension"":1024}","{""nprobe"":4}",10000,10,10,1,5,"{""javaVersion"":""21.0.11"",""os"":""Windows 11 10.0 amd64"",""resourceSampling"":""capture-window-contained-in-search-window"",""minimumMeasurementTimeMs"":5000,""protocol"":""search-parameter-sweep-v1"",""referenceRecallLevels"":[0.9,0.95],""cpu"":""AMD64 Family 25 Model 33 Stepping 0, AuthenticAMD"",""documentVectorsSha256"":""cc23f095b88585453940e8fca998f8b16f9573361b0c83f021d7bb095ba9e4c6"",""queryVectorsSha256"":""d06cc81c1169e1a926fc69a835fabda560932d8834bd687893fe0da301c4cfa9"",""containerLimits"":{""vector-milvus-minio"":""cpuNano=500000000,memoryBytes=1073741824,memorySwapBytes=1073741824"",""vector-milvus"":""cpuNano=3000000000,memoryBytes=6979321856,memorySwapBytes=6979321856"",""vector-milvus-etcd"":""cpuNano=500000000,memoryBytes=536870912,memorySwapBytes=536870912""},""dockerServerVersion"":""29.7.2"",""springBootVersion"":""4.1.1"",""queryPartition"":{""calibrationIdsSha256"":""8b3e0cf00bea0503372f6e0e968ec87a831d597ac5132d0e7ae30ade95164508"",""evaluationIdsSha256"":""f856701d0c4b142b59ef1f22919e1e8f1c897145a9bdf88e6b18a59196a6ca25"",""calibrationQueries"":100,""method"":""query-type-stratified-sha256"",""evaluationQueries"":200},""queryDefinitionsSha256"":""e9e52e8cd2ce129bb91205fa1a08f2baf2d4ca8bd28fe9c42299eefdb99ada18"",""availableProcessors"":16,""metric"":""COSINE"",""declaredVectorDbBudget"":{""cpuCores"":4.0,""memoryBytes"":8589934592},""physicalMemoryBytes"":51460743168}",3,"[1,2,3]",3,0.912371,0.912371,0.912371,0.912371,0.912371,0.912371,0.000000,3,6.692487,6.698970,6.717779,6.717779,6.660711,6.717779,0.000846,3,4.846600,4.847800,4.869200,4.869200,4.822800,4.869200,0.000539,3,24.740333,24.494700,25.810100,25.810100,23.916200,25.810100,0.941966,3,34.658467,34.584000,36.506200,36.506200,32.885200,36.506200,3.282069,3,1486.988171,1486.107293,1493.887358,1493.887358,1480.969861,1493.887358,42.297392,3,5379.666667,5383.000000,5401.000000,5401.000000,5355.000000,5401.000000,537.333333,3,2.000000,2.000000,2.000000,2.000000,2.000000,2.000000,0.000000,3,297.968333,296.980000,301.355000,301.355000,295.570000,301.355000,9.099158,3,299.593333,297.690000,305.170000,305.170000,295.920000,305.170000,24.107633,3,662857317.000000,662595172.000000,679555890.000000,679555890.000000,646420889.000000,679555890.000000,274533612818269.000000,3,668285445.666667,666160331.000000,685642874.000000,685642874.000000,653053132.000000,685642874.000000,268909905166502.340000,0,,,,,,,,3,17474.666667,17468.000000,17538.000000,17538.000000,17418.000000,17538.000000,3633.333333
"milvus","Native","IVF_FLAT","{""metricType"":""COSINE"",""nlist"":128,""dimension"":1024}","{""nprobe"":8}",10000,10,10,1,5,"{""javaVersion"":""21.0.11"",""os"":""Windows 11 10.0 amd64"",""resourceSampling"":""capture-window-contained-in-search-window"",""minimumMeasurementTimeMs"":5000,""protocol"":""search-parameter-sweep-v1"",""referenceRecallLevels"":[0.9,0.95],""cpu"":""AMD64 Family 25 Model 33 Stepping 0, AuthenticAMD"",""documentVectorsSha256"":""cc23f095b88585453940e8fca998f8b16f9573361b0c83f021d7bb095ba9e4c6"",""queryVectorsSha256"":""d06cc81c1169e1a926fc69a835fabda560932d8834bd687893fe0da301c4cfa9"",""containerLimits"":{""vector-milvus-minio"":""cpuNano=500000000,memoryBytes=1073741824,memorySwapBytes=1073741824"",""vector-milvus"":""cpuNano=3000000000,memoryBytes=6979321856,memorySwapBytes=6979321856"",""vector-milvus-etcd"":""cpuNano=500000000,memoryBytes=536870912,memorySwapBytes=536870912""},""dockerServerVersion"":""29.7.2"",""springBootVersion"":""4.1.1"",""queryPartition"":{""calibrationIdsSha256"":""8b3e0cf00bea0503372f6e0e968ec87a831d597ac5132d0e7ae30ade95164508"",""evaluationIdsSha256"":""f856701d0c4b142b59ef1f22919e1e8f1c897145a9bdf88e6b18a59196a6ca25"",""calibrationQueries"":100,""method"":""query-type-stratified-sha256"",""evaluationQueries"":200},""queryDefinitionsSha256"":""e9e52e8cd2ce129bb91205fa1a08f2baf2d4ca8bd28fe9c42299eefdb99ada18"",""availableProcessors"":16,""metric"":""COSINE"",""declaredVectorDbBudget"":{""cpuCores"":4.0,""memoryBytes"":8589934592},""physicalMemoryBytes"":51460743168}",3,"[1,2,3]",3,0.955670,0.955670,0.955670,0.955670,0.955670,0.955670,0.000000,3,6.147394,6.078790,6.300480,6.300480,6.062911,6.300480,0.017640,3,4.748700,4.709000,4.856200,4.856200,4.680900,4.856200,0.008865,3,18.864067,19.955100,20.012100,20.012100,16.625000,20.012100,3.760877,3,27.319933,27.243400,27.538100,27.538100,27.178300,27.538100,0.036757,3,1620.682822,1639.208617,1643.757106,1643.757106,1579.082744,1643.757106,1303.097102,3,5343.666667,5475.000000,5490.000000,5490.000000,5066.000000,5490.000000,57880.333333,3,2.000000,2.000000,2.000000,2.000000,2.000000,2.000000,0.000000,3,295.861667,296.125000,297.250000,297.250000,294.210000,297.250000,2.362408,3,299.650000,300.080000,300.410000,300.410000,298.460000,300.410000,1.089300,3,629841153.333333,622099167.000000,651616582.000000,651616582.000000,615807711.000000,651616582.000000,365522574862800.300000,3,630802348.333333,622990457.000000,651931155.000000,651931155.000000,617485433.000000,651931155.000000,342396175678177.400000,0,,,,,,,,3,17474.666667,17468.000000,17538.000000,17538.000000,17418.000000,17538.000000,3633.333333
"milvus","Native","IVF_FLAT","{""metricType"":""COSINE"",""nlist"":128,""dimension"":1024}","{""nprobe"":16}",10000,10,10,1,5,"{""javaVersion"":""21.0.11"",""os"":""Windows 11 10.0 amd64"",""resourceSampling"":""capture-window-contained-in-search-window"",""minimumMeasurementTimeMs"":5000,""protocol"":""search-parameter-sweep-v1"",""referenceRecallLevels"":[0.9,0.95],""cpu"":""AMD64 Family 25 Model 33 Stepping 0, AuthenticAMD"",""documentVectorsSha256"":""cc23f095b88585453940e8fca998f8b16f9573361b0c83f021d7bb095ba9e4c6"",""queryVectorsSha256"":""d06cc81c1169e1a926fc69a835fabda560932d8834bd687893fe0da301c4cfa9"",""containerLimits"":{""vector-milvus-minio"":""cpuNano=500000000,memoryBytes=1073741824,memorySwapBytes=1073741824"",""vector-milvus"":""cpuNano=3000000000,memoryBytes=6979321856,memorySwapBytes=6979321856"",""vector-milvus-etcd"":""cpuNano=500000000,memoryBytes=536870912,memorySwapBytes=536870912""},""dockerServerVersion"":""29.7.2"",""springBootVersion"":""4.1.1"",""queryPartition"":{""calibrationIdsSha256"":""8b3e0cf00bea0503372f6e0e968ec87a831d597ac5132d0e7ae30ade95164508"",""evaluationIdsSha256"":""f856701d0c4b142b59ef1f22919e1e8f1c897145a9bdf88e6b18a59196a6ca25"",""calibrationQueries"":100,""method"":""query-type-stratified-sha256"",""evaluationQueries"":200},""queryDefinitionsSha256"":""e9e52e8cd2ce129bb91205fa1a08f2baf2d4ca8bd28fe9c42299eefdb99ada18"",""availableProcessors"":16,""metric"":""COSINE"",""declaredVectorDbBudget"":{""cpuCores"":4.0,""memoryBytes"":8589934592},""physicalMemoryBytes"":51460743168}",3,"[1,2,3]",3,0.969072,0.969072,0.969072,0.969072,0.969072,0.969072,0.000000,3,7.178473,7.149759,7.250269,7.250269,7.135393,7.250269,0.003918,3,5.147433,5.155900,5.179200,5.179200,5.107200,5.179200,0.001350,3,27.551333,27.286300,28.251800,28.251800,27.115900,28.251800,0.375249,3,38.391233,39.181300,39.375500,39.375500,36.616900,39.375500,2.370622,3,1384.630592,1389.466813,1393.758970,1393.758970,1370.665993,1393.758970,150.863173,3,5055.333333,5037.000000,5107.000000,5107.000000,5022.000000,5107.000000,2058.333333,3,2.000000,2.000000,2.000000,2.000000,2.000000,2.000000,0.000000,3,299.991667,297.350000,305.400000,305.400000,297.225000,305.400000,21.941458,3,301.760000,299.750000,306.780000,306.780000,298.750000,306.780000,19.150300,3,614732921.000000,607083559.000000,630372432.000000,630372432.000000,606742772.000000,630372432.000000,183474762184183.000000,3,616272580.666667,609285569.000000,631106436.000000,631106436.000000,608425737.000000,631106436.000000,165217275804752.340000,0,,,,,,,,3,17474.666667,17468.000000,17538.000000,17538.000000,17418.000000,17538.000000,3633.333333
"milvus","Native","IVF_FLAT","{""metricType"":""COSINE"",""nlist"":128,""dimension"":1024}","{""nprobe"":32}",10000,10,10,1,5,"{""javaVersion"":""21.0.11"",""os"":""Windows 11 10.0 amd64"",""resourceSampling"":""capture-window-contained-in-search-window"",""minimumMeasurementTimeMs"":5000,""protocol"":""search-parameter-sweep-v1"",""referenceRecallLevels"":[0.9,0.95],""cpu"":""AMD64 Family 25 Model 33 Stepping 0, AuthenticAMD"",""documentVectorsSha256"":""cc23f095b88585453940e8fca998f8b16f9573361b0c83f021d7bb095ba9e4c6"",""queryVectorsSha256"":""d06cc81c1169e1a926fc69a835fabda560932d8834bd687893fe0da301c4cfa9"",""containerLimits"":{""vector-milvus-minio"":""cpuNano=500000000,memoryBytes=1073741824,memorySwapBytes=1073741824"",""vector-milvus"":""cpuNano=3000000000,memoryBytes=6979321856,memorySwapBytes=6979321856"",""vector-milvus-etcd"":""cpuNano=500000000,memoryBytes=536870912,memorySwapBytes=536870912""},""dockerServerVersion"":""29.7.2"",""springBootVersion"":""4.1.1"",""queryPartition"":{""calibrationIdsSha256"":""8b3e0cf00bea0503372f6e0e968ec87a831d597ac5132d0e7ae30ade95164508"",""evaluationIdsSha256"":""f856701d0c4b142b59ef1f22919e1e8f1c897145a9bdf88e6b18a59196a6ca25"",""calibrationQueries"":100,""method"":""query-type-stratified-sha256"",""evaluationQueries"":200},""queryDefinitionsSha256"":""e9e52e8cd2ce129bb91205fa1a08f2baf2d4ca8bd28fe9c42299eefdb99ada18"",""availableProcessors"":16,""metric"":""COSINE"",""declaredVectorDbBudget"":{""cpuCores"":4.0,""memoryBytes"":8589934592},""physicalMemoryBytes"":51460743168}",3,"[1,2,3]",3,0.969072,0.969072,0.969072,0.969072,0.969072,0.969072,0.000000,3,9.041360,9.215144,9.299101,9.299101,8.609836,9.299101,0.141422,3,6.129733,6.218000,6.355700,6.355700,5.815500,6.355700,0.078797,3,36.820167,36.981600,37.058300,37.058300,36.420600,37.058300,0.121211,3,42.978133,42.734300,45.102400,45.102400,41.097700,45.102400,4.053997,3,1102.666224,1077.880533,1158.074328,1158.074328,1072.043810,1158.074328,2311.060340,3,5447.666667,5566.000000,5596.000000,5596.000000,5181.000000,5596.000000,53558.333333,3,2.000000,2.000000,2.000000,2.000000,2.000000,2.000000,0.000000,3,300.906667,299.775000,307.745000,307.745000,295.200000,307.745000,40.304758,3,303.680000,302.360000,312.070000,312.070000,296.610000,312.070000,61.059700,3,609944425.000000,605421567.000000,629932031.000000,629932031.000000,594479677.000000,629932031.000000,329559534401452.000000,3,615723826.333333,610145402.000000,634031963.000000,634031963.000000,602994114.000000,634031963.000000,264176131168744.300000,0,,,,,,,,3,17474.666667,17468.000000,17538.000000,17538.000000,17418.000000,17538.000000,3633.333333
"milvus","Native","IVF_FLAT","{""metricType"":""COSINE"",""nlist"":128,""dimension"":1024}","{""nprobe"":64}",10000,10,10,1,5,"{""javaVersion"":""21.0.11"",""os"":""Windows 11 10.0 amd64"",""resourceSampling"":""capture-window-contained-in-search-window"",""minimumMeasurementTimeMs"":5000,""protocol"":""search-parameter-sweep-v1"",""referenceRecallLevels"":[0.9,0.95],""cpu"":""AMD64 Family 25 Model 33 Stepping 0, AuthenticAMD"",""documentVectorsSha256"":""cc23f095b88585453940e8fca998f8b16f9573361b0c83f021d7bb095ba9e4c6"",""queryVectorsSha256"":""d06cc81c1169e1a926fc69a835fabda560932d8834bd687893fe0da301c4cfa9"",""containerLimits"":{""vector-milvus-minio"":""cpuNano=500000000,memoryBytes=1073741824,memorySwapBytes=1073741824"",""vector-milvus"":""cpuNano=3000000000,memoryBytes=6979321856,memorySwapBytes=6979321856"",""vector-milvus-etcd"":""cpuNano=500000000,memoryBytes=536870912,memorySwapBytes=536870912""},""dockerServerVersion"":""29.7.2"",""springBootVersion"":""4.1.1"",""queryPartition"":{""calibrationIdsSha256"":""8b3e0cf00bea0503372f6e0e968ec87a831d597ac5132d0e7ae30ade95164508"",""evaluationIdsSha256"":""f856701d0c4b142b59ef1f22919e1e8f1c897145a9bdf88e6b18a59196a6ca25"",""calibrationQueries"":100,""method"":""query-type-stratified-sha256"",""evaluationQueries"":200},""queryDefinitionsSha256"":""e9e52e8cd2ce129bb91205fa1a08f2baf2d4ca8bd28fe9c42299eefdb99ada18"",""availableProcessors"":16,""metric"":""COSINE"",""declaredVectorDbBudget"":{""cpuCores"":4.0,""memoryBytes"":8589934592},""physicalMemoryBytes"":51460743168}",3,"[1,2,3]",3,0.969072,0.969072,0.969072,0.969072,0.969072,0.969072,0.000000,3,12.825241,13.157266,13.158626,13.158626,12.159831,13.158626,0.332079,3,8.720533,8.944800,9.067800,9.067800,8.149000,9.067800,0.248770,3,43.566200,43.322400,44.554400,44.554400,42.821800,44.554400,0.795055,3,51.898767,52.425300,53.059800,53.059800,50.211200,53.059800,2.236559,3,776.671137,757.067705,817.653265,817.653265,755.292443,817.653265,1260.438959,3,5564.333333,5295.000000,6115.000000,6115.000000,5283.000000,6115.000000,227461.333333,3,2.333333,2.000000,3.000000,3.000000,2.000000,3.000000,0.333333,3,298.165000,297.725000,302.850000,302.850000,293.920000,302.850000,20.081425,3,300.843333,297.900000,307.860000,307.860000,296.770000,307.860000,37.244433,3,606862775.666667,605547395.000000,621767119.000000,621767119.000000,593273813.000000,621767119.000000,204264791426089.340000,3,611176501.333333,608404765.000000,627499335.000000,627499335.000000,597625404.000000,627499335.000000,228874830074330.300000,0,,,,,,,,3,17474.666667,17468.000000,17538.000000,17538.000000,17418.000000,17538.000000,3633.333333
"milvus","Native","IVF_FLAT","{""metricType"":""COSINE"",""nlist"":128,""dimension"":1024}","{""nprobe"":96}",10000,10,10,1,5,"{""javaVersion"":""21.0.11"",""os"":""Windows 11 10.0 amd64"",""resourceSampling"":""capture-window-contained-in-search-window"",""minimumMeasurementTimeMs"":5000,""protocol"":""search-parameter-sweep-v1"",""referenceRecallLevels"":[0.9,0.95],""cpu"":""AMD64 Family 25 Model 33 Stepping 0, AuthenticAMD"",""documentVectorsSha256"":""cc23f095b88585453940e8fca998f8b16f9573361b0c83f021d7bb095ba9e4c6"",""queryVectorsSha256"":""d06cc81c1169e1a926fc69a835fabda560932d8834bd687893fe0da301c4cfa9"",""containerLimits"":{""vector-milvus-minio"":""cpuNano=500000000,memoryBytes=1073741824,memorySwapBytes=1073741824"",""vector-milvus"":""cpuNano=3000000000,memoryBytes=6979321856,memorySwapBytes=6979321856"",""vector-milvus-etcd"":""cpuNano=500000000,memoryBytes=536870912,memorySwapBytes=536870912""},""dockerServerVersion"":""29.7.2"",""springBootVersion"":""4.1.1"",""queryPartition"":{""calibrationIdsSha256"":""8b3e0cf00bea0503372f6e0e968ec87a831d597ac5132d0e7ae30ade95164508"",""evaluationIdsSha256"":""f856701d0c4b142b59ef1f22919e1e8f1c897145a9bdf88e6b18a59196a6ca25"",""calibrationQueries"":100,""method"":""query-type-stratified-sha256"",""evaluationQueries"":200},""queryDefinitionsSha256"":""e9e52e8cd2ce129bb91205fa1a08f2baf2d4ca8bd28fe9c42299eefdb99ada18"",""availableProcessors"":16,""metric"":""COSINE"",""declaredVectorDbBudget"":{""cpuCores"":4.0,""memoryBytes"":8589934592},""physicalMemoryBytes"":51460743168}",3,"[1,2,3]",3,0.969072,0.969072,0.969072,0.969072,0.969072,0.969072,0.000000,3,16.358367,16.708401,17.106126,17.106126,15.260575,17.106126,0.943406,3,10.660800,10.881600,11.080600,11.080600,10.020200,11.080600,0.317677,3,50.874933,51.581400,51.639600,51.639600,49.403800,51.639600,1.624022,3,59.297600,58.230600,64.416300,64.416300,55.245900,64.416300,21.877926,3,609.212514,595.123369,653.496992,653.496992,579.017182,653.496992,1535.688565,3,5447.000000,5181.000000,6120.000000,6120.000000,5040.000000,6120.000000,344667.000000,3,2.333333,2.000000,3.000000,3.000000,2.000000,3.000000,0.333333,3,304.536111,301.945000,311.490000,311.490000,300.173333,311.490000,37.052129,3,310.943333,309.720000,319.660000,319.660000,303.450000,319.660000,66.813433,3,786384812.666667,802228796.000000,811084020.000000,811084020.000000,745841622.000000,811084020.000000,1252416480097809.500000,3,812712808.666667,815603383.000000,847721266.000000,847721266.000000,774813777.000000,847721266.000000,1335142053053674.500000,0,,,,,,,,3,17474.666667,17468.000000,17538.000000,17538.000000,17418.000000,17538.000000,3633.333333
"milvus","Native","IVF_FLAT","{""metricType"":""COSINE"",""nlist"":128,""dimension"":1024}","{""nprobe"":128}",10000,10,10,1,5,"{""javaVersion"":""21.0.11"",""os"":""Windows 11 10.0 amd64"",""resourceSampling"":""capture-window-contained-in-search-window"",""minimumMeasurementTimeMs"":5000,""protocol"":""search-parameter-sweep-v1"",""referenceRecallLevels"":[0.9,0.95],""cpu"":""AMD64 Family 25 Model 33 Stepping 0, AuthenticAMD"",""documentVectorsSha256"":""cc23f095b88585453940e8fca998f8b16f9573361b0c83f021d7bb095ba9e4c6"",""queryVectorsSha256"":""d06cc81c1169e1a926fc69a835fabda560932d8834bd687893fe0da301c4cfa9"",""containerLimits"":{""vector-milvus-minio"":""cpuNano=500000000,memoryBytes=1073741824,memorySwapBytes=1073741824"",""vector-milvus"":""cpuNano=3000000000,memoryBytes=6979321856,memorySwapBytes=6979321856"",""vector-milvus-etcd"":""cpuNano=500000000,memoryBytes=536870912,memorySwapBytes=536870912""},""dockerServerVersion"":""29.7.2"",""springBootVersion"":""4.1.1"",""queryPartition"":{""calibrationIdsSha256"":""8b3e0cf00bea0503372f6e0e968ec87a831d597ac5132d0e7ae30ade95164508"",""evaluationIdsSha256"":""f856701d0c4b142b59ef1f22919e1e8f1c897145a9bdf88e6b18a59196a6ca25"",""calibrationQueries"":100,""method"":""query-type-stratified-sha256"",""evaluationQueries"":200},""queryDefinitionsSha256"":""e9e52e8cd2ce129bb91205fa1a08f2baf2d4ca8bd28fe9c42299eefdb99ada18"",""availableProcessors"":16,""metric"":""COSINE"",""declaredVectorDbBudget"":{""cpuCores"":4.0,""memoryBytes"":8589934592},""physicalMemoryBytes"":51460743168}",3,"[1,2,3]",3,0.969072,0.969072,0.969072,0.969072,0.969072,0.969072,0.000000,3,19.838095,19.677895,21.761045,21.761045,18.075347,21.761045,3.415341,3,12.795733,12.884800,13.936600,13.936600,11.565800,13.936600,1.411123,3,55.465433,54.761700,58.127200,58.127200,53.507400,58.127200,5.707068,3,62.999500,64.796600,65.440900,65.440900,58.761000,65.440900,13.577442,3,503.637580,501.165109,551.519830,551.519830,458.227801,551.519830,2180.435490,3,5990.333333,5986.000000,6546.000000,6546.000000,5439.000000,6546.000000,306376.333333,3,2.333333,2.000000,3.000000,3.000000,2.000000,3.000000,0.333333,3,299.218889,296.606667,304.445000,304.445000,296.605000,304.445000,20.484179,3,301.966667,300.960000,305.230000,305.230000,299.710000,305.230000,8.377633,3,696132128.333333,697397410.000000,720214424.000000,720214424.000000,670784551.000000,720214424.000000,612028789471034.200000,3,698865417.000000,701350542.000000,722678578.000000,722678578.000000,672567131.000000,722678578.000000,632421164807671.000000,0,,,,,,,,3,17474.666667,17468.000000,17538.000000,17538.000000,17418.000000,17538.000000,3633.333333
"milvus","Native","IVF_PQ","{""m"":64,""nlist"":128,""nbits"":8,""metricType"":""COSINE"",""dimension"":1024}","{""nprobe"":1}",10000,10,10,1,5,"{""javaVersion"":""21.0.11"",""os"":""Windows 11 10.0 amd64"",""resourceSampling"":""capture-window-contained-in-search-window"",""minimumMeasurementTimeMs"":5000,""protocol"":""search-parameter-sweep-v1"",""referenceRecallLevels"":[0.9,0.95],""cpu"":""AMD64 Family 25 Model 33 Stepping 0, AuthenticAMD"",""documentVectorsSha256"":""cc23f095b88585453940e8fca998f8b16f9573361b0c83f021d7bb095ba9e4c6"",""queryVectorsSha256"":""d06cc81c1169e1a926fc69a835fabda560932d8834bd687893fe0da301c4cfa9"",""containerLimits"":{""vector-milvus-etcd"":""cpuNano=500000000,memoryBytes=536870912,memorySwapBytes=536870912"",""vector-milvus-minio"":""cpuNano=500000000,memoryBytes=1073741824,memorySwapBytes=1073741824"",""vector-milvus"":""cpuNano=3000000000,memoryBytes=6979321856,memorySwapBytes=6979321856""},""dockerServerVersion"":""29.7.2"",""springBootVersion"":""4.1.1"",""queryPartition"":{""calibrationQueries"":100,""method"":""query-type-stratified-sha256"",""evaluationQueries"":200,""calibrationIdsSha256"":""8b3e0cf00bea0503372f6e0e968ec87a831d597ac5132d0e7ae30ade95164508"",""evaluationIdsSha256"":""f856701d0c4b142b59ef1f22919e1e8f1c897145a9bdf88e6b18a59196a6ca25""},""queryDefinitionsSha256"":""e9e52e8cd2ce129bb91205fa1a08f2baf2d4ca8bd28fe9c42299eefdb99ada18"",""availableProcessors"":16,""metric"":""COSINE"",""declaredVectorDbBudget"":{""memoryBytes"":8589934592,""cpuCores"":4.0},""physicalMemoryBytes"":51460743168}",3,"[1,2,3]",3,0.492268,0.492268,0.492268,0.492268,0.492268,0.492268,0.000000,3,7.135080,7.220700,7.249012,7.249012,6.935527,7.249012,0.030066,3,5.082433,5.158400,5.163400,5.163400,4.925500,5.163400,0.018477,3,28.604067,28.760400,28.936100,28.936100,28.115700,28.936100,0.186594,3,35.577767,35.365900,36.033400,36.033400,35.334000,36.033400,0.155956,3,1389.539375,1372.021034,1432.667758,1432.667758,1363.929334,1432.667758,1411.411967,3,5272.000000,5132.000000,5583.000000,5583.000000,5101.000000,5583.000000,72781.000000,3,2.000000,2.000000,2.000000,2.000000,2.000000,2.000000,0.000000,3,296.221667,296.690000,299.125000,299.125000,292.850000,299.125000,10.008408,3,299.256667,296.900000,305.100000,305.100000,295.770000,305.100000,25.927633,3,869393584.000000,872126872.000000,876232047.000000,876232047.000000,859821833.000000,876232047.000000,72926928349657.000000,3,883624508.000000,873191177.000000,905655090.000000,905655090.000000,872027257.000000,905655090.000000,364348584885643.000000,0,,,,,,,,3,18565.333333,18593.000000,18613.000000,18613.000000,18490.000000,18613.000000,4356.333333
"milvus","Native","IVF_PQ","{""m"":64,""nlist"":128,""nbits"":8,""metricType"":""COSINE"",""dimension"":1024}","{""nprobe"":2}",10000,10,10,1,5,"{""javaVersion"":""21.0.11"",""os"":""Windows 11 10.0 amd64"",""resourceSampling"":""capture-window-contained-in-search-window"",""minimumMeasurementTimeMs"":5000,""protocol"":""search-parameter-sweep-v1"",""referenceRecallLevels"":[0.9,0.95],""cpu"":""AMD64 Family 25 Model 33 Stepping 0, AuthenticAMD"",""documentVectorsSha256"":""cc23f095b88585453940e8fca998f8b16f9573361b0c83f021d7bb095ba9e4c6"",""queryVectorsSha256"":""d06cc81c1169e1a926fc69a835fabda560932d8834bd687893fe0da301c4cfa9"",""containerLimits"":{""vector-milvus-etcd"":""cpuNano=500000000,memoryBytes=536870912,memorySwapBytes=536870912"",""vector-milvus-minio"":""cpuNano=500000000,memoryBytes=1073741824,memorySwapBytes=1073741824"",""vector-milvus"":""cpuNano=3000000000,memoryBytes=6979321856,memorySwapBytes=6979321856""},""dockerServerVersion"":""29.7.2"",""springBootVersion"":""4.1.1"",""queryPartition"":{""calibrationQueries"":100,""method"":""query-type-stratified-sha256"",""evaluationQueries"":200,""calibrationIdsSha256"":""8b3e0cf00bea0503372f6e0e968ec87a831d597ac5132d0e7ae30ade95164508"",""evaluationIdsSha256"":""f856701d0c4b142b59ef1f22919e1e8f1c897145a9bdf88e6b18a59196a6ca25""},""queryDefinitionsSha256"":""e9e52e8cd2ce129bb91205fa1a08f2baf2d4ca8bd28fe9c42299eefdb99ada18"",""availableProcessors"":16,""metric"":""COSINE"",""declaredVectorDbBudget"":{""memoryBytes"":8589934592,""cpuCores"":4.0},""physicalMemoryBytes"":51460743168}",3,"[1,2,3]",3,0.553093,0.553093,0.553093,0.553093,0.553093,0.553093,0.000000,3,6.951261,6.951896,7.014896,7.014896,6.886991,7.014896,0.004090,3,4.879667,4.854700,4.951400,4.951400,4.832900,4.951400,0.003978,3,27.636633,27.703000,28.981900,28.981900,26.225000,28.981900,1.903428,3,36.871600,36.577100,38.483900,38.483900,35.553800,38.483900,2.211419,3,1430.319523,1431.086512,1441.906957,1441.906957,1417.965100,1441.906957,143.744325,3,5593.000000,5590.000000,5641.000000,5641.000000,5548.000000,5641.000000,2169.000000,3,2.000000,2.000000,2.000000,2.000000,2.000000,2.000000,0.000000,3,297.530000,296.335000,300.375000,300.375000,295.880000,300.375000,6.122275,3,300.760000,300.770000,303.670000,303.670000,297.840000,303.670000,8.497300,3,618619642.666667,623074343.000000,623546202.000000,623546202.000000,609238383.000000,623546202.000000,66061687429040.330000,3,620341055.333333,624437492.000000,627216219.000000,627216219.000000,609369455.000000,627216219.000000,92212341340932.340000,0,,,,,,,,3,18565.333333,18593.000000,18613.000000,18613.000000,18490.000000,18613.000000,4356.333333
"milvus","Native","IVF_PQ","{""m"":64,""nlist"":128,""nbits"":8,""metricType"":""COSINE"",""dimension"":1024}","{""nprobe"":4}",10000,10,10,1,5,"{""javaVersion"":""21.0.11"",""os"":""Windows 11 10.0 amd64"",""resourceSampling"":""capture-window-contained-in-search-window"",""minimumMeasurementTimeMs"":5000,""protocol"":""search-parameter-sweep-v1"",""referenceRecallLevels"":[0.9,0.95],""cpu"":""AMD64 Family 25 Model 33 Stepping 0, AuthenticAMD"",""documentVectorsSha256"":""cc23f095b88585453940e8fca998f8b16f9573361b0c83f021d7bb095ba9e4c6"",""queryVectorsSha256"":""d06cc81c1169e1a926fc69a835fabda560932d8834bd687893fe0da301c4cfa9"",""containerLimits"":{""vector-milvus-etcd"":""cpuNano=500000000,memoryBytes=536870912,memorySwapBytes=536870912"",""vector-milvus-minio"":""cpuNano=500000000,memoryBytes=1073741824,memorySwapBytes=1073741824"",""vector-milvus"":""cpuNano=3000000000,memoryBytes=6979321856,memorySwapBytes=6979321856""},""dockerServerVersion"":""29.7.2"",""springBootVersion"":""4.1.1"",""queryPartition"":{""calibrationQueries"":100,""method"":""query-type-stratified-sha256"",""evaluationQueries"":200,""calibrationIdsSha256"":""8b3e0cf00bea0503372f6e0e968ec87a831d597ac5132d0e7ae30ade95164508"",""evaluationIdsSha256"":""f856701d0c4b142b59ef1f22919e1e8f1c897145a9bdf88e6b18a59196a6ca25""},""queryDefinitionsSha256"":""e9e52e8cd2ce129bb91205fa1a08f2baf2d4ca8bd28fe9c42299eefdb99ada18"",""availableProcessors"":16,""metric"":""COSINE"",""declaredVectorDbBudget"":{""memoryBytes"":8589934592,""cpuCores"":4.0},""physicalMemoryBytes"":51460743168}",3,"[1,2,3]",3,0.603608,0.603608,0.603608,0.603608,0.603608,0.603608,0.000000,3,7.010671,6.968364,7.103145,7.103145,6.960505,7.103145,0.006429,3,4.876467,4.870000,4.917800,4.917800,4.841600,4.917800,0.001483,3,27.688867,28.040200,29.034100,29.034100,25.992300,29.034100,2.405713,3,37.366633,36.486900,39.563200,39.563200,36.049800,39.563200,3.666443,3,1417.513157,1427.465092,1428.901122,1428.901122,1396.173257,1428.901122,342.059053,3,5405.000000,5598.000000,5604.000000,5604.000000,5013.000000,5604.000000,115257.000000,3,2.000000,2.000000,2.000000,2.000000,2.000000,2.000000,0.000000,3,298.213333,299.485000,301.740000,301.740000,293.415000,301.740000,18.539258,3,299.010000,299.870000,303.130000,303.130000,294.030000,303.130000,21.257200,3,672689465.000000,667093564.000000,684741099.000000,684741099.000000,666233732.000000,684741099.000000,109116239319523.000000,3,677320675.666667,678292356.000000,685789675.000000,685789675.000000,667879996.000000,685789675.000000,80897272473400.340000,0,,,,,,,,3,18565.333333,18593.000000,18613.000000,18613.000000,18490.000000,18613.000000,4356.333333
"milvus","Native","IVF_PQ","{""m"":64,""nlist"":128,""nbits"":8,""metricType"":""COSINE"",""dimension"":1024}","{""nprobe"":8}",10000,10,10,1,5,"{""javaVersion"":""21.0.11"",""os"":""Windows 11 10.0 amd64"",""resourceSampling"":""capture-window-contained-in-search-window"",""minimumMeasurementTimeMs"":5000,""protocol"":""search-parameter-sweep-v1"",""referenceRecallLevels"":[0.9,0.95],""cpu"":""AMD64 Family 25 Model 33 Stepping 0, AuthenticAMD"",""documentVectorsSha256"":""cc23f095b88585453940e8fca998f8b16f9573361b0c83f021d7bb095ba9e4c6"",""queryVectorsSha256"":""d06cc81c1169e1a926fc69a835fabda560932d8834bd687893fe0da301c4cfa9"",""containerLimits"":{""vector-milvus-etcd"":""cpuNano=500000000,memoryBytes=536870912,memorySwapBytes=536870912"",""vector-milvus-minio"":""cpuNano=500000000,memoryBytes=1073741824,memorySwapBytes=1073741824"",""vector-milvus"":""cpuNano=3000000000,memoryBytes=6979321856,memorySwapBytes=6979321856""},""dockerServerVersion"":""29.7.2"",""springBootVersion"":""4.1.1"",""queryPartition"":{""calibrationQueries"":100,""method"":""query-type-stratified-sha256"",""evaluationQueries"":200,""calibrationIdsSha256"":""8b3e0cf00bea0503372f6e0e968ec87a831d597ac5132d0e7ae30ade95164508"",""evaluationIdsSha256"":""f856701d0c4b142b59ef1f22919e1e8f1c897145a9bdf88e6b18a59196a6ca25""},""queryDefinitionsSha256"":""e9e52e8cd2ce129bb91205fa1a08f2baf2d4ca8bd28fe9c42299eefdb99ada18"",""availableProcessors"":16,""metric"":""COSINE"",""declaredVectorDbBudget"":{""memoryBytes"":8589934592,""cpuCores"":4.0},""physicalMemoryBytes"":51460743168}",3,"[1,2,3]",3,0.611856,0.611856,0.611856,0.611856,0.611856,0.611856,0.000000,3,5.895412,5.727999,6.277404,6.277404,5.680833,6.277404,0.109995,3,4.610433,4.499500,4.879400,4.879400,4.452400,4.879400,0.054812,3,14.565067,13.281600,17.769600,17.769600,12.644000,17.769600,7.803409,3,26.452100,26.325600,26.833100,26.833100,26.197600,26.833100,0.112967,3,1693.338493,1739.255560,1753.964090,1753.964090,1586.795828,1753.964090,8567.589840,3,5115.333333,5131.000000,5174.000000,5174.000000,5041.000000,5174.000000,4606.333333,3,2.000000,2.000000,2.000000,2.000000,2.000000,2.000000,0.000000,3,294.768333,295.090000,297.100000,297.100000,292.115000,297.100000,6.290158,3,297.216667,297.250000,297.270000,297.270000,297.130000,297.270000,0.005733,3,649217091.000000,652670401.000000,659365559.000000,659365559.000000,635615313.000000,659365559.000000,149962558732204.000000,3,652326119.000000,653241875.000000,664660868.000000,664660868.000000,639075614.000000,664660868.000000,164280262349781.000000,0,,,,,,,,3,18565.333333,18593.000000,18613.000000,18613.000000,18490.000000,18613.000000,4356.333333
"milvus","Native","IVF_PQ","{""m"":64,""nlist"":128,""nbits"":8,""metricType"":""COSINE"",""dimension"":1024}","{""nprobe"":16}",10000,10,10,1,5,"{""javaVersion"":""21.0.11"",""os"":""Windows 11 10.0 amd64"",""resourceSampling"":""capture-window-contained-in-search-window"",""minimumMeasurementTimeMs"":5000,""protocol"":""search-parameter-sweep-v1"",""referenceRecallLevels"":[0.9,0.95],""cpu"":""AMD64 Family 25 Model 33 Stepping 0, AuthenticAMD"",""documentVectorsSha256"":""cc23f095b88585453940e8fca998f8b16f9573361b0c83f021d7bb095ba9e4c6"",""queryVectorsSha256"":""d06cc81c1169e1a926fc69a835fabda560932d8834bd687893fe0da301c4cfa9"",""containerLimits"":{""vector-milvus-etcd"":""cpuNano=500000000,memoryBytes=536870912,memorySwapBytes=536870912"",""vector-milvus-minio"":""cpuNano=500000000,memoryBytes=1073741824,memorySwapBytes=1073741824"",""vector-milvus"":""cpuNano=3000000000,memoryBytes=6979321856,memorySwapBytes=6979321856""},""dockerServerVersion"":""29.7.2"",""springBootVersion"":""4.1.1"",""queryPartition"":{""calibrationQueries"":100,""method"":""query-type-stratified-sha256"",""evaluationQueries"":200,""calibrationIdsSha256"":""8b3e0cf00bea0503372f6e0e968ec87a831d597ac5132d0e7ae30ade95164508"",""evaluationIdsSha256"":""f856701d0c4b142b59ef1f22919e1e8f1c897145a9bdf88e6b18a59196a6ca25""},""queryDefinitionsSha256"":""e9e52e8cd2ce129bb91205fa1a08f2baf2d4ca8bd28fe9c42299eefdb99ada18"",""availableProcessors"":16,""metric"":""COSINE"",""declaredVectorDbBudget"":{""memoryBytes"":8589934592,""cpuCores"":4.0},""physicalMemoryBytes"":51460743168}",3,"[1,2,3]",3,0.611856,0.611856,0.611856,0.611856,0.611856,0.611856,0.000000,3,5.727829,5.793980,5.824966,5.824966,5.564542,5.824966,0.020237,3,4.445067,4.508000,4.515700,4.515700,4.311500,4.515700,0.013395,3,15.853333,15.423300,17.075300,17.075300,15.061400,17.075300,1.152645,3,26.456700,26.674900,26.895800,26.895800,25.799400,26.895800,0.336232,3,1740.517667,1720.010959,1790.833012,1790.833012,1710.709029,1790.833012,1920.356971,3,5172.333333,5232.000000,5260.000000,5260.000000,5025.000000,5260.000000,16476.333333,3,2.000000,2.000000,2.000000,2.000000,2.000000,2.000000,0.000000,3,300.673333,301.520000,302.550000,302.550000,297.950000,302.550000,5.827633,3,305.693333,306.230000,310.960000,310.960000,299.890000,310.960000,30.852233,3,645561056.333333,645482413.000000,650678107.000000,650678107.000000,640522649.000000,650678107.000000,25787970377849.336000,3,652168833.000000,651627068.000000,654552596.000000,654552596.000000,650326835.000000,654552596.000000,4684395993699.000000,0,,,,,,,,3,18565.333333,18593.000000,18613.000000,18613.000000,18490.000000,18613.000000,4356.333333
"milvus","Native","IVF_PQ","{""m"":64,""nlist"":128,""nbits"":8,""metricType"":""COSINE"",""dimension"":1024}","{""nprobe"":32}",10000,10,10,1,5,"{""javaVersion"":""21.0.11"",""os"":""Windows 11 10.0 amd64"",""resourceSampling"":""capture-window-contained-in-search-window"",""minimumMeasurementTimeMs"":5000,""protocol"":""search-parameter-sweep-v1"",""referenceRecallLevels"":[0.9,0.95],""cpu"":""AMD64 Family 25 Model 33 Stepping 0, AuthenticAMD"",""documentVectorsSha256"":""cc23f095b88585453940e8fca998f8b16f9573361b0c83f021d7bb095ba9e4c6"",""queryVectorsSha256"":""d06cc81c1169e1a926fc69a835fabda560932d8834bd687893fe0da301c4cfa9"",""containerLimits"":{""vector-milvus-etcd"":""cpuNano=500000000,memoryBytes=536870912,memorySwapBytes=536870912"",""vector-milvus-minio"":""cpuNano=500000000,memoryBytes=1073741824,memorySwapBytes=1073741824"",""vector-milvus"":""cpuNano=3000000000,memoryBytes=6979321856,memorySwapBytes=6979321856""},""dockerServerVersion"":""29.7.2"",""springBootVersion"":""4.1.1"",""queryPartition"":{""calibrationQueries"":100,""method"":""query-type-stratified-sha256"",""evaluationQueries"":200,""calibrationIdsSha256"":""8b3e0cf00bea0503372f6e0e968ec87a831d597ac5132d0e7ae30ade95164508"",""evaluationIdsSha256"":""f856701d0c4b142b59ef1f22919e1e8f1c897145a9bdf88e6b18a59196a6ca25""},""queryDefinitionsSha256"":""e9e52e8cd2ce129bb91205fa1a08f2baf2d4ca8bd28fe9c42299eefdb99ada18"",""availableProcessors"":16,""metric"":""COSINE"",""declaredVectorDbBudget"":{""memoryBytes"":8589934592,""cpuCores"":4.0},""physicalMemoryBytes"":51460743168}",3,"[1,2,3]",3,0.611856,0.611856,0.611856,0.611856,0.611856,0.611856,0.000000,3,6.004772,6.035157,6.053841,6.053841,5.925317,6.053841,0.004822,3,4.521533,4.518200,4.590900,4.590900,4.455500,4.590900,0.004592,3,19.159333,19.275200,21.892000,21.892000,16.310800,21.892000,7.797517,3,29.586600,29.824700,30.047700,30.047700,28.887400,30.047700,0.379093,3,1659.641135,1651.525905,1681.875367,1681.875367,1645.522134,1681.875367,379.782115,3,5423.000000,5449.000000,5469.000000,5469.000000,5351.000000,5469.000000,3988.000000,3,2.000000,2.000000,2.000000,2.000000,2.000000,2.000000,0.000000,3,295.670000,296.180000,297.355000,297.355000,293.475000,297.355000,3.958675,3,297.583333,297.930000,299.250000,299.250000,295.570000,299.250000,3.475733,3,638196557.000000,643264675.000000,644276550.000000,644276550.000000,627048446.000000,644276550.000000,93466256905147.000000,3,641693558.000000,644654037.000000,646363217.000000,646363217.000000,634063420.000000,646363217.000000,44394578492383.000000,0,,,,,,,,3,18565.333333,18593.000000,18613.000000,18613.000000,18490.000000,18613.000000,4356.333333
"milvus","Native","IVF_PQ","{""m"":64,""nlist"":128,""nbits"":8,""metricType"":""COSINE"",""dimension"":1024}","{""nprobe"":64}",10000,10,10,1,5,"{""javaVersion"":""21.0.11"",""os"":""Windows 11 10.0 amd64"",""resourceSampling"":""capture-window-contained-in-search-window"",""minimumMeasurementTimeMs"":5000,""protocol"":""search-parameter-sweep-v1"",""referenceRecallLevels"":[0.9,0.95],""cpu"":""AMD64 Family 25 Model 33 Stepping 0, AuthenticAMD"",""documentVectorsSha256"":""cc23f095b88585453940e8fca998f8b16f9573361b0c83f021d7bb095ba9e4c6"",""queryVectorsSha256"":""d06cc81c1169e1a926fc69a835fabda560932d8834bd687893fe0da301c4cfa9"",""containerLimits"":{""vector-milvus-etcd"":""cpuNano=500000000,memoryBytes=536870912,memorySwapBytes=536870912"",""vector-milvus-minio"":""cpuNano=500000000,memoryBytes=1073741824,memorySwapBytes=1073741824"",""vector-milvus"":""cpuNano=3000000000,memoryBytes=6979321856,memorySwapBytes=6979321856""},""dockerServerVersion"":""29.7.2"",""springBootVersion"":""4.1.1"",""queryPartition"":{""calibrationQueries"":100,""method"":""query-type-stratified-sha256"",""evaluationQueries"":200,""calibrationIdsSha256"":""8b3e0cf00bea0503372f6e0e968ec87a831d597ac5132d0e7ae30ade95164508"",""evaluationIdsSha256"":""f856701d0c4b142b59ef1f22919e1e8f1c897145a9bdf88e6b18a59196a6ca25""},""queryDefinitionsSha256"":""e9e52e8cd2ce129bb91205fa1a08f2baf2d4ca8bd28fe9c42299eefdb99ada18"",""availableProcessors"":16,""metric"":""COSINE"",""declaredVectorDbBudget"":{""memoryBytes"":8589934592,""cpuCores"":4.0},""physicalMemoryBytes"":51460743168}",3,"[1,2,3]",3,0.611856,0.611856,0.611856,0.611856,0.611856,0.611856,0.000000,3,6.364589,6.430294,6.526757,6.526757,6.136717,6.526757,0.041271,3,4.574300,4.621600,4.688900,4.688900,4.412400,4.688900,0.020791,3,25.006433,24.503600,26.559000,26.559000,23.956700,26.559000,1.882622,3,33.427900,33.588200,34.196700,34.196700,32.498800,34.196700,0.739988,3,1566.447742,1549.406996,1623.107452,1623.107452,1526.828777,1623.107452,2535.186086,3,5315.333333,5239.000000,5544.000000,5544.000000,5163.000000,5544.000000,40660.333333,3,2.000000,2.000000,2.000000,2.000000,2.000000,2.000000,0.000000,3,295.816667,297.325000,298.120000,298.120000,292.005000,298.120000,11.054608,3,297.120000,298.200000,299.400000,299.400000,293.760000,299.400000,8.827200,3,645080458.333333,646426131.000000,651018894.000000,651018894.000000,637796350.000000,651018894.000000,45067043652344.330000,3,645762032.666667,646845561.000000,652224757.000000,652224757.000000,638215780.000000,652224757.000000,49943384383484.330000,0,,,,,,,,3,18565.333333,18593.000000,18613.000000,18613.000000,18490.000000,18613.000000,4356.333333
"milvus","Native","IVF_PQ","{""m"":64,""nlist"":128,""nbits"":8,""metricType"":""COSINE"",""dimension"":1024}","{""nprobe"":96}",10000,10,10,1,5,"{""javaVersion"":""21.0.11"",""os"":""Windows 11 10.0 amd64"",""resourceSampling"":""capture-window-contained-in-search-window"",""minimumMeasurementTimeMs"":5000,""protocol"":""search-parameter-sweep-v1"",""referenceRecallLevels"":[0.9,0.95],""cpu"":""AMD64 Family 25 Model 33 Stepping 0, AuthenticAMD"",""documentVectorsSha256"":""cc23f095b88585453940e8fca998f8b16f9573361b0c83f021d7bb095ba9e4c6"",""queryVectorsSha256"":""d06cc81c1169e1a926fc69a835fabda560932d8834bd687893fe0da301c4cfa9"",""containerLimits"":{""vector-milvus-etcd"":""cpuNano=500000000,memoryBytes=536870912,memorySwapBytes=536870912"",""vector-milvus-minio"":""cpuNano=500000000,memoryBytes=1073741824,memorySwapBytes=1073741824"",""vector-milvus"":""cpuNano=3000000000,memoryBytes=6979321856,memorySwapBytes=6979321856""},""dockerServerVersion"":""29.7.2"",""springBootVersion"":""4.1.1"",""queryPartition"":{""calibrationQueries"":100,""method"":""query-type-stratified-sha256"",""evaluationQueries"":200,""calibrationIdsSha256"":""8b3e0cf00bea0503372f6e0e968ec87a831d597ac5132d0e7ae30ade95164508"",""evaluationIdsSha256"":""f856701d0c4b142b59ef1f22919e1e8f1c897145a9bdf88e6b18a59196a6ca25""},""queryDefinitionsSha256"":""e9e52e8cd2ce129bb91205fa1a08f2baf2d4ca8bd28fe9c42299eefdb99ada18"",""availableProcessors"":16,""metric"":""COSINE"",""declaredVectorDbBudget"":{""memoryBytes"":8589934592,""cpuCores"":4.0},""physicalMemoryBytes"":51460743168}",3,"[1,2,3]",3,0.611856,0.611856,0.611856,0.611856,0.611856,0.611856,0.000000,3,9.053331,9.141050,9.196851,9.196851,8.822092,9.196851,0.040882,3,5.019800,5.056800,5.134000,5.134000,4.868600,5.134000,0.018636,3,46.769300,46.939600,46.945600,46.945600,46.422700,46.945600,0.090108,3,52.731933,53.159500,53.847700,53.847700,51.188600,53.847700,1.904813,3,1102.121446,1091.150275,1130.763232,1130.763232,1084.450831,1130.763232,626.484553,3,5445.333333,5498.000000,5532.000000,5532.000000,5306.000000,5532.000000,14849.333333,3,2.000000,2.000000,2.000000,2.000000,2.000000,2.000000,0.000000,3,297.838333,298.650000,299.330000,299.330000,295.535000,299.330000,4.094608,3,299.276667,299.780000,299.960000,299.960000,298.090000,299.960000,1.064233,3,884515797.333333,885931375.000000,895515360.000000,895515360.000000,872100657.000000,895515360.000000,138564974242326.330000,3,914662357.333333,906745608.000000,962152365.000000,962152365.000000,875089099.000000,962152365.000000,1942009261651814.500000,0,,,,,,,,3,18565.333333,18593.000000,18613.000000,18613.000000,18490.000000,18613.000000,4356.333333
"milvus","Native","IVF_PQ","{""m"":64,""nlist"":128,""nbits"":8,""metricType"":""COSINE"",""dimension"":1024}","{""nprobe"":128}",10000,10,10,1,5,"{""javaVersion"":""21.0.11"",""os"":""Windows 11 10.0 amd64"",""resourceSampling"":""capture-window-contained-in-search-window"",""minimumMeasurementTimeMs"":5000,""protocol"":""search-parameter-sweep-v1"",""referenceRecallLevels"":[0.9,0.95],""cpu"":""AMD64 Family 25 Model 33 Stepping 0, AuthenticAMD"",""documentVectorsSha256"":""cc23f095b88585453940e8fca998f8b16f9573361b0c83f021d7bb095ba9e4c6"",""queryVectorsSha256"":""d06cc81c1169e1a926fc69a835fabda560932d8834bd687893fe0da301c4cfa9"",""containerLimits"":{""vector-milvus-etcd"":""cpuNano=500000000,memoryBytes=536870912,memorySwapBytes=536870912"",""vector-milvus-minio"":""cpuNano=500000000,memoryBytes=1073741824,memorySwapBytes=1073741824"",""vector-milvus"":""cpuNano=3000000000,memoryBytes=6979321856,memorySwapBytes=6979321856""},""dockerServerVersion"":""29.7.2"",""springBootVersion"":""4.1.1"",""queryPartition"":{""calibrationQueries"":100,""method"":""query-type-stratified-sha256"",""evaluationQueries"":200,""calibrationIdsSha256"":""8b3e0cf00bea0503372f6e0e968ec87a831d597ac5132d0e7ae30ade95164508"",""evaluationIdsSha256"":""f856701d0c4b142b59ef1f22919e1e8f1c897145a9bdf88e6b18a59196a6ca25""},""queryDefinitionsSha256"":""e9e52e8cd2ce129bb91205fa1a08f2baf2d4ca8bd28fe9c42299eefdb99ada18"",""availableProcessors"":16,""metric"":""COSINE"",""declaredVectorDbBudget"":{""memoryBytes"":8589934592,""cpuCores"":4.0},""physicalMemoryBytes"":51460743168}",3,"[1,2,3]",3,0.611856,0.611856,0.611856,0.611856,0.611856,0.611856,0.000000,3,7.071468,7.124521,7.344119,7.344119,6.745765,7.344119,0.091618,3,4.805467,4.822600,4.983600,4.983600,4.610200,4.983600,0.035077,3,31.643233,31.421700,32.360200,32.360200,31.147800,32.360200,0.404286,3,41.218467,42.286700,43.134800,43.134800,38.233900,43.134800,6.860547,3,1402.737118,1389.989380,1470.552985,1470.552985,1347.668989,1470.552985,3896.997760,3,5223.333333,5194.000000,5440.000000,5440.000000,5036.000000,5440.000000,41449.333333,3,2.000000,2.000000,2.000000,2.000000,2.000000,2.000000,0.000000,3,296.791667,297.175000,298.310000,298.310000,294.890000,298.310000,3.034308,3,298.350000,299.290000,300.760000,300.760000,295.000000,300.760000,8.957100,3,741594888.333333,742051019.000000,745658120.000000,745658120.000000,737075526.000000,745658120.000000,18571271331014.332000,3,744583330.000000,743943699.000000,747099912.000000,747099912.000000,742706379.000000,747099912.000000,5132628917643.000000,0,,,,,,,,3,18565.333333,18593.000000,18613.000000,18613.000000,18490.000000,18613.000000,4356.333333
"milvus","Native","IVF_SQ8","{""metricType"":""COSINE"",""dimension"":1024,""nlist"":128}","{""nprobe"":1}",10000,10,10,1,5,"{""javaVersion"":""21.0.11"",""os"":""Windows 11 10.0 amd64"",""resourceSampling"":""capture-window-contained-in-search-window"",""minimumMeasurementTimeMs"":5000,""protocol"":""search-parameter-sweep-v1"",""referenceRecallLevels"":[0.9,0.95],""cpu"":""AMD64 Family 25 Model 33 Stepping 0, AuthenticAMD"",""documentVectorsSha256"":""cc23f095b88585453940e8fca998f8b16f9573361b0c83f021d7bb095ba9e4c6"",""queryVectorsSha256"":""d06cc81c1169e1a926fc69a835fabda560932d8834bd687893fe0da301c4cfa9"",""dockerServerVersion"":""29.7.2"",""containerLimits"":{""vector-milvus-etcd"":""cpuNano=500000000,memoryBytes=536870912,memorySwapBytes=536870912"",""vector-milvus"":""cpuNano=3000000000,memoryBytes=6979321856,memorySwapBytes=6979321856"",""vector-milvus-minio"":""cpuNano=500000000,memoryBytes=1073741824,memorySwapBytes=1073741824""},""springBootVersion"":""4.1.1"",""queryPartition"":{""calibrationIdsSha256"":""8b3e0cf00bea0503372f6e0e968ec87a831d597ac5132d0e7ae30ade95164508"",""evaluationQueries"":200,""method"":""query-type-stratified-sha256"",""calibrationQueries"":100,""evaluationIdsSha256"":""f856701d0c4b142b59ef1f22919e1e8f1c897145a9bdf88e6b18a59196a6ca25""},""queryDefinitionsSha256"":""e9e52e8cd2ce129bb91205fa1a08f2baf2d4ca8bd28fe9c42299eefdb99ada18"",""availableProcessors"":16,""metric"":""COSINE"",""declaredVectorDbBudget"":{""cpuCores"":4.0,""memoryBytes"":8589934592},""physicalMemoryBytes"":51460743168}",3,"[1,2,3]",3,0.694330,0.694330,0.694330,0.694330,0.694330,0.694330,0.000000,3,6.690975,6.570526,6.935263,6.935263,6.567137,6.935263,0.044760,3,4.924333,4.904100,5.111100,5.111100,4.757800,5.111100,0.031512,3,23.085767,23.090700,24.730500,24.730500,21.436100,24.730500,2.713286,3,33.568100,33.201000,36.890700,36.890700,30.612600,36.890700,9.954707,3,1483.662589,1505.421049,1512.121601,1512.121601,1433.445116,1512.121601,1902.570275,3,5394.666667,5314.000000,5580.000000,5580.000000,5290.000000,5580.000000,25905.333333,3,2.000000,2.000000,2.000000,2.000000,2.000000,2.000000,0.000000,3,304.716667,305.415000,305.660000,305.660000,303.075000,305.660000,2.036308,3,309.930000,310.000000,310.360000,310.360000,309.430000,310.360000,0.219900,3,791416230.333333,794348748.000000,800897105.000000,800897105.000000,779002838.000000,800897105.000000,126289476765806.330000,3,796320070.666667,795240037.000000,809804758.000000,809804758.000000,783915417.000000,809804758.000000,168439348894420.300000,0,,,,,,,,3,17632.333333,17444.000000,18143.000000,18143.000000,17310.000000,18143.000000,200074.333333
"milvus","Native","IVF_SQ8","{""metricType"":""COSINE"",""dimension"":1024,""nlist"":128}","{""nprobe"":2}",10000,10,10,1,5,"{""javaVersion"":""21.0.11"",""os"":""Windows 11 10.0 amd64"",""resourceSampling"":""capture-window-contained-in-search-window"",""minimumMeasurementTimeMs"":5000,""protocol"":""search-parameter-sweep-v1"",""referenceRecallLevels"":[0.9,0.95],""cpu"":""AMD64 Family 25 Model 33 Stepping 0, AuthenticAMD"",""documentVectorsSha256"":""cc23f095b88585453940e8fca998f8b16f9573361b0c83f021d7bb095ba9e4c6"",""queryVectorsSha256"":""d06cc81c1169e1a926fc69a835fabda560932d8834bd687893fe0da301c4cfa9"",""dockerServerVersion"":""29.7.2"",""containerLimits"":{""vector-milvus-etcd"":""cpuNano=500000000,memoryBytes=536870912,memorySwapBytes=536870912"",""vector-milvus"":""cpuNano=3000000000,memoryBytes=6979321856,memorySwapBytes=6979321856"",""vector-milvus-minio"":""cpuNano=500000000,memoryBytes=1073741824,memorySwapBytes=1073741824""},""springBootVersion"":""4.1.1"",""queryPartition"":{""calibrationIdsSha256"":""8b3e0cf00bea0503372f6e0e968ec87a831d597ac5132d0e7ae30ade95164508"",""evaluationQueries"":200,""method"":""query-type-stratified-sha256"",""calibrationQueries"":100,""evaluationIdsSha256"":""f856701d0c4b142b59ef1f22919e1e8f1c897145a9bdf88e6b18a59196a6ca25""},""queryDefinitionsSha256"":""e9e52e8cd2ce129bb91205fa1a08f2baf2d4ca8bd28fe9c42299eefdb99ada18"",""availableProcessors"":16,""metric"":""COSINE"",""declaredVectorDbBudget"":{""cpuCores"":4.0,""memoryBytes"":8589934592},""physicalMemoryBytes"":51460743168}",3,"[1,2,3]",3,0.811856,0.811856,0.811856,0.811856,0.811856,0.811856,0.000000,3,6.365459,6.302405,6.522684,6.522684,6.271290,6.522684,0.018782,3,4.662500,4.710100,4.745600,4.745600,4.531800,4.745600,0.013127,3,21.731433,23.438200,23.529700,23.529700,18.226400,23.529700,9.216037,3,31.923867,31.890200,33.094200,33.094200,30.787200,33.094200,1.331412,3,1559.975686,1569.794701,1585.387075,1585.387075,1524.745282,1585.387075,991.666568,3,5129.333333,5096.000000,5246.000000,5246.000000,5046.000000,5246.000000,10833.333333,3,2.000000,2.000000,2.000000,2.000000,2.000000,2.000000,0.000000,3,307.038333,304.890000,314.005000,314.005000,302.220000,314.005000,38.183058,3,312.896667,313.880000,315.500000,315.500000,309.310000,315.500000,10.304233,3,571687129.000000,563593870.000000,592948755.000000,592948755.000000,558518762.000000,592948755.000000,345481735425823.000000,3,577926157.000000,565717237.000000,608677396.000000,608677396.000000,559383838.000000,608677396.000000,719257010749641.000000,0,,,,,,,,3,17632.333333,17444.000000,18143.000000,18143.000000,17310.000000,18143.000000,200074.333333
"milvus","Native","IVF_SQ8","{""metricType"":""COSINE"",""dimension"":1024,""nlist"":128}","{""nprobe"":4}",10000,10,10,1,5,"{""javaVersion"":""21.0.11"",""os"":""Windows 11 10.0 amd64"",""resourceSampling"":""capture-window-contained-in-search-window"",""minimumMeasurementTimeMs"":5000,""protocol"":""search-parameter-sweep-v1"",""referenceRecallLevels"":[0.9,0.95],""cpu"":""AMD64 Family 25 Model 33 Stepping 0, AuthenticAMD"",""documentVectorsSha256"":""cc23f095b88585453940e8fca998f8b16f9573361b0c83f021d7bb095ba9e4c6"",""queryVectorsSha256"":""d06cc81c1169e1a926fc69a835fabda560932d8834bd687893fe0da301c4cfa9"",""dockerServerVersion"":""29.7.2"",""containerLimits"":{""vector-milvus-etcd"":""cpuNano=500000000,memoryBytes=536870912,memorySwapBytes=536870912"",""vector-milvus"":""cpuNano=3000000000,memoryBytes=6979321856,memorySwapBytes=6979321856"",""vector-milvus-minio"":""cpuNano=500000000,memoryBytes=1073741824,memorySwapBytes=1073741824""},""springBootVersion"":""4.1.1"",""queryPartition"":{""calibrationIdsSha256"":""8b3e0cf00bea0503372f6e0e968ec87a831d597ac5132d0e7ae30ade95164508"",""evaluationQueries"":200,""method"":""query-type-stratified-sha256"",""calibrationQueries"":100,""evaluationIdsSha256"":""f856701d0c4b142b59ef1f22919e1e8f1c897145a9bdf88e6b18a59196a6ca25""},""queryDefinitionsSha256"":""e9e52e8cd2ce129bb91205fa1a08f2baf2d4ca8bd28fe9c42299eefdb99ada18"",""availableProcessors"":16,""metric"":""COSINE"",""declaredVectorDbBudget"":{""cpuCores"":4.0,""memoryBytes"":8589934592},""physicalMemoryBytes"":51460743168}",3,"[1,2,3]",3,0.911340,0.911340,0.911340,0.911340,0.911340,0.911340,0.000000,3,6.566645,6.538794,6.658389,6.658389,6.502752,6.658389,0.006637,3,4.716267,4.717900,4.785900,4.785900,4.645000,4.785900,0.004965,3,22.683300,23.450200,23.769400,23.769400,20.830300,23.769400,2.600679,3,35.370733,33.919700,38.675100,38.675100,33.517400,38.675100,8.229591,3,1514.294931,1520.442193,1529.038778,1529.038778,1493.403822,1529.038778,345.804149,3,5283.000000,5261.000000,5356.000000,5356.000000,5232.000000,5356.000000,4207.000000,3,2.000000,2.000000,2.000000,2.000000,2.000000,2.000000,0.000000,3,297.383333,296.880000,299.150000,299.150000,296.120000,299.150000,2.485233,3,301.383333,301.080000,304.870000,304.870000,298.200000,304.870000,11.191233,3,615825188.333333,615257210.000000,629229485.000000,629229485.000000,602988870.000000,629229485.000000,172384418434908.300000,3,622064215.666667,619446271.000000,629386771.000000,629386771.000000,617359605.000000,629386771.000000,41303406206185.330000,0,,,,,,,,3,17632.333333,17444.000000,18143.000000,18143.000000,17310.000000,18143.000000,200074.333333
"milvus","Native","IVF_SQ8","{""metricType"":""COSINE"",""dimension"":1024,""nlist"":128}","{""nprobe"":8}",10000,10,10,1,5,"{""javaVersion"":""21.0.11"",""os"":""Windows 11 10.0 amd64"",""resourceSampling"":""capture-window-contained-in-search-window"",""minimumMeasurementTimeMs"":5000,""protocol"":""search-parameter-sweep-v1"",""referenceRecallLevels"":[0.9,0.95],""cpu"":""AMD64 Family 25 Model 33 Stepping 0, AuthenticAMD"",""documentVectorsSha256"":""cc23f095b88585453940e8fca998f8b16f9573361b0c83f021d7bb095ba9e4c6"",""queryVectorsSha256"":""d06cc81c1169e1a926fc69a835fabda560932d8834bd687893fe0da301c4cfa9"",""dockerServerVersion"":""29.7.2"",""containerLimits"":{""vector-milvus-etcd"":""cpuNano=500000000,memoryBytes=536870912,memorySwapBytes=536870912"",""vector-milvus"":""cpuNano=3000000000,memoryBytes=6979321856,memorySwapBytes=6979321856"",""vector-milvus-minio"":""cpuNano=500000000,memoryBytes=1073741824,memorySwapBytes=1073741824""},""springBootVersion"":""4.1.1"",""queryPartition"":{""calibrationIdsSha256"":""8b3e0cf00bea0503372f6e0e968ec87a831d597ac5132d0e7ae30ade95164508"",""evaluationQueries"":200,""method"":""query-type-stratified-sha256"",""calibrationQueries"":100,""evaluationIdsSha256"":""f856701d0c4b142b59ef1f22919e1e8f1c897145a9bdf88e6b18a59196a6ca25""},""queryDefinitionsSha256"":""e9e52e8cd2ce129bb91205fa1a08f2baf2d4ca8bd28fe9c42299eefdb99ada18"",""availableProcessors"":16,""metric"":""COSINE"",""declaredVectorDbBudget"":{""cpuCores"":4.0,""memoryBytes"":8589934592},""physicalMemoryBytes"":51460743168}",3,"[1,2,3]",3,0.954639,0.954639,0.954639,0.954639,0.954639,0.954639,0.000000,3,5.529433,5.607994,5.620709,5.620709,5.359596,5.620709,0.021674,3,4.413533,4.451300,4.498300,4.498300,4.291000,4.498300,0.011813,3,12.317900,12.480700,12.993400,12.993400,11.479600,12.993400,0.592775,3,25.314500,25.113900,26.621400,26.621400,24.208200,26.621400,1.486064,3,1798.828884,1777.416501,1856.862802,1856.862802,1762.207349,1856.862802,2583.781331,3,5185.000000,5107.000000,5385.000000,5385.000000,5063.000000,5385.000000,30484.000000,3,2.000000,2.000000,2.000000,2.000000,2.000000,2.000000,0.000000,3,297.438333,297.505000,298.355000,298.355000,296.455000,298.355000,0.905833,3,299.750000,299.960000,300.170000,300.170000,299.120000,300.170000,0.308700,3,581538500.666667,574997134.000000,594673663.000000,594673663.000000,574944705.000000,594673663.000000,129400054342274.330000,3,586353212.333333,581865307.000000,599470898.000000,599470898.000000,577723432.000000,599470898.000000,133344040066010.330000,0,,,,,,,,3,17632.333333,17444.000000,18143.000000,18143.000000,17310.000000,18143.000000,200074.333333
"milvus","Native","IVF_SQ8","{""metricType"":""COSINE"",""dimension"":1024,""nlist"":128}","{""nprobe"":16}",10000,10,10,1,5,"{""javaVersion"":""21.0.11"",""os"":""Windows 11 10.0 amd64"",""resourceSampling"":""capture-window-contained-in-search-window"",""minimumMeasurementTimeMs"":5000,""protocol"":""search-parameter-sweep-v1"",""referenceRecallLevels"":[0.9,0.95],""cpu"":""AMD64 Family 25 Model 33 Stepping 0, AuthenticAMD"",""documentVectorsSha256"":""cc23f095b88585453940e8fca998f8b16f9573361b0c83f021d7bb095ba9e4c6"",""queryVectorsSha256"":""d06cc81c1169e1a926fc69a835fabda560932d8834bd687893fe0da301c4cfa9"",""dockerServerVersion"":""29.7.2"",""containerLimits"":{""vector-milvus-etcd"":""cpuNano=500000000,memoryBytes=536870912,memorySwapBytes=536870912"",""vector-milvus"":""cpuNano=3000000000,memoryBytes=6979321856,memorySwapBytes=6979321856"",""vector-milvus-minio"":""cpuNano=500000000,memoryBytes=1073741824,memorySwapBytes=1073741824""},""springBootVersion"":""4.1.1"",""queryPartition"":{""calibrationIdsSha256"":""8b3e0cf00bea0503372f6e0e968ec87a831d597ac5132d0e7ae30ade95164508"",""evaluationQueries"":200,""method"":""query-type-stratified-sha256"",""calibrationQueries"":100,""evaluationIdsSha256"":""f856701d0c4b142b59ef1f22919e1e8f1c897145a9bdf88e6b18a59196a6ca25""},""queryDefinitionsSha256"":""e9e52e8cd2ce129bb91205fa1a08f2baf2d4ca8bd28fe9c42299eefdb99ada18"",""availableProcessors"":16,""metric"":""COSINE"",""declaredVectorDbBudget"":{""cpuCores"":4.0,""memoryBytes"":8589934592},""physicalMemoryBytes"":51460743168}",3,"[1,2,3]",3,0.967010,0.967010,0.967010,0.967010,0.967010,0.967010,0.000000,3,6.084353,6.054948,6.163165,6.163165,6.034947,6.163165,0.004758,3,4.614333,4.596900,4.656200,4.656200,4.589900,4.656200,0.001327,3,18.637767,18.905600,19.425900,19.425900,17.581800,19.425900,0.903977,3,29.418500,29.599300,30.176900,30.176900,28.479300,30.176900,0.744978,3,1634.928831,1643.580119,1644.277634,1644.277634,1616.928741,1644.277634,243.124072,3,5504.666667,5475.000000,5566.000000,5566.000000,5473.000000,5566.000000,2822.333333,3,2.000000,2.000000,2.000000,2.000000,2.000000,2.000000,0.000000,3,298.066667,298.130000,299.885000,299.885000,296.185000,299.885000,3.425508,3,299.353333,300.150000,300.420000,300.420000,297.490000,300.420000,2.622233,3,580624492.000000,580407786.000000,594238504.000000,594238504.000000,567227186.000000,594238504.000000,182438046142108.000000,3,584434318.333333,581194218.000000,594553077.000000,594553077.000000,577555660.000000,594553077.000000,80101733795522.330000,0,,,,,,,,3,17632.333333,17444.000000,18143.000000,18143.000000,17310.000000,18143.000000,200074.333333
"milvus","Native","IVF_SQ8","{""metricType"":""COSINE"",""dimension"":1024,""nlist"":128}","{""nprobe"":32}",10000,10,10,1,5,"{""javaVersion"":""21.0.11"",""os"":""Windows 11 10.0 amd64"",""resourceSampling"":""capture-window-contained-in-search-window"",""minimumMeasurementTimeMs"":5000,""protocol"":""search-parameter-sweep-v1"",""referenceRecallLevels"":[0.9,0.95],""cpu"":""AMD64 Family 25 Model 33 Stepping 0, AuthenticAMD"",""documentVectorsSha256"":""cc23f095b88585453940e8fca998f8b16f9573361b0c83f021d7bb095ba9e4c6"",""queryVectorsSha256"":""d06cc81c1169e1a926fc69a835fabda560932d8834bd687893fe0da301c4cfa9"",""dockerServerVersion"":""29.7.2"",""containerLimits"":{""vector-milvus-etcd"":""cpuNano=500000000,memoryBytes=536870912,memorySwapBytes=536870912"",""vector-milvus"":""cpuNano=3000000000,memoryBytes=6979321856,memorySwapBytes=6979321856"",""vector-milvus-minio"":""cpuNano=500000000,memoryBytes=1073741824,memorySwapBytes=1073741824""},""springBootVersion"":""4.1.1"",""queryPartition"":{""calibrationIdsSha256"":""8b3e0cf00bea0503372f6e0e968ec87a831d597ac5132d0e7ae30ade95164508"",""evaluationQueries"":200,""method"":""query-type-stratified-sha256"",""calibrationQueries"":100,""evaluationIdsSha256"":""f856701d0c4b142b59ef1f22919e1e8f1c897145a9bdf88e6b18a59196a6ca25""},""queryDefinitionsSha256"":""e9e52e8cd2ce129bb91205fa1a08f2baf2d4ca8bd28fe9c42299eefdb99ada18"",""availableProcessors"":16,""metric"":""COSINE"",""declaredVectorDbBudget"":{""cpuCores"":4.0,""memoryBytes"":8589934592},""physicalMemoryBytes"":51460743168}",3,"[1,2,3]",3,0.967010,0.967010,0.967010,0.967010,0.967010,0.967010,0.000000,3,7.138405,6.971361,7.476487,7.476487,6.967366,7.476487,0.085729,3,4.953567,4.849200,5.168100,5.168100,4.843400,5.168100,0.034527,3,30.151000,30.114700,30.650300,30.650300,29.688000,30.650300,0.232494,3,39.380933,39.301400,39.610500,39.610500,39.230900,39.610500,0.040768,3,1396.132551,1430.138707,1430.468869,1430.468869,1327.790075,1430.468869,3503.047689,3,5485.333333,5592.000000,5593.000000,5593.000000,5271.000000,5593.000000,34454.333333,3,2.000000,2.000000,2.000000,2.000000,2.000000,2.000000,0.000000,3,299.566667,299.960000,301.850000,301.850000,296.890000,301.850000,6.266433,3,305.246667,304.490000,311.040000,311.040000,300.210000,311.040000,29.751633,3,572363460.333333,572459579.000000,576585727.000000,576585727.000000,568045075.000000,576585727.000000,18242613244837.336000,3,574360998.000000,573707385.000000,577083801.000000,577083801.000000,572291808.000000,577083801.000000,6061206693339.000000,0,,,,,,,,3,17632.333333,17444.000000,18143.000000,18143.000000,17310.000000,18143.000000,200074.333333
"milvus","Native","IVF_SQ8","{""metricType"":""COSINE"",""dimension"":1024,""nlist"":128}","{""nprobe"":64}",10000,10,10,1,5,"{""javaVersion"":""21.0.11"",""os"":""Windows 11 10.0 amd64"",""resourceSampling"":""capture-window-contained-in-search-window"",""minimumMeasurementTimeMs"":5000,""protocol"":""search-parameter-sweep-v1"",""referenceRecallLevels"":[0.9,0.95],""cpu"":""AMD64 Family 25 Model 33 Stepping 0, AuthenticAMD"",""documentVectorsSha256"":""cc23f095b88585453940e8fca998f8b16f9573361b0c83f021d7bb095ba9e4c6"",""queryVectorsSha256"":""d06cc81c1169e1a926fc69a835fabda560932d8834bd687893fe0da301c4cfa9"",""dockerServerVersion"":""29.7.2"",""containerLimits"":{""vector-milvus-etcd"":""cpuNano=500000000,memoryBytes=536870912,memorySwapBytes=536870912"",""vector-milvus"":""cpuNano=3000000000,memoryBytes=6979321856,memorySwapBytes=6979321856"",""vector-milvus-minio"":""cpuNano=500000000,memoryBytes=1073741824,memorySwapBytes=1073741824""},""springBootVersion"":""4.1.1"",""queryPartition"":{""calibrationIdsSha256"":""8b3e0cf00bea0503372f6e0e968ec87a831d597ac5132d0e7ae30ade95164508"",""evaluationQueries"":200,""method"":""query-type-stratified-sha256"",""calibrationQueries"":100,""evaluationIdsSha256"":""f856701d0c4b142b59ef1f22919e1e8f1c897145a9bdf88e6b18a59196a6ca25""},""queryDefinitionsSha256"":""e9e52e8cd2ce129bb91205fa1a08f2baf2d4ca8bd28fe9c42299eefdb99ada18"",""availableProcessors"":16,""metric"":""COSINE"",""declaredVectorDbBudget"":{""cpuCores"":4.0,""memoryBytes"":8589934592},""physicalMemoryBytes"":51460743168}",3,"[1,2,3]",3,0.967010,0.967010,0.967010,0.967010,0.967010,0.967010,0.000000,3,8.455397,8.518698,8.599012,8.599012,8.248481,8.599012,0.033723,3,5.579400,5.634300,5.672600,5.672600,5.431300,5.672600,0.016817,3,36.513633,36.346700,37.039800,37.039800,36.154400,37.039800,0.216883,3,45.924033,45.799500,48.263800,48.263800,43.708800,48.263800,5.198638,3,1177.148819,1166.547410,1205.414453,1205.414453,1159.484594,1205.414453,611.680402,3,5374.666667,5174.000000,5807.000000,5807.000000,5143.000000,5807.000000,140424.333333,3,2.000000,2.000000,2.000000,2.000000,2.000000,2.000000,0.000000,3,303.611667,302.905000,308.210000,308.210000,299.720000,308.210000,18.394558,3,309.046667,310.860000,314.740000,314.740000,301.540000,314.740000,46.026133,3,565932194.000000,566629497.000000,567934974.000000,567934974.000000,563232111.000000,567934974.000000,5893903704549.000000,3,569754254.000000,569418710.000000,572543466.000000,572543466.000000,567300586.000000,572543466.000000,6956390005552.000000,0,,,,,,,,3,17632.333333,17444.000000,18143.000000,18143.000000,17310.000000,18143.000000,200074.333333
"milvus","Native","IVF_SQ8","{""metricType"":""COSINE"",""dimension"":1024,""nlist"":128}","{""nprobe"":96}",10000,10,10,1,5,"{""javaVersion"":""21.0.11"",""os"":""Windows 11 10.0 amd64"",""resourceSampling"":""capture-window-contained-in-search-window"",""minimumMeasurementTimeMs"":5000,""protocol"":""search-parameter-sweep-v1"",""referenceRecallLevels"":[0.9,0.95],""cpu"":""AMD64 Family 25 Model 33 Stepping 0, AuthenticAMD"",""documentVectorsSha256"":""cc23f095b88585453940e8fca998f8b16f9573361b0c83f021d7bb095ba9e4c6"",""queryVectorsSha256"":""d06cc81c1169e1a926fc69a835fabda560932d8834bd687893fe0da301c4cfa9"",""dockerServerVersion"":""29.7.2"",""containerLimits"":{""vector-milvus-etcd"":""cpuNano=500000000,memoryBytes=536870912,memorySwapBytes=536870912"",""vector-milvus"":""cpuNano=3000000000,memoryBytes=6979321856,memorySwapBytes=6979321856"",""vector-milvus-minio"":""cpuNano=500000000,memoryBytes=1073741824,memorySwapBytes=1073741824""},""springBootVersion"":""4.1.1"",""queryPartition"":{""calibrationIdsSha256"":""8b3e0cf00bea0503372f6e0e968ec87a831d597ac5132d0e7ae30ade95164508"",""evaluationQueries"":200,""method"":""query-type-stratified-sha256"",""calibrationQueries"":100,""evaluationIdsSha256"":""f856701d0c4b142b59ef1f22919e1e8f1c897145a9bdf88e6b18a59196a6ca25""},""queryDefinitionsSha256"":""e9e52e8cd2ce129bb91205fa1a08f2baf2d4ca8bd28fe9c42299eefdb99ada18"",""availableProcessors"":16,""metric"":""COSINE"",""declaredVectorDbBudget"":{""cpuCores"":4.0,""memoryBytes"":8589934592},""physicalMemoryBytes"":51460743168}",3,"[1,2,3]",3,0.967010,0.967010,0.967010,0.967010,0.967010,0.967010,0.000000,3,9.859286,9.802489,10.035630,10.035630,9.739740,10.035630,0.024307,3,6.372700,6.419900,6.463400,6.463400,6.234800,6.463400,0.014735,3,40.793167,40.292700,41.919600,41.919600,40.167200,41.919600,0.955577,3,49.400733,46.479200,56.730900,56.730900,44.992100,56.730900,40.851374,3,1010.826380,1015.218583,1023.621080,1023.621080,993.639475,1023.621080,239.192748,3,5601.000000,5861.000000,5910.000000,5910.000000,5032.000000,5910.000000,243421.000000,3,2.000000,2.000000,2.000000,2.000000,2.000000,2.000000,0.000000,3,297.933333,298.185000,299.275000,299.275000,296.340000,299.275000,2.201058,3,299.446667,300.090000,300.740000,300.740000,297.510000,300.740000,2.918633,3,753602831.666667,753317969.000000,757601401.000000,757601401.000000,749889125.000000,757601401.000000,14930660329189.332000,3,757659073.333333,758340648.000000,759819140.000000,759819140.000000,754817432.000000,759819140.000000,6602678748997.333000,0,,,,,,,,3,17632.333333,17444.000000,18143.000000,18143.000000,17310.000000,18143.000000,200074.333333
"milvus","Native","IVF_SQ8","{""metricType"":""COSINE"",""dimension"":1024,""nlist"":128}","{""nprobe"":128}",10000,10,10,1,5,"{""javaVersion"":""21.0.11"",""os"":""Windows 11 10.0 amd64"",""resourceSampling"":""capture-window-contained-in-search-window"",""minimumMeasurementTimeMs"":5000,""protocol"":""search-parameter-sweep-v1"",""referenceRecallLevels"":[0.9,0.95],""cpu"":""AMD64 Family 25 Model 33 Stepping 0, AuthenticAMD"",""documentVectorsSha256"":""cc23f095b88585453940e8fca998f8b16f9573361b0c83f021d7bb095ba9e4c6"",""queryVectorsSha256"":""d06cc81c1169e1a926fc69a835fabda560932d8834bd687893fe0da301c4cfa9"",""dockerServerVersion"":""29.7.2"",""containerLimits"":{""vector-milvus-etcd"":""cpuNano=500000000,memoryBytes=536870912,memorySwapBytes=536870912"",""vector-milvus"":""cpuNano=3000000000,memoryBytes=6979321856,memorySwapBytes=6979321856"",""vector-milvus-minio"":""cpuNano=500000000,memoryBytes=1073741824,memorySwapBytes=1073741824""},""springBootVersion"":""4.1.1"",""queryPartition"":{""calibrationIdsSha256"":""8b3e0cf00bea0503372f6e0e968ec87a831d597ac5132d0e7ae30ade95164508"",""evaluationQueries"":200,""method"":""query-type-stratified-sha256"",""calibrationQueries"":100,""evaluationIdsSha256"":""f856701d0c4b142b59ef1f22919e1e8f1c897145a9bdf88e6b18a59196a6ca25""},""queryDefinitionsSha256"":""e9e52e8cd2ce129bb91205fa1a08f2baf2d4ca8bd28fe9c42299eefdb99ada18"",""availableProcessors"":16,""metric"":""COSINE"",""declaredVectorDbBudget"":{""cpuCores"":4.0,""memoryBytes"":8589934592},""physicalMemoryBytes"":51460743168}",3,"[1,2,3]",3,0.967010,0.967010,0.967010,0.967010,0.967010,0.967010,0.000000,3,10.794306,11.078220,11.176259,11.176259,10.128440,11.176259,0.334937,3,6.905167,7.101300,7.128400,7.128400,6.485800,7.128400,0.132085,3,44.002567,44.439700,44.460500,44.460500,43.107500,44.460500,0.600966,3,50.681333,49.582500,54.328700,54.328700,48.132800,54.328700,10.502870,3,923.472079,895.055223,984.050742,984.050742,891.310274,984.050742,2755.836907,3,5425.333333,5586.000000,5609.000000,5609.000000,5081.000000,5609.000000,89056.333333,3,2.000000,2.000000,2.000000,2.000000,2.000000,2.000000,0.000000,3,298.766667,297.210000,302.445000,302.445000,296.645000,302.445000,10.227408,3,301.683333,299.410000,308.370000,308.370000,297.270000,308.370000,34.678533,3,666906568.000000,670947081.000000,677144165.000000,677144165.000000,652628458.000000,677144165.000000,162499281404839.000000,3,679809295.666667,677610782.000000,694964714.000000,694964714.000000,666852391.000000,694964714.000000,201200772870972.300000,0,,,,,,,,3,17632.333333,17444.000000,18143.000000,18143.000000,17310.000000,18143.000000,200074.333333
"opensearch","Faiss","HNSW","{""ef_construction"":128,""space_type"":""cosinesimil"",""method"":""hnsw"",""engine"":""faiss"",""dimension"":1024,""m"":16}","{""ef_search"":10}",10000,10,10,1,5,"{""javaVersion"":""21.0.11"",""os"":""Windows 11 10.0 amd64"",""resourceSampling"":""capture-window-contained-in-search-window"",""minimumMeasurementTimeMs"":5000,""protocol"":""search-parameter-sweep-v1"",""referenceRecallLevels"":[0.9,0.95],""cpu"":""AMD64 Family 25 Model 33 Stepping 0, AuthenticAMD"",""documentVectorsSha256"":""cc23f095b88585453940e8fca998f8b16f9573361b0c83f021d7bb095ba9e4c6"",""queryVectorsSha256"":""d06cc81c1169e1a926fc69a835fabda560932d8834bd687893fe0da301c4cfa9"",""containerLimits"":{""vector-opensearch"":""cpuNano=4000000000,memoryBytes=8589934592,memorySwapBytes=8589934592""},""dockerServerVersion"":""29.7.2"",""springBootVersion"":""4.1.1"",""queryPartition"":{""evaluationIdsSha256"":""f856701d0c4b142b59ef1f22919e1e8f1c897145a9bdf88e6b18a59196a6ca25"",""calibrationQueries"":100,""method"":""query-type-stratified-sha256"",""evaluationQueries"":200,""calibrationIdsSha256"":""8b3e0cf00bea0503372f6e0e968ec87a831d597ac5132d0e7ae30ade95164508""},""queryDefinitionsSha256"":""e9e52e8cd2ce129bb91205fa1a08f2baf2d4ca8bd28fe9c42299eefdb99ada18"",""availableProcessors"":16,""metric"":""COSINE"",""declaredVectorDbBudget"":{""memoryBytes"":8589934592,""cpuCores"":4.0},""physicalMemoryBytes"":51460743168}",3,"[1,2,3]",3,0.765979,0.771649,0.796392,0.796392,0.729897,0.796392,0.001130,3,6.706611,6.505808,7.114968,7.114968,6.499056,7.114968,0.125078,3,5.834967,5.666000,6.256300,6.256300,5.582600,6.256300,0.134880,3,12.290867,12.020800,12.870200,12.870200,11.981600,12.870200,0.252104,3,19.461133,19.048100,20.802200,20.802200,18.533100,20.802200,1.415151,3,1485.301086,1528.389394,1530.325650,1530.325650,1397.188215,1530.325650,5823.845878,3,5157.000000,5227.000000,5234.000000,5234.000000,5010.000000,5234.000000,16219.000000,3,2.000000,2.000000,2.000000,2.000000,2.000000,2.000000,0.000000,3,379.080000,378.455000,380.625000,380.625000,378.160000,380.625000,1.812025,3,382.243333,382.340000,382.390000,382.390000,382.000000,382.390000,0.045033,3,5176509332.333333,5099736792.000000,5367098506.000000,5367098506.000000,5062692699.000000,5367098506.000000,27586241045755280.000000,3,5179014730.333333,5102421147.000000,5370856603.000000,5370856603.000000,5063766441.000000,5370856603.000000,27976024655176772.000000,3,85445643.000000,85443596.000000,85450598.000000,85450598.000000,85442735.000000,85450598.000000,18599349.000000,3,11699.666667,11581.000000,13069.000000,13069.000000,10449.000000,13069.000000,1726661.333333
"opensearch","Faiss","HNSW","{""ef_construction"":128,""space_type"":""cosinesimil"",""method"":""hnsw"",""engine"":""faiss"",""dimension"":1024,""m"":16}","{""ef_search"":20}",10000,10,10,1,5,"{""javaVersion"":""21.0.11"",""os"":""Windows 11 10.0 amd64"",""resourceSampling"":""capture-window-contained-in-search-window"",""minimumMeasurementTimeMs"":5000,""protocol"":""search-parameter-sweep-v1"",""referenceRecallLevels"":[0.9,0.95],""cpu"":""AMD64 Family 25 Model 33 Stepping 0, AuthenticAMD"",""documentVectorsSha256"":""cc23f095b88585453940e8fca998f8b16f9573361b0c83f021d7bb095ba9e4c6"",""queryVectorsSha256"":""d06cc81c1169e1a926fc69a835fabda560932d8834bd687893fe0da301c4cfa9"",""containerLimits"":{""vector-opensearch"":""cpuNano=4000000000,memoryBytes=8589934592,memorySwapBytes=8589934592""},""dockerServerVersion"":""29.7.2"",""springBootVersion"":""4.1.1"",""queryPartition"":{""evaluationIdsSha256"":""f856701d0c4b142b59ef1f22919e1e8f1c897145a9bdf88e6b18a59196a6ca25"",""calibrationQueries"":100,""method"":""query-type-stratified-sha256"",""evaluationQueries"":200,""calibrationIdsSha256"":""8b3e0cf00bea0503372f6e0e968ec87a831d597ac5132d0e7ae30ade95164508""},""queryDefinitionsSha256"":""e9e52e8cd2ce129bb91205fa1a08f2baf2d4ca8bd28fe9c42299eefdb99ada18"",""availableProcessors"":16,""metric"":""COSINE"",""declaredVectorDbBudget"":{""memoryBytes"":8589934592,""cpuCores"":4.0},""physicalMemoryBytes"":51460743168}",3,"[1,2,3]",3,0.856529,0.867010,0.873711,0.873711,0.828866,0.873711,0.000585,3,4.203558,4.170224,4.341318,4.341318,4.099132,4.341318,0.015497,3,3.905367,3.862100,4.014200,4.014200,3.839800,4.014200,0.009008,3,6.441467,6.432300,6.807300,6.807300,6.084800,6.807300,0.130565,3,8.725000,8.798200,9.332400,9.332400,8.044400,9.332400,0.418755,3,2364.937863,2376.529066,2426.432526,2426.432526,2291.851996,2426.432526,4628.746716,3,5213.666667,5235.000000,5357.000000,5357.000000,5049.000000,5357.000000,24057.333333,3,2.000000,2.000000,2.000000,2.000000,2.000000,2.000000,0.000000,3,318.935000,323.895000,328.090000,328.090000,304.820000,328.090000,153.824425,3,325.843333,329.210000,336.590000,336.590000,311.730000,336.590000,163.005733,3,5192436503.333333,5109400469.000000,5384815247.000000,5384815247.000000,5083093794.000000,5384815247.000000,27930196048462684.000000,3,5196194600.000000,5109937340.000000,5385888989.000000,5385888989.000000,5092757471.000000,5385888989.000000,27061757888276780.000000,3,85445643.000000,85443596.000000,85450598.000000,85450598.000000,85442735.000000,85450598.000000,18599349.000000,3,11699.666667,11581.000000,13069.000000,13069.000000,10449.000000,13069.000000,1726661.333333
"opensearch","Faiss","HNSW","{""ef_construction"":128,""space_type"":""cosinesimil"",""method"":""hnsw"",""engine"":""faiss"",""dimension"":1024,""m"":16}","{""ef_search"":40}",10000,10,10,1,5,"{""javaVersion"":""21.0.11"",""os"":""Windows 11 10.0 amd64"",""resourceSampling"":""capture-window-contained-in-search-window"",""minimumMeasurementTimeMs"":5000,""protocol"":""search-parameter-sweep-v1"",""referenceRecallLevels"":[0.9,0.95],""cpu"":""AMD64 Family 25 Model 33 Stepping 0, AuthenticAMD"",""documentVectorsSha256"":""cc23f095b88585453940e8fca998f8b16f9573361b0c83f021d7bb095ba9e4c6"",""queryVectorsSha256"":""d06cc81c1169e1a926fc69a835fabda560932d8834bd687893fe0da301c4cfa9"",""containerLimits"":{""vector-opensearch"":""cpuNano=4000000000,memoryBytes=8589934592,memorySwapBytes=8589934592""},""dockerServerVersion"":""29.7.2"",""springBootVersion"":""4.1.1"",""queryPartition"":{""evaluationIdsSha256"":""f856701d0c4b142b59ef1f22919e1e8f1c897145a9bdf88e6b18a59196a6ca25"",""calibrationQueries"":100,""method"":""query-type-stratified-sha256"",""evaluationQueries"":200,""calibrationIdsSha256"":""8b3e0cf00bea0503372f6e0e968ec87a831d597ac5132d0e7ae30ade95164508""},""queryDefinitionsSha256"":""e9e52e8cd2ce129bb91205fa1a08f2baf2d4ca8bd28fe9c42299eefdb99ada18"",""availableProcessors"":16,""metric"":""COSINE"",""declaredVectorDbBudget"":{""memoryBytes"":8589934592,""cpuCores"":4.0},""physicalMemoryBytes"":51460743168}",3,"[1,2,3]",3,0.928522,0.934021,0.940206,0.940206,0.911340,0.940206,0.000231,3,3.742156,3.660693,3.918974,3.918974,3.646801,3.918974,0.023497,3,3.469067,3.410700,3.629700,3.629700,3.366800,3.629700,0.019834,3,5.378733,5.283600,5.592900,5.592900,5.259700,5.592900,0.034543,3,8.069933,7.973400,8.493900,8.493900,7.742500,8.493900,0.148140,3,2660.298479,2716.302147,2726.508597,2726.508597,2538.084693,2726.508597,11228.200024,3,5136.333333,5134.000000,5154.000000,5154.000000,5121.000000,5154.000000,276.333333,3,2.000000,2.000000,2.000000,2.000000,2.000000,2.000000,0.000000,3,248.826667,242.200000,262.875000,262.875000,241.405000,262.875000,148.174758,3,270.476667,257.880000,299.300000,299.300000,254.250000,299.300000,626.382633,3,5197984169.333333,5111011082.000000,5387499601.000000,5387499601.000000,5095441825.000000,5387499601.000000,26997674570735264.000000,3,5198342083.333333,5111011082.000000,5388036472.000000,5388036472.000000,5095978696.000000,5388036472.000000,27044463975928544.000000,3,85445643.000000,85443596.000000,85450598.000000,85450598.000000,85442735.000000,85450598.000000,18599349.000000,3,11699.666667,11581.000000,13069.000000,13069.000000,10449.000000,13069.000000,1726661.333333
"opensearch","Faiss","HNSW","{""ef_construction"":128,""space_type"":""cosinesimil"",""method"":""hnsw"",""engine"":""faiss"",""dimension"":1024,""m"":16}","{""ef_search"":80}",10000,10,10,1,5,"{""javaVersion"":""21.0.11"",""os"":""Windows 11 10.0 amd64"",""resourceSampling"":""capture-window-contained-in-search-window"",""minimumMeasurementTimeMs"":5000,""protocol"":""search-parameter-sweep-v1"",""referenceRecallLevels"":[0.9,0.95],""cpu"":""AMD64 Family 25 Model 33 Stepping 0, AuthenticAMD"",""documentVectorsSha256"":""cc23f095b88585453940e8fca998f8b16f9573361b0c83f021d7bb095ba9e4c6"",""queryVectorsSha256"":""d06cc81c1169e1a926fc69a835fabda560932d8834bd687893fe0da301c4cfa9"",""containerLimits"":{""vector-opensearch"":""cpuNano=4000000000,memoryBytes=8589934592,memorySwapBytes=8589934592""},""dockerServerVersion"":""29.7.2"",""springBootVersion"":""4.1.1"",""queryPartition"":{""evaluationIdsSha256"":""f856701d0c4b142b59ef1f22919e1e8f1c897145a9bdf88e6b18a59196a6ca25"",""calibrationQueries"":100,""method"":""query-type-stratified-sha256"",""evaluationQueries"":200,""calibrationIdsSha256"":""8b3e0cf00bea0503372f6e0e968ec87a831d597ac5132d0e7ae30ade95164508""},""queryDefinitionsSha256"":""e9e52e8cd2ce129bb91205fa1a08f2baf2d4ca8bd28fe9c42299eefdb99ada18"",""availableProcessors"":16,""metric"":""COSINE"",""declaredVectorDbBudget"":{""memoryBytes"":8589934592,""cpuCores"":4.0},""physicalMemoryBytes"":51460743168}",3,"[1,2,3]",3,0.968557,0.971134,0.971649,0.971649,0.962887,0.971649,0.000024,3,3.601676,3.599757,3.611088,3.611088,3.594184,3.611088,0.000074,3,3.383633,3.381400,3.402700,3.402700,3.366800,3.402700,0.000326,3,5.110667,5.132100,5.136400,5.136400,5.063500,5.136400,0.001673,3,7.101733,7.070900,7.350500,7.350500,6.883800,7.350500,0.055165,3,2760.859255,2762.463917,2767.665639,2767.665639,2752.448209,2767.665639,59.823747,3,5070.333333,5067.000000,5086.000000,5086.000000,5058.000000,5086.000000,204.333333,3,2.000000,2.000000,2.000000,2.000000,2.000000,2.000000,0.000000,3,236.396667,235.050000,241.215000,241.215000,232.925000,241.215000,18.541158,3,242.786667,242.570000,248.290000,248.290000,237.500000,248.290000,29.141233,3,5198699997.333333,5112084824.000000,5388036472.000000,5388036472.000000,5095978696.000000,5388036472.000000,26951077319189080.000000,3,5198699997.333333,5112084824.000000,5388036472.000000,5388036472.000000,5095978696.000000,5388036472.000000,26951077319189080.000000,3,85445643.000000,85443596.000000,85450598.000000,85450598.000000,85442735.000000,85450598.000000,18599349.000000,3,11699.666667,11581.000000,13069.000000,13069.000000,10449.000000,13069.000000,1726661.333333
"opensearch","Faiss","HNSW","{""ef_construction"":128,""space_type"":""cosinesimil"",""method"":""hnsw"",""engine"":""faiss"",""dimension"":1024,""m"":16}","{""ef_search"":120}",10000,10,10,1,5,"{""javaVersion"":""21.0.11"",""os"":""Windows 11 10.0 amd64"",""resourceSampling"":""capture-window-contained-in-search-window"",""minimumMeasurementTimeMs"":5000,""protocol"":""search-parameter-sweep-v1"",""referenceRecallLevels"":[0.9,0.95],""cpu"":""AMD64 Family 25 Model 33 Stepping 0, AuthenticAMD"",""documentVectorsSha256"":""cc23f095b88585453940e8fca998f8b16f9573361b0c83f021d7bb095ba9e4c6"",""queryVectorsSha256"":""d06cc81c1169e1a926fc69a835fabda560932d8834bd687893fe0da301c4cfa9"",""containerLimits"":{""vector-opensearch"":""cpuNano=4000000000,memoryBytes=8589934592,memorySwapBytes=8589934592""},""dockerServerVersion"":""29.7.2"",""springBootVersion"":""4.1.1"",""queryPartition"":{""evaluationIdsSha256"":""f856701d0c4b142b59ef1f22919e1e8f1c897145a9bdf88e6b18a59196a6ca25"",""calibrationQueries"":100,""method"":""query-type-stratified-sha256"",""evaluationQueries"":200,""calibrationIdsSha256"":""8b3e0cf00bea0503372f6e0e968ec87a831d597ac5132d0e7ae30ade95164508""},""queryDefinitionsSha256"":""e9e52e8cd2ce129bb91205fa1a08f2baf2d4ca8bd28fe9c42299eefdb99ada18"",""availableProcessors"":16,""metric"":""COSINE"",""declaredVectorDbBudget"":{""memoryBytes"":8589934592,""cpuCores"":4.0},""physicalMemoryBytes"":51460743168}",3,"[1,2,3]",3,0.976976,0.971134,0.989175,0.989175,0.970619,0.989175,0.000112,3,3.676043,3.678002,3.681119,3.681119,3.669008,3.681119,0.000040,3,3.479233,3.473800,3.492300,3.492300,3.471600,3.492300,0.000129,3,5.173700,5.177700,5.206300,5.206300,5.137100,5.206300,0.001209,3,7.134833,7.058500,7.369600,7.369600,6.976400,7.369600,0.043022,3,2705.467292,2703.717380,2710.467879,2710.467879,2702.216617,2710.467879,19.317478,3,5174.333333,5178.000000,5180.000000,5180.000000,5165.000000,5180.000000,66.333333,3,2.000000,2.000000,2.000000,2.000000,2.000000,2.000000,0.000000,3,259.045000,260.120000,262.370000,262.370000,254.645000,262.370000,15.785625,3,267.703333,273.510000,274.440000,274.440000,255.160000,274.440000,118.217633,3,5200310610.000000,5112084824.000000,5388036472.000000,5388036472.000000,5100810534.000000,5388036472.000000,26462526851483308.000000,3,5200489567.000000,5112084824.000000,5388036472.000000,5388036472.000000,5101347405.000000,5388036472.000000,26409204223004656.000000,3,85445643.000000,85443596.000000,85450598.000000,85450598.000000,85442735.000000,85450598.000000,18599349.000000,3,11699.666667,11581.000000,13069.000000,13069.000000,10449.000000,13069.000000,1726661.333333
"opensearch","Faiss","HNSW","{""ef_construction"":128,""space_type"":""cosinesimil"",""method"":""hnsw"",""engine"":""faiss"",""dimension"":1024,""m"":16}","{""ef_search"":200}",10000,10,10,1,5,"{""javaVersion"":""21.0.11"",""os"":""Windows 11 10.0 amd64"",""resourceSampling"":""capture-window-contained-in-search-window"",""minimumMeasurementTimeMs"":5000,""protocol"":""search-parameter-sweep-v1"",""referenceRecallLevels"":[0.9,0.95],""cpu"":""AMD64 Family 25 Model 33 Stepping 0, AuthenticAMD"",""documentVectorsSha256"":""cc23f095b88585453940e8fca998f8b16f9573361b0c83f021d7bb095ba9e4c6"",""queryVectorsSha256"":""d06cc81c1169e1a926fc69a835fabda560932d8834bd687893fe0da301c4cfa9"",""containerLimits"":{""vector-opensearch"":""cpuNano=4000000000,memoryBytes=8589934592,memorySwapBytes=8589934592""},""dockerServerVersion"":""29.7.2"",""springBootVersion"":""4.1.1"",""queryPartition"":{""evaluationIdsSha256"":""f856701d0c4b142b59ef1f22919e1e8f1c897145a9bdf88e6b18a59196a6ca25"",""calibrationQueries"":100,""method"":""query-type-stratified-sha256"",""evaluationQueries"":200,""calibrationIdsSha256"":""8b3e0cf00bea0503372f6e0e968ec87a831d597ac5132d0e7ae30ade95164508""},""queryDefinitionsSha256"":""e9e52e8cd2ce129bb91205fa1a08f2baf2d4ca8bd28fe9c42299eefdb99ada18"",""availableProcessors"":16,""metric"":""COSINE"",""declaredVectorDbBudget"":{""memoryBytes"":8589934592,""cpuCores"":4.0},""physicalMemoryBytes"":51460743168}",3,"[1,2,3]",3,0.986254,0.985052,0.990206,0.990206,0.983505,0.990206,0.000012,3,3.731784,3.757575,3.770406,3.770406,3.667372,3.770406,0.003153,3,3.548167,3.565600,3.587900,3.587900,3.491000,3.587900,0.002575,3,5.144300,5.175900,5.214300,5.214300,5.042700,5.214300,0.008111,3,7.010867,7.129200,7.147300,7.147300,6.756100,7.147300,0.048761,3,2665.908620,2647.571624,2711.173445,2711.173445,2638.980792,2711.173445,1555.128851,3,5251.666667,5287.000000,5305.000000,5305.000000,5163.000000,5305.000000,5977.333333,3,2.000000,2.000000,2.000000,2.000000,2.000000,2.000000,0.000000,3,272.208333,269.030000,281.005000,281.005000,266.590000,281.005000,59.524408,3,275.873333,273.830000,282.220000,282.220000,271.570000,282.220000,31.487033,3,5200847481.000000,5112084824.000000,5389110214.000000,5389110214.000000,5101347405.000000,5389110214.000000,26610965519167356.000000,3,5200847481.000000,5112084824.000000,5389110214.000000,5389110214.000000,5101347405.000000,5389110214.000000,26610965519167356.000000,3,85445643.000000,85443596.000000,85450598.000000,85450598.000000,85442735.000000,85450598.000000,18599349.000000,3,11699.666667,11581.000000,13069.000000,13069.000000,10449.000000,13069.000000,1726661.333333
"opensearch","Faiss","HNSW","{""ef_construction"":128,""space_type"":""cosinesimil"",""method"":""hnsw"",""engine"":""faiss"",""dimension"":1024,""m"":16}","{""ef_search"":400}",10000,10,10,1,5,"{""javaVersion"":""21.0.11"",""os"":""Windows 11 10.0 amd64"",""resourceSampling"":""capture-window-contained-in-search-window"",""minimumMeasurementTimeMs"":5000,""protocol"":""search-parameter-sweep-v1"",""referenceRecallLevels"":[0.9,0.95],""cpu"":""AMD64 Family 25 Model 33 Stepping 0, AuthenticAMD"",""documentVectorsSha256"":""cc23f095b88585453940e8fca998f8b16f9573361b0c83f021d7bb095ba9e4c6"",""queryVectorsSha256"":""d06cc81c1169e1a926fc69a835fabda560932d8834bd687893fe0da301c4cfa9"",""containerLimits"":{""vector-opensearch"":""cpuNano=4000000000,memoryBytes=8589934592,memorySwapBytes=8589934592""},""dockerServerVersion"":""29.7.2"",""springBootVersion"":""4.1.1"",""queryPartition"":{""evaluationIdsSha256"":""f856701d0c4b142b59ef1f22919e1e8f1c897145a9bdf88e6b18a59196a6ca25"",""calibrationQueries"":100,""method"":""query-type-stratified-sha256"",""evaluationQueries"":200,""calibrationIdsSha256"":""8b3e0cf00bea0503372f6e0e968ec87a831d597ac5132d0e7ae30ade95164508""},""queryDefinitionsSha256"":""e9e52e8cd2ce129bb91205fa1a08f2baf2d4ca8bd28fe9c42299eefdb99ada18"",""availableProcessors"":16,""metric"":""COSINE"",""declaredVectorDbBudget"":{""memoryBytes"":8589934592,""cpuCores"":4.0},""physicalMemoryBytes"":51460743168}",3,"[1,2,3]",3,0.988488,0.989175,0.990722,0.990722,0.985567,0.990722,0.000007,3,3.939163,3.979825,4.002356,4.002356,3.835309,4.002356,0.008216,3,3.785600,3.821700,3.849400,3.849400,3.685700,3.849400,0.007677,3,5.341533,5.417400,5.437800,5.437800,5.169400,5.437800,0.022326,3,7.242533,7.112400,7.505100,7.505100,7.110100,7.505100,0.051707,3,2523.481884,2498.473145,2587.345088,2587.345088,2484.627419,2587.345088,3106.807671,3,5153.000000,5203.000000,5232.000000,5232.000000,5024.000000,5232.000000,12691.000000,3,2.000000,2.000000,2.000000,2.000000,2.000000,2.000000,0.000000,3,325.766667,324.580000,337.265000,337.265000,315.455000,337.265000,119.975158,3,327.330000,326.490000,339.700000,339.700000,315.800000,339.700000,143.331700,3,5202100179.666667,5112084824.000000,5393405181.000000,5393405181.000000,5100810534.000000,5393405181.000000,27479980055111024.000000,3,5202279136.666667,5112084824.000000,5393405181.000000,5393405181.000000,5101347405.000000,5393405181.000000,27425696658575864.000000,3,85445643.000000,85443596.000000,85450598.000000,85450598.000000,85442735.000000,85450598.000000,18599349.000000,3,11699.666667,11581.000000,13069.000000,13069.000000,10449.000000,13069.000000,1726661.333333
"opensearch","Faiss","HNSW","{""ef_construction"":128,""space_type"":""cosinesimil"",""method"":""hnsw"",""engine"":""faiss"",""dimension"":1024,""m"":16}","{""ef_search"":800}",10000,10,10,1,5,"{""javaVersion"":""21.0.11"",""os"":""Windows 11 10.0 amd64"",""resourceSampling"":""capture-window-contained-in-search-window"",""minimumMeasurementTimeMs"":5000,""protocol"":""search-parameter-sweep-v1"",""referenceRecallLevels"":[0.9,0.95],""cpu"":""AMD64 Family 25 Model 33 Stepping 0, AuthenticAMD"",""documentVectorsSha256"":""cc23f095b88585453940e8fca998f8b16f9573361b0c83f021d7bb095ba9e4c6"",""queryVectorsSha256"":""d06cc81c1169e1a926fc69a835fabda560932d8834bd687893fe0da301c4cfa9"",""containerLimits"":{""vector-opensearch"":""cpuNano=4000000000,memoryBytes=8589934592,memorySwapBytes=8589934592""},""dockerServerVersion"":""29.7.2"",""springBootVersion"":""4.1.1"",""queryPartition"":{""evaluationIdsSha256"":""f856701d0c4b142b59ef1f22919e1e8f1c897145a9bdf88e6b18a59196a6ca25"",""calibrationQueries"":100,""method"":""query-type-stratified-sha256"",""evaluationQueries"":200,""calibrationIdsSha256"":""8b3e0cf00bea0503372f6e0e968ec87a831d597ac5132d0e7ae30ade95164508""},""queryDefinitionsSha256"":""e9e52e8cd2ce129bb91205fa1a08f2baf2d4ca8bd28fe9c42299eefdb99ada18"",""availableProcessors"":16,""metric"":""COSINE"",""declaredVectorDbBudget"":{""memoryBytes"":8589934592,""cpuCores"":4.0},""physicalMemoryBytes"":51460743168}",3,"[1,2,3]",3,0.989175,0.989691,0.991753,0.991753,0.986082,0.991753,0.000008,3,5.206384,5.288159,5.326272,5.326272,5.004719,5.326272,0.030864,3,4.494133,4.477300,4.561600,4.561600,4.443500,4.561600,0.003699,3,10.611633,10.946000,12.532800,12.532800,8.356100,12.532800,4.445057,3,19.306967,20.431700,20.876100,20.876100,16.613100,20.876100,5.492061,3,1912.361091,1882.582643,1989.180964,1989.180964,1865.319667,1989.180964,4500.472219,3,5233.000000,5311.000000,5361.000000,5361.000000,5027.000000,5361.000000,32452.000000,3,2.000000,2.000000,2.000000,2.000000,2.000000,2.000000,0.000000,3,391.483333,391.880000,391.975000,391.975000,390.595000,391.975000,0.594108,3,394.653333,394.930000,397.140000,397.140000,391.890000,397.140000,6.948033,3,5204784534.000000,5120137887.000000,5393405181.000000,5393405181.000000,5100810534.000000,5393405181.000000,26776697999520610.000000,3,5205142448.000000,5120674758.000000,5393405181.000000,5393405181.000000,5101347405.000000,5393405181.000000,26675529120968616.000000,3,85445643.000000,85443596.000000,85450598.000000,85450598.000000,85442735.000000,85450598.000000,18599349.000000,3,11699.666667,11581.000000,13069.000000,13069.000000,10449.000000,13069.000000,1726661.333333
"opensearch","Faiss","HNSW","{""ef_construction"":128,""space_type"":""cosinesimil"",""method"":""hnsw"",""engine"":""faiss"",""dimension"":1024,""m"":16}","{""ef_search"":1000}",10000,10,10,1,5,"{""javaVersion"":""21.0.11"",""os"":""Windows 11 10.0 amd64"",""resourceSampling"":""capture-window-contained-in-search-window"",""minimumMeasurementTimeMs"":5000,""protocol"":""search-parameter-sweep-v1"",""referenceRecallLevels"":[0.9,0.95],""cpu"":""AMD64 Family 25 Model 33 Stepping 0, AuthenticAMD"",""documentVectorsSha256"":""cc23f095b88585453940e8fca998f8b16f9573361b0c83f021d7bb095ba9e4c6"",""queryVectorsSha256"":""d06cc81c1169e1a926fc69a835fabda560932d8834bd687893fe0da301c4cfa9"",""containerLimits"":{""vector-opensearch"":""cpuNano=4000000000,memoryBytes=8589934592,memorySwapBytes=8589934592""},""dockerServerVersion"":""29.7.2"",""springBootVersion"":""4.1.1"",""queryPartition"":{""evaluationIdsSha256"":""f856701d0c4b142b59ef1f22919e1e8f1c897145a9bdf88e6b18a59196a6ca25"",""calibrationQueries"":100,""method"":""query-type-stratified-sha256"",""evaluationQueries"":200,""calibrationIdsSha256"":""8b3e0cf00bea0503372f6e0e968ec87a831d597ac5132d0e7ae30ade95164508""},""queryDefinitionsSha256"":""e9e52e8cd2ce129bb91205fa1a08f2baf2d4ca8bd28fe9c42299eefdb99ada18"",""availableProcessors"":16,""metric"":""COSINE"",""declaredVectorDbBudget"":{""memoryBytes"":8589934592,""cpuCores"":4.0},""physicalMemoryBytes"":51460743168}",3,"[1,2,3]",3,0.989347,0.990206,0.991753,0.991753,0.986082,0.991753,0.000009,3,6.059908,6.049535,6.225216,6.225216,5.904974,6.225216,0.025719,3,4.857000,4.864600,4.886900,4.886900,4.819500,4.886900,0.001179,3,20.180867,20.605000,22.741800,22.741800,17.195800,22.741800,7.824446,3,27.016600,27.214400,29.379700,29.379700,24.455700,29.379700,6.090788,3,1640.355116,1643.477293,1686.201751,1686.201751,1591.386303,1686.201751,2254.803277,3,5280.000000,5337.000000,5476.000000,5476.000000,5027.000000,5476.000000,52837.000000,3,2.000000,2.000000,2.000000,2.000000,2.000000,2.000000,0.000000,3,389.488333,389.765000,390.035000,390.035000,388.665000,390.035000,0.526633,3,390.516667,391.100000,391.530000,391.530000,388.920000,391.530000,1.958233,3,5204784534.000000,5120137887.000000,5393405181.000000,5393405181.000000,5100810534.000000,5393405181.000000,26776697999520610.000000,3,5205142448.000000,5120674758.000000,5393405181.000000,5393405181.000000,5101347405.000000,5393405181.000000,26675529120968616.000000,3,85445643.000000,85443596.000000,85450598.000000,85450598.000000,85442735.000000,85450598.000000,18599349.000000,3,11699.666667,11581.000000,13069.000000,13069.000000,10449.000000,13069.000000,1726661.333333
"opensearch","Faiss","IVF","{""nlist"":128,""method"":""ivf"",""engine"":""faiss"",""dimension"":1024,""space_type"":""cosinesimil""}","{""nprobes"":1}",10000,10,10,1,5,"{""javaVersion"":""21.0.11"",""os"":""Windows 11 10.0 amd64"",""resourceSampling"":""capture-window-contained-in-search-window"",""minimumMeasurementTimeMs"":5000,""protocol"":""search-parameter-sweep-v1"",""referenceRecallLevels"":[0.9,0.95],""cpu"":""AMD64 Family 25 Model 33 Stepping 0, AuthenticAMD"",""documentVectorsSha256"":""cc23f095b88585453940e8fca998f8b16f9573361b0c83f021d7bb095ba9e4c6"",""queryVectorsSha256"":""d06cc81c1169e1a926fc69a835fabda560932d8834bd687893fe0da301c4cfa9"",""dockerServerVersion"":""29.7.2"",""containerLimits"":{""vector-opensearch"":""cpuNano=4000000000,memoryBytes=8589934592,memorySwapBytes=8589934592""},""springBootVersion"":""4.1.1"",""queryPartition"":{""calibrationIdsSha256"":""8b3e0cf00bea0503372f6e0e968ec87a831d597ac5132d0e7ae30ade95164508"",""evaluationQueries"":200,""method"":""query-type-stratified-sha256"",""calibrationQueries"":100,""evaluationIdsSha256"":""f856701d0c4b142b59ef1f22919e1e8f1c897145a9bdf88e6b18a59196a6ca25""},""queryDefinitionsSha256"":""e9e52e8cd2ce129bb91205fa1a08f2baf2d4ca8bd28fe9c42299eefdb99ada18"",""availableProcessors"":16,""metric"":""COSINE"",""declaredVectorDbBudget"":{""cpuCores"":4.0,""memoryBytes"":8589934592},""physicalMemoryBytes"":51460743168}",3,"[1,2,3]",3,0.695704,0.695876,0.695876,0.695876,0.695361,0.695876,0.000000,3,6.520283,6.548684,6.560005,6.560005,6.452160,6.560005,0.003513,3,5.721333,5.746700,5.784400,5.784400,5.632900,5.784400,0.006221,3,11.478500,11.517100,11.625700,11.625700,11.292700,11.625700,0.028840,3,19.817967,19.497800,21.001600,21.001600,18.954500,21.001600,1.124535,3,1525.567045,1518.634826,1541.337972,1541.337972,1516.728338,1541.337972,187.450260,3,5243.666667,5267.000000,5274.000000,5274.000000,5190.000000,5274.000000,2172.333333,3,2.000000,2.000000,2.000000,2.000000,2.000000,2.000000,0.000000,3,378.938333,380.245000,384.225000,384.225000,372.345000,384.225000,36.564133,3,383.576667,384.500000,385.220000,385.220000,381.010000,385.220000,5.070433,3,5120674758.000000,5114769178.000000,5132485918.000000,5132485918.000000,5114769178.000000,5132485918.000000,104627625409200.000000,3,5123538070.000000,5117453533.000000,5136780886.000000,5136780886.000000,5116379791.000000,5136780886.000000,131817362178033.000000,3,84680105.666667,84680359.000000,84682495.000000,84682495.000000,84677463.000000,84682495.000000,6378389.333333,3,20167.000000,20488.000000,20515.000000,20515.000000,19498.000000,20515.000000,335853.000000
"opensearch","Faiss","IVF","{""nlist"":128,""method"":""ivf"",""engine"":""faiss"",""dimension"":1024,""space_type"":""cosinesimil""}","{""nprobes"":2}",10000,10,10,1,5,"{""javaVersion"":""21.0.11"",""os"":""Windows 11 10.0 amd64"",""resourceSampling"":""capture-window-contained-in-search-window"",""minimumMeasurementTimeMs"":5000,""protocol"":""search-parameter-sweep-v1"",""referenceRecallLevels"":[0.9,0.95],""cpu"":""AMD64 Family 25 Model 33 Stepping 0, AuthenticAMD"",""documentVectorsSha256"":""cc23f095b88585453940e8fca998f8b16f9573361b0c83f021d7bb095ba9e4c6"",""queryVectorsSha256"":""d06cc81c1169e1a926fc69a835fabda560932d8834bd687893fe0da301c4cfa9"",""dockerServerVersion"":""29.7.2"",""containerLimits"":{""vector-opensearch"":""cpuNano=4000000000,memoryBytes=8589934592,memorySwapBytes=8589934592""},""springBootVersion"":""4.1.1"",""queryPartition"":{""calibrationIdsSha256"":""8b3e0cf00bea0503372f6e0e968ec87a831d597ac5132d0e7ae30ade95164508"",""evaluationQueries"":200,""method"":""query-type-stratified-sha256"",""calibrationQueries"":100,""evaluationIdsSha256"":""f856701d0c4b142b59ef1f22919e1e8f1c897145a9bdf88e6b18a59196a6ca25""},""queryDefinitionsSha256"":""e9e52e8cd2ce129bb91205fa1a08f2baf2d4ca8bd28fe9c42299eefdb99ada18"",""availableProcessors"":16,""metric"":""COSINE"",""declaredVectorDbBudget"":{""cpuCores"":4.0,""memoryBytes"":8589934592},""physicalMemoryBytes"":51460743168}",3,"[1,2,3]",3,0.813746,0.813918,0.813918,0.813918,0.813402,0.813918,0.000000,3,4.019114,4.016222,4.037766,4.037766,4.003353,4.037766,0.000302,3,3.772533,3.775500,3.781300,3.781300,3.760800,3.781300,0.000112,3,6.074767,6.010300,6.266000,6.266000,5.948000,6.266000,0.028398,3,8.205100,7.905000,8.854300,8.854300,7.856000,8.854300,0.316696,3,2474.839389,2477.121921,2483.906863,2483.906863,2463.489382,2483.906863,108.125850,3,5252.666667,5248.000000,5277.000000,5277.000000,5233.000000,5277.000000,500.333333,3,2.000000,2.000000,2.000000,2.000000,2.000000,2.000000,0.000000,3,306.941667,308.465000,336.930000,336.930000,275.430000,336.930000,947.302908,3,316.730000,322.940000,344.630000,344.630000,282.620000,344.630000,990.233100,3,5133022789.000000,5128190951.000000,5143760207.000000,5143760207.000000,5127117209.000000,5143760207.000000,86757339450684.000000,3,5133559660.000000,5128190951.000000,5144297078.000000,5144297078.000000,5128190951.000000,5144297078.000000,86469108980043.000000,3,84680105.666667,84680359.000000,84682495.000000,84682495.000000,84677463.000000,84682495.000000,6378389.333333,3,20167.000000,20488.000000,20515.000000,20515.000000,19498.000000,20515.000000,335853.000000
"opensearch","Faiss","IVF","{""nlist"":128,""method"":""ivf"",""engine"":""faiss"",""dimension"":1024,""space_type"":""cosinesimil""}","{""nprobes"":4}",10000,10,10,1,5,"{""javaVersion"":""21.0.11"",""os"":""Windows 11 10.0 amd64"",""resourceSampling"":""capture-window-contained-in-search-window"",""minimumMeasurementTimeMs"":5000,""protocol"":""search-parameter-sweep-v1"",""referenceRecallLevels"":[0.9,0.95],""cpu"":""AMD64 Family 25 Model 33 Stepping 0, AuthenticAMD"",""documentVectorsSha256"":""cc23f095b88585453940e8fca998f8b16f9573361b0c83f021d7bb095ba9e4c6"",""queryVectorsSha256"":""d06cc81c1169e1a926fc69a835fabda560932d8834bd687893fe0da301c4cfa9"",""dockerServerVersion"":""29.7.2"",""containerLimits"":{""vector-opensearch"":""cpuNano=4000000000,memoryBytes=8589934592,memorySwapBytes=8589934592""},""springBootVersion"":""4.1.1"",""queryPartition"":{""calibrationIdsSha256"":""8b3e0cf00bea0503372f6e0e968ec87a831d597ac5132d0e7ae30ade95164508"",""evaluationQueries"":200,""method"":""query-type-stratified-sha256"",""calibrationQueries"":100,""evaluationIdsSha256"":""f856701d0c4b142b59ef1f22919e1e8f1c897145a9bdf88e6b18a59196a6ca25""},""queryDefinitionsSha256"":""e9e52e8cd2ce129bb91205fa1a08f2baf2d4ca8bd28fe9c42299eefdb99ada18"",""availableProcessors"":16,""metric"":""COSINE"",""declaredVectorDbBudget"":{""cpuCores"":4.0,""memoryBytes"":8589934592},""physicalMemoryBytes"":51460743168}",3,"[1,2,3]",3,0.912715,0.912887,0.912887,0.912887,0.912371,0.912887,0.000000,3,3.598948,3.628303,3.642387,3.642387,3.526154,3.642387,0.004024,3,3.392433,3.418400,3.431900,3.431900,3.327000,3.431900,0.003257,3,5.169167,5.206100,5.282100,5.282100,5.019300,5.282100,0.018289,3,7.352533,7.379100,7.482300,7.482300,7.196200,7.482300,0.020993,3,2762.999500,2740.029093,2818.656174,2818.656174,2730.313232,2818.656174,2346.848531,3,5185.666667,5127.000000,5321.000000,5321.000000,5109.000000,5321.000000,13817.333333,3,2.000000,2.000000,2.000000,2.000000,2.000000,2.000000,0.000000,3,232.180000,233.875000,235.880000,235.880000,226.785000,235.880000,22.834525,3,234.636667,238.190000,238.910000,238.910000,226.810000,238.910000,46.072133,3,5136422971.666667,5136244015.000000,5144833949.000000,5144833949.000000,5128190951.000000,5144833949.000000,69271364723409.336000,3,5136780885.666667,5136780886.000000,5145370820.000000,5145370820.000000,5128190951.000000,5145370820.000000,73786974714290.330000,3,84680105.666667,84680359.000000,84682495.000000,84682495.000000,84677463.000000,84682495.000000,6378389.333333,3,20167.000000,20488.000000,20515.000000,20515.000000,19498.000000,20515.000000,335853.000000
"opensearch","Faiss","IVF","{""nlist"":128,""method"":""ivf"",""engine"":""faiss"",""dimension"":1024,""space_type"":""cosinesimil""}","{""nprobes"":8}",10000,10,10,1,5,"{""javaVersion"":""21.0.11"",""os"":""Windows 11 10.0 amd64"",""resourceSampling"":""capture-window-contained-in-search-window"",""minimumMeasurementTimeMs"":5000,""protocol"":""search-parameter-sweep-v1"",""referenceRecallLevels"":[0.9,0.95],""cpu"":""AMD64 Family 25 Model 33 Stepping 0, AuthenticAMD"",""documentVectorsSha256"":""cc23f095b88585453940e8fca998f8b16f9573361b0c83f021d7bb095ba9e4c6"",""queryVectorsSha256"":""d06cc81c1169e1a926fc69a835fabda560932d8834bd687893fe0da301c4cfa9"",""dockerServerVersion"":""29.7.2"",""containerLimits"":{""vector-opensearch"":""cpuNano=4000000000,memoryBytes=8589934592,memorySwapBytes=8589934592""},""springBootVersion"":""4.1.1"",""queryPartition"":{""calibrationIdsSha256"":""8b3e0cf00bea0503372f6e0e968ec87a831d597ac5132d0e7ae30ade95164508"",""evaluationQueries"":200,""method"":""query-type-stratified-sha256"",""calibrationQueries"":100,""evaluationIdsSha256"":""f856701d0c4b142b59ef1f22919e1e8f1c897145a9bdf88e6b18a59196a6ca25""},""queryDefinitionsSha256"":""e9e52e8cd2ce129bb91205fa1a08f2baf2d4ca8bd28fe9c42299eefdb99ada18"",""availableProcessors"":16,""metric"":""COSINE"",""declaredVectorDbBudget"":{""cpuCores"":4.0,""memoryBytes"":8589934592},""physicalMemoryBytes"":51460743168}",3,"[1,2,3]",3,0.956014,0.956186,0.956186,0.956186,0.955670,0.956186,0.000000,3,3.684039,3.679129,3.806500,3.806500,3.566487,3.806500,0.014420,3,3.487367,3.466400,3.604400,3.604400,3.391300,3.604400,0.011683,3,5.235700,5.277000,5.435900,5.435900,4.994200,5.435900,0.050054,3,7.323700,7.430300,7.648500,7.648500,6.892300,7.648500,0.151482,3,2699.578704,2697.128758,2788.841888,2788.841888,2612.765464,2788.841888,7755.228428,3,5308.666667,5358.000000,5378.000000,5378.000000,5190.000000,5378.000000,10661.333333,3,2.000000,2.000000,2.000000,2.000000,2.000000,2.000000,0.000000,3,245.950000,244.920000,252.240000,252.240000,240.690000,252.240000,34.146300,3,255.030000,253.600000,270.710000,270.710000,240.780000,270.710000,225.484900,3,5137496713.333333,5138391498.000000,5145370820.000000,5145370820.000000,5128727822.000000,5145370820.000000,69847825306777.336000,3,5138212541.333333,5140002111.000000,5145370820.000000,5145370820.000000,5129264693.000000,5145370820.000000,67253751428922.336000,3,84680105.666667,84680359.000000,84682495.000000,84682495.000000,84677463.000000,84682495.000000,6378389.333333,3,20167.000000,20488.000000,20515.000000,20515.000000,19498.000000,20515.000000,335853.000000
"opensearch","Faiss","IVF","{""nlist"":128,""method"":""ivf"",""engine"":""faiss"",""dimension"":1024,""space_type"":""cosinesimil""}","{""nprobes"":16}",10000,10,10,1,5,"{""javaVersion"":""21.0.11"",""os"":""Windows 11 10.0 amd64"",""resourceSampling"":""capture-window-contained-in-search-window"",""minimumMeasurementTimeMs"":5000,""protocol"":""search-parameter-sweep-v1"",""referenceRecallLevels"":[0.9,0.95],""cpu"":""AMD64 Family 25 Model 33 Stepping 0, AuthenticAMD"",""documentVectorsSha256"":""cc23f095b88585453940e8fca998f8b16f9573361b0c83f021d7bb095ba9e4c6"",""queryVectorsSha256"":""d06cc81c1169e1a926fc69a835fabda560932d8834bd687893fe0da301c4cfa9"",""dockerServerVersion"":""29.7.2"",""containerLimits"":{""vector-opensearch"":""cpuNano=4000000000,memoryBytes=8589934592,memorySwapBytes=8589934592""},""springBootVersion"":""4.1.1"",""queryPartition"":{""calibrationIdsSha256"":""8b3e0cf00bea0503372f6e0e968ec87a831d597ac5132d0e7ae30ade95164508"",""evaluationQueries"":200,""method"":""query-type-stratified-sha256"",""calibrationQueries"":100,""evaluationIdsSha256"":""f856701d0c4b142b59ef1f22919e1e8f1c897145a9bdf88e6b18a59196a6ca25""},""queryDefinitionsSha256"":""e9e52e8cd2ce129bb91205fa1a08f2baf2d4ca8bd28fe9c42299eefdb99ada18"",""availableProcessors"":16,""metric"":""COSINE"",""declaredVectorDbBudget"":{""cpuCores"":4.0,""memoryBytes"":8589934592},""physicalMemoryBytes"":51460743168}",3,"[1,2,3]",3,0.969416,0.969588,0.969588,0.969588,0.969072,0.969588,0.000000,3,3.885053,3.886419,3.920551,3.920551,3.848188,3.920551,0.001310,3,3.719633,3.718400,3.753500,3.753500,3.687000,3.753500,0.001107,3,5.409933,5.436800,5.459100,5.459100,5.333900,5.459100,0.004460,3,7.286867,7.252000,7.429900,7.429900,7.178700,7.429900,0.016687,3,2558.790032,2556.938547,2584.523871,2584.523871,2534.907677,2584.523871,618.012666,3,5080.333333,5084.000000,5128.000000,5128.000000,5029.000000,5128.000000,2460.333333,3,2.000000,2.000000,2.000000,2.000000,2.000000,2.000000,0.000000,3,284.916667,284.770000,288.620000,288.620000,281.360000,288.620000,13.193033,3,288.613333,288.740000,289.980000,289.980000,287.120000,289.980000,2.056933,3,5137854627.333333,5140002111.000000,5145370820.000000,5145370820.000000,5128190951.000000,5145370820.000000,77245739288240.340000,3,5137854627.333333,5140002111.000000,5145370820.000000,5145370820.000000,5128190951.000000,5145370820.000000,77245739288240.340000,3,84680105.666667,84680359.000000,84682495.000000,84682495.000000,84677463.000000,84682495.000000,6378389.333333,3,20167.000000,20488.000000,20515.000000,20515.000000,19498.000000,20515.000000,335853.000000
"opensearch","Faiss","IVF","{""nlist"":128,""method"":""ivf"",""engine"":""faiss"",""dimension"":1024,""space_type"":""cosinesimil""}","{""nprobes"":32}",10000,10,10,1,5,"{""javaVersion"":""21.0.11"",""os"":""Windows 11 10.0 amd64"",""resourceSampling"":""capture-window-contained-in-search-window"",""minimumMeasurementTimeMs"":5000,""protocol"":""search-parameter-sweep-v1"",""referenceRecallLevels"":[0.9,0.95],""cpu"":""AMD64 Family 25 Model 33 Stepping 0, AuthenticAMD"",""documentVectorsSha256"":""cc23f095b88585453940e8fca998f8b16f9573361b0c83f021d7bb095ba9e4c6"",""queryVectorsSha256"":""d06cc81c1169e1a926fc69a835fabda560932d8834bd687893fe0da301c4cfa9"",""dockerServerVersion"":""29.7.2"",""containerLimits"":{""vector-opensearch"":""cpuNano=4000000000,memoryBytes=8589934592,memorySwapBytes=8589934592""},""springBootVersion"":""4.1.1"",""queryPartition"":{""calibrationIdsSha256"":""8b3e0cf00bea0503372f6e0e968ec87a831d597ac5132d0e7ae30ade95164508"",""evaluationQueries"":200,""method"":""query-type-stratified-sha256"",""calibrationQueries"":100,""evaluationIdsSha256"":""f856701d0c4b142b59ef1f22919e1e8f1c897145a9bdf88e6b18a59196a6ca25""},""queryDefinitionsSha256"":""e9e52e8cd2ce129bb91205fa1a08f2baf2d4ca8bd28fe9c42299eefdb99ada18"",""availableProcessors"":16,""metric"":""COSINE"",""declaredVectorDbBudget"":{""cpuCores"":4.0,""memoryBytes"":8589934592},""physicalMemoryBytes"":51460743168}",3,"[1,2,3]",3,0.969416,0.969588,0.969588,0.969588,0.969072,0.969588,0.000000,3,4.528907,4.550628,4.566474,4.566474,4.469618,4.566474,0.002699,3,4.350500,4.352200,4.399800,4.399800,4.299500,4.399800,0.002517,3,6.349500,6.223300,6.614900,6.614900,6.210300,6.614900,0.052870,3,8.425467,8.310700,8.720100,8.720100,8.245600,8.720100,0.066166,3,2191.823746,2186.174154,2219.968954,2219.968954,2169.328130,2219.968954,665.061678,3,5168.666667,5070.000000,5405.000000,5405.000000,5031.000000,5405.000000,42270.333333,3,2.000000,2.000000,2.000000,2.000000,2.000000,2.000000,0.000000,3,364.141667,358.300000,376.325000,376.325000,357.800000,376.325000,111.387708,3,367.043333,363.140000,378.660000,378.660000,359.330000,378.660000,104.839233,3,5139286283.000000,5140002111.000000,5149128916.000000,5149128916.000000,5128727822.000000,5149128916.000000,104435466393397.000000,3,5139644197.000000,5140002111.000000,5149665787.000000,5149665787.000000,5129264693.000000,5149665787.000000,104147235922756.000000,3,84680105.666667,84680359.000000,84682495.000000,84682495.000000,84677463.000000,84682495.000000,6378389.333333,3,20167.000000,20488.000000,20515.000000,20515.000000,19498.000000,20515.000000,335853.000000
"opensearch","Faiss","IVF","{""nlist"":128,""method"":""ivf"",""engine"":""faiss"",""dimension"":1024,""space_type"":""cosinesimil""}","{""nprobes"":64}",10000,10,10,1,5,"{""javaVersion"":""21.0.11"",""os"":""Windows 11 10.0 amd64"",""resourceSampling"":""capture-window-contained-in-search-window"",""minimumMeasurementTimeMs"":5000,""protocol"":""search-parameter-sweep-v1"",""referenceRecallLevels"":[0.9,0.95],""cpu"":""AMD64 Family 25 Model 33 Stepping 0, AuthenticAMD"",""documentVectorsSha256"":""cc23f095b88585453940e8fca998f8b16f9573361b0c83f021d7bb095ba9e4c6"",""queryVectorsSha256"":""d06cc81c1169e1a926fc69a835fabda560932d8834bd687893fe0da301c4cfa9"",""dockerServerVersion"":""29.7.2"",""containerLimits"":{""vector-opensearch"":""cpuNano=4000000000,memoryBytes=8589934592,memorySwapBytes=8589934592""},""springBootVersion"":""4.1.1"",""queryPartition"":{""calibrationIdsSha256"":""8b3e0cf00bea0503372f6e0e968ec87a831d597ac5132d0e7ae30ade95164508"",""evaluationQueries"":200,""method"":""query-type-stratified-sha256"",""calibrationQueries"":100,""evaluationIdsSha256"":""f856701d0c4b142b59ef1f22919e1e8f1c897145a9bdf88e6b18a59196a6ca25""},""queryDefinitionsSha256"":""e9e52e8cd2ce129bb91205fa1a08f2baf2d4ca8bd28fe9c42299eefdb99ada18"",""availableProcessors"":16,""metric"":""COSINE"",""declaredVectorDbBudget"":{""cpuCores"":4.0,""memoryBytes"":8589934592},""physicalMemoryBytes"":51460743168}",3,"[1,2,3]",3,0.969416,0.969588,0.969588,0.969588,0.969072,0.969588,0.000000,3,7.524001,7.527979,7.968906,7.968906,7.075119,7.968906,0.199726,3,6.236267,6.180200,6.558800,6.558800,5.969800,6.558800,0.089088,3,20.545967,21.861500,24.097300,24.097300,15.679100,24.097300,19.014494,3,27.366367,29.312900,30.162800,30.162800,22.623400,30.162800,17.052382,3,1326.935336,1323.446758,1407.259241,1407.259241,1250.100008,1407.259241,6183.883782,3,5524.000000,5599.000000,5684.000000,5684.000000,5289.000000,5684.000000,43225.000000,3,2.000000,2.000000,2.000000,2.000000,2.000000,2.000000,0.000000,3,391.520000,391.150000,394.475000,394.475000,388.935000,394.475000,7.775575,3,393.240000,393.260000,396.110000,396.110000,390.350000,396.110000,8.294700,3,5139286283.333333,5140002111.000000,5148592046.000000,5148592046.000000,5129264693.000000,5148592046.000000,93770950432926.340000,3,5139286283.333333,5140002111.000000,5148592046.000000,5148592046.000000,5129264693.000000,5148592046.000000,93770950432926.340000,3,84680105.666667,84680359.000000,84682495.000000,84682495.000000,84677463.000000,84682495.000000,6378389.333333,3,20167.000000,20488.000000,20515.000000,20515.000000,19498.000000,20515.000000,335853.000000
"opensearch","Faiss","IVF","{""nlist"":128,""method"":""ivf"",""engine"":""faiss"",""dimension"":1024,""space_type"":""cosinesimil""}","{""nprobes"":96}",10000,10,10,1,5,"{""javaVersion"":""21.0.11"",""os"":""Windows 11 10.0 amd64"",""resourceSampling"":""capture-window-contained-in-search-window"",""minimumMeasurementTimeMs"":5000,""protocol"":""search-parameter-sweep-v1"",""referenceRecallLevels"":[0.9,0.95],""cpu"":""AMD64 Family 25 Model 33 Stepping 0, AuthenticAMD"",""documentVectorsSha256"":""cc23f095b88585453940e8fca998f8b16f9573361b0c83f021d7bb095ba9e4c6"",""queryVectorsSha256"":""d06cc81c1169e1a926fc69a835fabda560932d8834bd687893fe0da301c4cfa9"",""dockerServerVersion"":""29.7.2"",""containerLimits"":{""vector-opensearch"":""cpuNano=4000000000,memoryBytes=8589934592,memorySwapBytes=8589934592""},""springBootVersion"":""4.1.1"",""queryPartition"":{""calibrationIdsSha256"":""8b3e0cf00bea0503372f6e0e968ec87a831d597ac5132d0e7ae30ade95164508"",""evaluationQueries"":200,""method"":""query-type-stratified-sha256"",""calibrationQueries"":100,""evaluationIdsSha256"":""f856701d0c4b142b59ef1f22919e1e8f1c897145a9bdf88e6b18a59196a6ca25""},""queryDefinitionsSha256"":""e9e52e8cd2ce129bb91205fa1a08f2baf2d4ca8bd28fe9c42299eefdb99ada18"",""availableProcessors"":16,""metric"":""COSINE"",""declaredVectorDbBudget"":{""cpuCores"":4.0,""memoryBytes"":8589934592},""physicalMemoryBytes"":51460743168}",3,"[1,2,3]",3,0.969416,0.969588,0.969588,0.969588,0.969072,0.969588,0.000000,3,10.246251,10.209959,10.446744,10.446744,10.082050,10.446744,0.034238,3,7.810000,7.815200,8.058500,8.058500,7.556300,8.058500,0.063071,3,31.696200,31.572100,34.917900,34.917900,28.598600,34.917900,9.994939,3,37.123433,37.066300,39.442100,39.442100,34.861900,39.442100,5.247006,3,972.775026,975.723568,988.174467,988.174467,954.427044,988.174467,291.242560,3,5477.666667,5238.000000,6071.000000,6071.000000,5124.000000,6071.000000,267282.333333,3,2.333333,2.000000,3.000000,3.000000,2.000000,3.000000,0.333333,3,392.915556,394.610000,396.166667,396.166667,387.970000,396.166667,18.949693,3,393.793333,395.920000,396.540000,396.540000,388.920000,396.540000,17.908133,3,5139405587.666667,5140002111.000000,5148949959.000000,5148949959.000000,5129264693.000000,5148949959.000000,97144304438097.340000,3,5139644197.000000,5140002111.000000,5149665787.000000,5149665787.000000,5129264693.000000,5149665787.000000,104147235922756.000000,3,84680105.666667,84680359.000000,84682495.000000,84682495.000000,84677463.000000,84682495.000000,6378389.333333,3,20167.000000,20488.000000,20515.000000,20515.000000,19498.000000,20515.000000,335853.000000
"opensearch","Faiss","IVF","{""nlist"":128,""method"":""ivf"",""engine"":""faiss"",""dimension"":1024,""space_type"":""cosinesimil""}","{""nprobes"":128}",10000,10,10,1,5,"{""javaVersion"":""21.0.11"",""os"":""Windows 11 10.0 amd64"",""resourceSampling"":""capture-window-contained-in-search-window"",""minimumMeasurementTimeMs"":5000,""protocol"":""search-parameter-sweep-v1"",""referenceRecallLevels"":[0.9,0.95],""cpu"":""AMD64 Family 25 Model 33 Stepping 0, AuthenticAMD"",""documentVectorsSha256"":""cc23f095b88585453940e8fca998f8b16f9573361b0c83f021d7bb095ba9e4c6"",""queryVectorsSha256"":""d06cc81c1169e1a926fc69a835fabda560932d8834bd687893fe0da301c4cfa9"",""dockerServerVersion"":""29.7.2"",""containerLimits"":{""vector-opensearch"":""cpuNano=4000000000,memoryBytes=8589934592,memorySwapBytes=8589934592""},""springBootVersion"":""4.1.1"",""queryPartition"":{""calibrationIdsSha256"":""8b3e0cf00bea0503372f6e0e968ec87a831d597ac5132d0e7ae30ade95164508"",""evaluationQueries"":200,""method"":""query-type-stratified-sha256"",""calibrationQueries"":100,""evaluationIdsSha256"":""f856701d0c4b142b59ef1f22919e1e8f1c897145a9bdf88e6b18a59196a6ca25""},""queryDefinitionsSha256"":""e9e52e8cd2ce129bb91205fa1a08f2baf2d4ca8bd28fe9c42299eefdb99ada18"",""availableProcessors"":16,""metric"":""COSINE"",""declaredVectorDbBudget"":{""cpuCores"":4.0,""memoryBytes"":8589934592},""physicalMemoryBytes"":51460743168}",3,"[1,2,3]",3,0.969416,0.969588,0.969588,0.969588,0.969072,0.969588,0.000000,3,12.093120,12.131528,12.369357,12.369357,11.778474,12.369357,0.088392,3,9.002967,9.272700,9.338300,9.338300,8.397900,9.338300,0.275655,3,36.582167,36.351000,38.609200,38.609200,34.786300,38.609200,3.693720,3,41.852267,41.640800,43.917700,43.917700,39.998300,43.917700,3.873963,3,823.694408,821.862935,844.651537,844.651537,804.568753,844.651537,404.173113,3,6072.000000,6083.000000,6214.000000,6214.000000,5919.000000,6214.000000,21847.000000,3,2.666667,3.000000,3.000000,3.000000,2.000000,3.000000,0.333333,3,395.168889,395.803333,398.150000,398.150000,391.553333,398.150000,11.180893,3,398.633333,399.800000,400.750000,400.750000,395.350000,400.750000,8.310833,3,5139524892.333333,5140002111.000000,5148949959.000000,5148949959.000000,5129622607.000000,5148949959.000000,93557437074837.340000,3,5140002111.000000,5140002111.000000,5149665787.000000,5149665787.000000,5130338435.000000,5149665787.000000,93386633832976.000000,3,84680105.666667,84680359.000000,84682495.000000,84682495.000000,84677463.000000,84682495.000000,6378389.333333,3,20167.000000,20488.000000,20515.000000,20515.000000,19498.000000,20515.000000,335853.000000
"opensearch","JVector","DiskANN","{""ef_construction"":128,""space_type"":""cosinesimil"",""method"":""disk_ann"",""engine"":""jvector"",""dimension"":1024,""m"":16}","{""candidate_k"":10}",10000,10,10,1,5,"{""javaVersion"":""21.0.11"",""os"":""Windows 11 10.0 amd64"",""resourceSampling"":""capture-window-contained-in-search-window"",""minimumMeasurementTimeMs"":5000,""protocol"":""search-parameter-sweep-v1"",""referenceRecallLevels"":[0.9,0.95],""cpu"":""AMD64 Family 25 Model 33 Stepping 0, AuthenticAMD"",""documentVectorsSha256"":""cc23f095b88585453940e8fca998f8b16f9573361b0c83f021d7bb095ba9e4c6"",""queryVectorsSha256"":""d06cc81c1169e1a926fc69a835fabda560932d8834bd687893fe0da301c4cfa9"",""dockerServerVersion"":""29.7.2"",""containerLimits"":{""vector-opensearch-jvector"":""cpuNano=4000000000,memoryBytes=8589934592,memorySwapBytes=8589934592""},""springBootVersion"":""4.1.1"",""queryPartition"":{""evaluationQueries"":200,""calibrationIdsSha256"":""8b3e0cf00bea0503372f6e0e968ec87a831d597ac5132d0e7ae30ade95164508"",""evaluationIdsSha256"":""f856701d0c4b142b59ef1f22919e1e8f1c897145a9bdf88e6b18a59196a6ca25"",""calibrationQueries"":100,""method"":""query-type-stratified-sha256""},""queryDefinitionsSha256"":""e9e52e8cd2ce129bb91205fa1a08f2baf2d4ca8bd28fe9c42299eefdb99ada18"",""availableProcessors"":16,""metric"":""COSINE"",""declaredVectorDbBudget"":{""cpuCores"":4.0,""memoryBytes"":8589934592},""physicalMemoryBytes"":51460743168}",3,"[1,2,3]",3,0.381959,0.373711,0.431959,0.431959,0.340206,0.431959,0.002156,3,8.801889,8.732706,9.149050,9.149050,8.523913,9.149050,0.101289,3,6.527733,6.540700,6.811600,6.811600,6.230900,6.811600,0.084429,3,26.017267,25.935800,26.223900,26.223900,25.892100,26.223900,0.032500,3,34.039133,34.471900,35.127700,35.127700,32.517800,35.127700,1.843360,3,1131.899151,1139.987674,1168.140396,1168.140396,1087.569383,1168.140396,1671.990192,3,5305.000000,5263.000000,5516.000000,5516.000000,5136.000000,5516.000000,37423.000000,3,2.000000,2.000000,2.000000,2.000000,2.000000,2.000000,0.000000,3,386.571667,386.155000,389.485000,389.485000,384.075000,389.485000,7.447233,3,388.290000,386.260000,392.360000,392.360000,386.250000,392.360000,12.423700,3,5025827563.333333,5022427381.000000,5051955281.000000,5051955281.000000,5003100028.000000,5051955281.000000,605379866348436.200000,3,5029764617.333333,5024037994.000000,5057323991.000000,5057323991.000000,5007931867.000000,5057323991.000000,634491139409252.200000,3,88988411.333333,88987974.000000,88990882.000000,88990882.000000,88986378.000000,88990882.000000,5214949.333333,3,25922.000000,25962.000000,26507.000000,26507.000000,25297.000000,26507.000000,367225.000000
"opensearch","JVector","DiskANN","{""ef_construction"":128,""space_type"":""cosinesimil"",""method"":""disk_ann"",""engine"":""jvector"",""dimension"":1024,""m"":16}","{""candidate_k"":20}",10000,10,10,1,5,"{""javaVersion"":""21.0.11"",""os"":""Windows 11 10.0 amd64"",""resourceSampling"":""capture-window-contained-in-search-window"",""minimumMeasurementTimeMs"":5000,""protocol"":""search-parameter-sweep-v1"",""referenceRecallLevels"":[0.9,0.95],""cpu"":""AMD64 Family 25 Model 33 Stepping 0, AuthenticAMD"",""documentVectorsSha256"":""cc23f095b88585453940e8fca998f8b16f9573361b0c83f021d7bb095ba9e4c6"",""queryVectorsSha256"":""d06cc81c1169e1a926fc69a835fabda560932d8834bd687893fe0da301c4cfa9"",""dockerServerVersion"":""29.7.2"",""containerLimits"":{""vector-opensearch-jvector"":""cpuNano=4000000000,memoryBytes=8589934592,memorySwapBytes=8589934592""},""springBootVersion"":""4.1.1"",""queryPartition"":{""evaluationQueries"":200,""calibrationIdsSha256"":""8b3e0cf00bea0503372f6e0e968ec87a831d597ac5132d0e7ae30ade95164508"",""evaluationIdsSha256"":""f856701d0c4b142b59ef1f22919e1e8f1c897145a9bdf88e6b18a59196a6ca25"",""calibrationQueries"":100,""method"":""query-type-stratified-sha256""},""queryDefinitionsSha256"":""e9e52e8cd2ce129bb91205fa1a08f2baf2d4ca8bd28fe9c42299eefdb99ada18"",""availableProcessors"":16,""metric"":""COSINE"",""declaredVectorDbBudget"":{""cpuCores"":4.0,""memoryBytes"":8589934592},""physicalMemoryBytes"":51460743168}",3,"[1,2,3]",3,0.562027,0.577835,0.602062,0.602062,0.506186,0.602062,0.002485,3,5.784547,5.882504,5.937570,5.937570,5.533569,5.937570,0.048001,3,4.544767,4.577400,4.686100,4.686100,4.370800,4.686100,0.025652,3,9.787133,9.902300,10.562300,10.562300,8.896800,10.562300,0.703420,3,34.661467,34.639600,34.905600,34.905600,34.439200,34.905600,0.054741,3,1720.958312,1688.195030,1798.672508,1798.672508,1676.007397,1798.672508,4566.756803,3,5234.333333,5331.000000,5369.000000,5369.000000,5003.000000,5369.000000,40497.333333,3,2.000000,2.000000,2.000000,2.000000,2.000000,2.000000,0.000000,3,383.875000,383.915000,387.630000,387.630000,380.080000,387.630000,14.251825,3,387.080000,385.330000,392.210000,392.210000,383.700000,392.210000,20.401900,3,5038175594.333333,5036386025.000000,5063229570.000000,5063229570.000000,5014911188.000000,5063229570.000000,586068428573586.200000,3,5039428293.333333,5039070380.000000,5063766441.000000,5063766441.000000,5015448059.000000,5063766441.000000,583762586240114.200000,3,88988411.333333,88987974.000000,88990882.000000,88990882.000000,88986378.000000,88990882.000000,5214949.333333,3,25922.000000,25962.000000,26507.000000,26507.000000,25297.000000,26507.000000,367225.000000
"opensearch","JVector","DiskANN","{""ef_construction"":128,""space_type"":""cosinesimil"",""method"":""disk_ann"",""engine"":""jvector"",""dimension"":1024,""m"":16}","{""candidate_k"":40}",10000,10,10,1,5,"{""javaVersion"":""21.0.11"",""os"":""Windows 11 10.0 amd64"",""resourceSampling"":""capture-window-contained-in-search-window"",""minimumMeasurementTimeMs"":5000,""protocol"":""search-parameter-sweep-v1"",""referenceRecallLevels"":[0.9,0.95],""cpu"":""AMD64 Family 25 Model 33 Stepping 0, AuthenticAMD"",""documentVectorsSha256"":""cc23f095b88585453940e8fca998f8b16f9573361b0c83f021d7bb095ba9e4c6"",""queryVectorsSha256"":""d06cc81c1169e1a926fc69a835fabda560932d8834bd687893fe0da301c4cfa9"",""dockerServerVersion"":""29.7.2"",""containerLimits"":{""vector-opensearch-jvector"":""cpuNano=4000000000,memoryBytes=8589934592,memorySwapBytes=8589934592""},""springBootVersion"":""4.1.1"",""queryPartition"":{""evaluationQueries"":200,""calibrationIdsSha256"":""8b3e0cf00bea0503372f6e0e968ec87a831d597ac5132d0e7ae30ade95164508"",""evaluationIdsSha256"":""f856701d0c4b142b59ef1f22919e1e8f1c897145a9bdf88e6b18a59196a6ca25"",""calibrationQueries"":100,""method"":""query-type-stratified-sha256""},""queryDefinitionsSha256"":""e9e52e8cd2ce129bb91205fa1a08f2baf2d4ca8bd28fe9c42299eefdb99ada18"",""availableProcessors"":16,""metric"":""COSINE"",""declaredVectorDbBudget"":{""cpuCores"":4.0,""memoryBytes"":8589934592},""physicalMemoryBytes"":51460743168}",3,"[1,2,3]",3,0.736426,0.765464,0.786082,0.786082,0.657732,0.786082,0.004751,3,6.050849,5.912648,6.390698,6.390698,5.849202,6.390698,0.087629,3,4.038733,4.045700,4.063500,4.063500,4.007000,4.063500,0.000834,3,21.255367,20.952900,23.570600,23.570600,19.242600,23.570600,4.751511,3,47.781933,46.696700,50.239800,50.239800,46.409300,50.239800,4.551481,3,1643.290230,1672.641062,1698.235993,1698.235993,1558.993635,1698.235993,5493.212114,3,5270.000000,5299.000000,5380.000000,5380.000000,5131.000000,5380.000000,16131.000000,3,2.000000,2.000000,2.000000,2.000000,2.000000,2.000000,0.000000,3,389.648333,389.070000,391.750000,391.750000,388.125000,391.750000,3.536008,3,392.290000,391.940000,393.050000,393.050000,391.880000,393.050000,0.434100,3,5042470562.000000,5041754734.000000,5067524538.000000,5067524538.000000,5018132414.000000,5067524538.000000,610279785602032.000000,3,5044081175.000000,5043365347.000000,5069135151.000000,5069135151.000000,5019743027.000000,5069135151.000000,610279785602032.000000,3,88988411.333333,88987974.000000,88990882.000000,88990882.000000,88986378.000000,88990882.000000,5214949.333333,3,25922.000000,25962.000000,26507.000000,26507.000000,25297.000000,26507.000000,367225.000000
"opensearch","JVector","DiskANN","{""ef_construction"":128,""space_type"":""cosinesimil"",""method"":""disk_ann"",""engine"":""jvector"",""dimension"":1024,""m"":16}","{""candidate_k"":80}",10000,10,10,1,5,"{""javaVersion"":""21.0.11"",""os"":""Windows 11 10.0 amd64"",""resourceSampling"":""capture-window-contained-in-search-window"",""minimumMeasurementTimeMs"":5000,""protocol"":""search-parameter-sweep-v1"",""referenceRecallLevels"":[0.9,0.95],""cpu"":""AMD64 Family 25 Model 33 Stepping 0, AuthenticAMD"",""documentVectorsSha256"":""cc23f095b88585453940e8fca998f8b16f9573361b0c83f021d7bb095ba9e4c6"",""queryVectorsSha256"":""d06cc81c1169e1a926fc69a835fabda560932d8834bd687893fe0da301c4cfa9"",""dockerServerVersion"":""29.7.2"",""containerLimits"":{""vector-opensearch-jvector"":""cpuNano=4000000000,memoryBytes=8589934592,memorySwapBytes=8589934592""},""springBootVersion"":""4.1.1"",""queryPartition"":{""evaluationQueries"":200,""calibrationIdsSha256"":""8b3e0cf00bea0503372f6e0e968ec87a831d597ac5132d0e7ae30ade95164508"",""evaluationIdsSha256"":""f856701d0c4b142b59ef1f22919e1e8f1c897145a9bdf88e6b18a59196a6ca25"",""calibrationQueries"":100,""method"":""query-type-stratified-sha256""},""queryDefinitionsSha256"":""e9e52e8cd2ce129bb91205fa1a08f2baf2d4ca8bd28fe9c42299eefdb99ada18"",""availableProcessors"":16,""metric"":""COSINE"",""declaredVectorDbBudget"":{""cpuCores"":4.0,""memoryBytes"":8589934592},""physicalMemoryBytes"":51460743168}",3,"[1,2,3]",3,0.857560,0.873711,0.888144,0.888144,0.810825,0.888144,0.001690,3,8.961944,8.822129,9.699142,9.699142,8.364560,9.699142,0.459939,3,5.062567,4.993800,5.339100,5.339100,4.854800,5.339100,0.062183,3,40.374033,40.532400,42.441700,42.441700,38.148000,42.441700,4.627775,3,49.805367,49.114300,53.711900,53.711900,46.589900,53.711900,13.038901,3,1111.844290,1125.544299,1186.953975,1186.953975,1023.034596,1186.953975,6858.158423,3,5416.000000,5330.000000,5864.000000,5864.000000,5054.000000,5864.000000,169572.000000,3,2.000000,2.000000,2.000000,2.000000,2.000000,2.000000,0.000000,3,392.321667,394.300000,394.575000,394.575000,388.090000,394.575000,13.449158,3,393.806667,395.840000,396.560000,396.560000,389.020000,396.560000,17.313733,3,5043902218.000000,5042291605.000000,5069135151.000000,5069135151.000000,5020279898.000000,5069135151.000000,598654492100329.000000,3,5044081175.000000,5042291605.000000,5069135151.000000,5069135151.000000,5020816769.000000,5069135151.000000,586068430363156.000000,3,88988411.333333,88987974.000000,88990882.000000,88990882.000000,88986378.000000,88990882.000000,5214949.333333,3,25922.000000,25962.000000,26507.000000,26507.000000,25297.000000,26507.000000,367225.000000
"opensearch","JVector","DiskANN","{""ef_construction"":128,""space_type"":""cosinesimil"",""method"":""disk_ann"",""engine"":""jvector"",""dimension"":1024,""m"":16}","{""candidate_k"":120}",10000,10,10,1,5,"{""javaVersion"":""21.0.11"",""os"":""Windows 11 10.0 amd64"",""resourceSampling"":""capture-window-contained-in-search-window"",""minimumMeasurementTimeMs"":5000,""protocol"":""search-parameter-sweep-v1"",""referenceRecallLevels"":[0.9,0.95],""cpu"":""AMD64 Family 25 Model 33 Stepping 0, AuthenticAMD"",""documentVectorsSha256"":""cc23f095b88585453940e8fca998f8b16f9573361b0c83f021d7bb095ba9e4c6"",""queryVectorsSha256"":""d06cc81c1169e1a926fc69a835fabda560932d8834bd687893fe0da301c4cfa9"",""dockerServerVersion"":""29.7.2"",""containerLimits"":{""vector-opensearch-jvector"":""cpuNano=4000000000,memoryBytes=8589934592,memorySwapBytes=8589934592""},""springBootVersion"":""4.1.1"",""queryPartition"":{""evaluationQueries"":200,""calibrationIdsSha256"":""8b3e0cf00bea0503372f6e0e968ec87a831d597ac5132d0e7ae30ade95164508"",""evaluationIdsSha256"":""f856701d0c4b142b59ef1f22919e1e8f1c897145a9bdf88e6b18a59196a6ca25"",""calibrationQueries"":100,""method"":""query-type-stratified-sha256""},""queryDefinitionsSha256"":""e9e52e8cd2ce129bb91205fa1a08f2baf2d4ca8bd28fe9c42299eefdb99ada18"",""availableProcessors"":16,""metric"":""COSINE"",""declaredVectorDbBudget"":{""cpuCores"":4.0,""memoryBytes"":8589934592},""physicalMemoryBytes"":51460743168}",3,"[1,2,3]",3,0.892612,0.910825,0.910825,0.910825,0.856186,0.910825,0.000995,3,10.144458,10.445210,10.625130,10.625130,9.363034,10.625130,0.466060,3,6.010300,6.198400,6.251300,6.251300,5.581200,6.251300,0.138795,3,42.580467,42.441500,43.776700,43.776700,41.523200,43.776700,1.284049,3,50.606200,50.611300,52.361900,52.361900,48.845400,52.361900,3.091463,3,982.412333,950.989808,1061.301988,1061.301988,934.945204,1061.301988,4732.040536,3,5419.000000,5347.000000,5653.000000,5653.000000,5257.000000,5653.000000,43092.000000,3,2.000000,2.000000,2.000000,2.000000,2.000000,2.000000,0.000000,3,392.168333,391.585000,396.260000,396.260000,388.660000,396.260000,14.695208,3,393.110000,392.610000,397.040000,397.040000,389.680000,397.040000,13.729900,3,5044081175.000000,5042828476.000000,5069135151.000000,5069135151.000000,5020279898.000000,5069135151.000000,597885877511953.000000,3,5044439089.000000,5043365347.000000,5069135151.000000,5069135151.000000,5020816769.000000,5069135151.000000,584531201186404.000000,3,88988411.333333,88987974.000000,88990882.000000,88990882.000000,88986378.000000,88990882.000000,5214949.333333,3,25922.000000,25962.000000,26507.000000,26507.000000,25297.000000,26507.000000,367225.000000
"opensearch","JVector","DiskANN","{""ef_construction"":128,""space_type"":""cosinesimil"",""method"":""disk_ann"",""engine"":""jvector"",""dimension"":1024,""m"":16}","{""candidate_k"":200}",10000,10,10,1,5,"{""javaVersion"":""21.0.11"",""os"":""Windows 11 10.0 amd64"",""resourceSampling"":""capture-window-contained-in-search-window"",""minimumMeasurementTimeMs"":5000,""protocol"":""search-parameter-sweep-v1"",""referenceRecallLevels"":[0.9,0.95],""cpu"":""AMD64 Family 25 Model 33 Stepping 0, AuthenticAMD"",""documentVectorsSha256"":""cc23f095b88585453940e8fca998f8b16f9573361b0c83f021d7bb095ba9e4c6"",""queryVectorsSha256"":""d06cc81c1169e1a926fc69a835fabda560932d8834bd687893fe0da301c4cfa9"",""dockerServerVersion"":""29.7.2"",""containerLimits"":{""vector-opensearch-jvector"":""cpuNano=4000000000,memoryBytes=8589934592,memorySwapBytes=8589934592""},""springBootVersion"":""4.1.1"",""queryPartition"":{""evaluationQueries"":200,""calibrationIdsSha256"":""8b3e0cf00bea0503372f6e0e968ec87a831d597ac5132d0e7ae30ade95164508"",""evaluationIdsSha256"":""f856701d0c4b142b59ef1f22919e1e8f1c897145a9bdf88e6b18a59196a6ca25"",""calibrationQueries"":100,""method"":""query-type-stratified-sha256""},""queryDefinitionsSha256"":""e9e52e8cd2ce129bb91205fa1a08f2baf2d4ca8bd28fe9c42299eefdb99ada18"",""availableProcessors"":16,""metric"":""COSINE"",""declaredVectorDbBudget"":{""cpuCores"":4.0,""memoryBytes"":8589934592},""physicalMemoryBytes"":51460743168}",3,"[1,2,3]",3,0.928694,0.943814,0.954639,0.954639,0.887629,0.954639,0.001294,3,13.890591,13.999796,14.060627,14.060627,13.611350,14.060627,0.059407,3,8.752100,8.816100,8.820900,8.820900,8.619300,8.820900,0.013233,3,45.491767,45.237100,46.445900,46.445900,44.792300,46.445900,0.732240,3,53.961867,53.833300,55.983300,55.983300,52.069000,55.983300,3.842833,3,716.470676,710.662049,730.450772,730.450772,708.299207,730.450772,147.978076,3,5583.666667,5628.000000,5647.000000,5647.000000,5476.000000,5647.000000,8784.333333,3,2.000000,2.000000,2.000000,2.000000,2.000000,2.000000,0.000000,3,389.918333,389.760000,391.870000,391.870000,388.125000,391.870000,3.525058,3,390.763333,390.360000,393.310000,393.310000,388.620000,393.310000,5.621033,3,5044797003.000000,5044439089.000000,5069135151.000000,5069135151.000000,5020816769.000000,5069135151.000000,583762586598028.000000,3,5044797003.000000,5044439089.000000,5069135151.000000,5069135151.000000,5020816769.000000,5069135151.000000,583762586598028.000000,3,88988411.333333,88987974.000000,88990882.000000,88990882.000000,88986378.000000,88990882.000000,5214949.333333,3,25922.000000,25962.000000,26507.000000,26507.000000,25297.000000,26507.000000,367225.000000
"opensearch","JVector","DiskANN","{""ef_construction"":128,""space_type"":""cosinesimil"",""method"":""disk_ann"",""engine"":""jvector"",""dimension"":1024,""m"":16}","{""candidate_k"":400}",10000,10,10,1,5,"{""javaVersion"":""21.0.11"",""os"":""Windows 11 10.0 amd64"",""resourceSampling"":""capture-window-contained-in-search-window"",""minimumMeasurementTimeMs"":5000,""protocol"":""search-parameter-sweep-v1"",""referenceRecallLevels"":[0.9,0.95],""cpu"":""AMD64 Family 25 Model 33 Stepping 0, AuthenticAMD"",""documentVectorsSha256"":""cc23f095b88585453940e8fca998f8b16f9573361b0c83f021d7bb095ba9e4c6"",""queryVectorsSha256"":""d06cc81c1169e1a926fc69a835fabda560932d8834bd687893fe0da301c4cfa9"",""dockerServerVersion"":""29.7.2"",""containerLimits"":{""vector-opensearch-jvector"":""cpuNano=4000000000,memoryBytes=8589934592,memorySwapBytes=8589934592""},""springBootVersion"":""4.1.1"",""queryPartition"":{""evaluationQueries"":200,""calibrationIdsSha256"":""8b3e0cf00bea0503372f6e0e968ec87a831d597ac5132d0e7ae30ade95164508"",""evaluationIdsSha256"":""f856701d0c4b142b59ef1f22919e1e8f1c897145a9bdf88e6b18a59196a6ca25"",""calibrationQueries"":100,""method"":""query-type-stratified-sha256""},""queryDefinitionsSha256"":""e9e52e8cd2ce129bb91205fa1a08f2baf2d4ca8bd28fe9c42299eefdb99ada18"",""availableProcessors"":16,""metric"":""COSINE"",""declaredVectorDbBudget"":{""cpuCores"":4.0,""memoryBytes"":8589934592},""physicalMemoryBytes"":51460743168}",3,"[1,2,3]",3,0.964089,0.973711,0.990722,0.990722,0.927835,0.990722,0.001058,3,22.814915,22.860172,23.426867,23.426867,22.157707,23.426867,0.404228,3,13.966233,14.004700,14.343400,14.343400,13.550600,14.343400,0.158243,3,57.333833,56.879800,58.604200,58.604200,56.517500,58.604200,1.243189,3,67.211467,68.165900,68.241600,68.241600,65.226900,68.241600,2.955311,3,436.373496,435.672036,449.153180,449.153180,424.295272,449.153180,154.847936,3,6878.000000,6885.000000,7070.000000,7070.000000,6679.000000,7070.000000,38257.000000,3,3.000000,3.000000,3.000000,3.000000,3.000000,3.000000,0.000000,3,390.998889,391.386667,395.086667,395.086667,386.523333,395.086667,18.445448,3,392.363333,393.110000,396.090000,396.090000,387.890000,396.090000,17.228133,3,5044319784.333333,5044081175.000000,5068777237.000000,5068777237.000000,5020100941.000000,5068777237.000000,592388148880369.200000,3,5044797003.000000,5044439089.000000,5069135151.000000,5069135151.000000,5020816769.000000,5069135151.000000,583762586598028.000000,3,88988411.333333,88987974.000000,88990882.000000,88990882.000000,88986378.000000,88990882.000000,5214949.333333,3,25922.000000,25962.000000,26507.000000,26507.000000,25297.000000,26507.000000,367225.000000
"opensearch","JVector","DiskANN","{""ef_construction"":128,""space_type"":""cosinesimil"",""method"":""disk_ann"",""engine"":""jvector"",""dimension"":1024,""m"":16}","{""candidate_k"":800}",10000,10,10,1,5,"{""javaVersion"":""21.0.11"",""os"":""Windows 11 10.0 amd64"",""resourceSampling"":""capture-window-contained-in-search-window"",""minimumMeasurementTimeMs"":5000,""protocol"":""search-parameter-sweep-v1"",""referenceRecallLevels"":[0.9,0.95],""cpu"":""AMD64 Family 25 Model 33 Stepping 0, AuthenticAMD"",""documentVectorsSha256"":""cc23f095b88585453940e8fca998f8b16f9573361b0c83f021d7bb095ba9e4c6"",""queryVectorsSha256"":""d06cc81c1169e1a926fc69a835fabda560932d8834bd687893fe0da301c4cfa9"",""dockerServerVersion"":""29.7.2"",""containerLimits"":{""vector-opensearch-jvector"":""cpuNano=4000000000,memoryBytes=8589934592,memorySwapBytes=8589934592""},""springBootVersion"":""4.1.1"",""queryPartition"":{""evaluationQueries"":200,""calibrationIdsSha256"":""8b3e0cf00bea0503372f6e0e968ec87a831d597ac5132d0e7ae30ade95164508"",""evaluationIdsSha256"":""f856701d0c4b142b59ef1f22919e1e8f1c897145a9bdf88e6b18a59196a6ca25"",""calibrationQueries"":100,""method"":""query-type-stratified-sha256""},""queryDefinitionsSha256"":""e9e52e8cd2ce129bb91205fa1a08f2baf2d4ca8bd28fe9c42299eefdb99ada18"",""availableProcessors"":16,""metric"":""COSINE"",""declaredVectorDbBudget"":{""cpuCores"":4.0,""memoryBytes"":8589934592},""physicalMemoryBytes"":51460743168}",3,"[1,2,3]",3,0.979553,0.981959,0.999485,0.999485,0.957216,0.999485,0.000451,3,39.357912,40.679658,41.828579,41.828579,35.565498,41.828579,11.116805,3,30.215100,31.365300,33.296000,33.296000,25.984000,33.296000,14.358556,3,75.337133,76.791700,77.932500,77.932500,71.287200,77.932500,12.626826,3,81.822433,83.488100,85.917800,85.917800,76.061400,85.917800,26.367989,3,254.173390,245.045294,279.447976,279.447976,238.026899,279.447976,491.418007,3,7906.333333,8161.000000,8402.000000,8402.000000,7156.000000,8402.000000,436770.333333,3,3.666667,4.000000,4.000000,4.000000,3.000000,4.000000,0.333333,3,393.550833,392.637500,396.040000,396.040000,391.975000,396.040000,4.756690,3,396.550000,395.890000,398.860000,398.860000,394.900000,398.860000,4.247100,3,5043961870.333333,5043365347.000000,5068777237.000000,5068777237.000000,5019743027.000000,5068777237.000000,601355317646433.200000,3,5044081175.000000,5043365347.000000,5069135151.000000,5069135151.000000,5019743027.000000,5069135151.000000,610279785602032.000000,3,88988411.333333,88987974.000000,88990882.000000,88990882.000000,88986378.000000,88990882.000000,5214949.333333,3,25922.000000,25962.000000,26507.000000,26507.000000,25297.000000,26507.000000,367225.000000
"opensearch","JVector","DiskANN","{""ef_construction"":128,""space_type"":""cosinesimil"",""method"":""disk_ann"",""engine"":""jvector"",""dimension"":1024,""m"":16}","{""candidate_k"":1000}",10000,10,10,1,5,"{""javaVersion"":""21.0.11"",""os"":""Windows 11 10.0 amd64"",""resourceSampling"":""capture-window-contained-in-search-window"",""minimumMeasurementTimeMs"":5000,""protocol"":""search-parameter-sweep-v1"",""referenceRecallLevels"":[0.9,0.95],""cpu"":""AMD64 Family 25 Model 33 Stepping 0, AuthenticAMD"",""documentVectorsSha256"":""cc23f095b88585453940e8fca998f8b16f9573361b0c83f021d7bb095ba9e4c6"",""queryVectorsSha256"":""d06cc81c1169e1a926fc69a835fabda560932d8834bd687893fe0da301c4cfa9"",""dockerServerVersion"":""29.7.2"",""containerLimits"":{""vector-opensearch-jvector"":""cpuNano=4000000000,memoryBytes=8589934592,memorySwapBytes=8589934592""},""springBootVersion"":""4.1.1"",""queryPartition"":{""evaluationQueries"":200,""calibrationIdsSha256"":""8b3e0cf00bea0503372f6e0e968ec87a831d597ac5132d0e7ae30ade95164508"",""evaluationIdsSha256"":""f856701d0c4b142b59ef1f22919e1e8f1c897145a9bdf88e6b18a59196a6ca25"",""calibrationQueries"":100,""method"":""query-type-stratified-sha256""},""queryDefinitionsSha256"":""e9e52e8cd2ce129bb91205fa1a08f2baf2d4ca8bd28fe9c42299eefdb99ada18"",""availableProcessors"":16,""metric"":""COSINE"",""declaredVectorDbBudget"":{""cpuCores"":4.0,""memoryBytes"":8589934592},""physicalMemoryBytes"":51460743168}",3,"[1,2,3]",3,0.979553,0.981959,0.999485,0.999485,0.957216,0.999485,0.000451,3,48.233489,49.435489,49.507287,49.507287,45.757690,49.507287,4.598475,3,44.457333,46.730100,47.440600,47.440600,39.201300,47.440600,20.845617,3,83.556800,84.845000,85.424400,85.424400,80.401000,85.424400,7.553231,3,91.412967,90.920600,95.493200,95.493200,87.825100,95.493200,14.881758,3,206.943020,201.798246,217.539766,217.539766,201.491048,217.539766,84.241859,3,9676.000000,9910.000000,9925.000000,9925.000000,9193.000000,9925.000000,175023.000000,3,4.000000,4.000000,4.000000,4.000000,4.000000,4.000000,0.000000,3,395.241667,395.072500,397.325000,397.325000,393.327500,397.325000,4.016465,3,398.370000,397.440000,400.300000,400.300000,397.370000,400.300000,2.794900,3,5043991696.333333,5043365347.000000,5068866715.000000,5068866715.000000,5019743027.000000,5068866715.000000,603578415795861.200000,3,5044081175.000000,5043365347.000000,5069135151.000000,5069135151.000000,5019743027.000000,5069135151.000000,610279785602032.000000,3,88988411.333333,88987974.000000,88990882.000000,88990882.000000,88986378.000000,88990882.000000,5214949.333333,3,25922.000000,25962.000000,26507.000000,26507.000000,25297.000000,26507.000000,367225.000000
"opensearch","Lucene","HNSW","{""ef_construction"":128,""space_type"":""cosinesimil"",""dimension"":1024,""method"":""hnsw"",""engine"":""lucene"",""m"":16}","{""candidate_k"":10}",10000,10,10,1,5,"{""javaVersion"":""21.0.11"",""os"":""Windows 11 10.0 amd64"",""resourceSampling"":""capture-window-contained-in-search-window"",""minimumMeasurementTimeMs"":5000,""protocol"":""search-parameter-sweep-v1"",""referenceRecallLevels"":[0.9,0.95],""cpu"":""AMD64 Family 25 Model 33 Stepping 0, AuthenticAMD"",""documentVectorsSha256"":""cc23f095b88585453940e8fca998f8b16f9573361b0c83f021d7bb095ba9e4c6"",""queryVectorsSha256"":""d06cc81c1169e1a926fc69a835fabda560932d8834bd687893fe0da301c4cfa9"",""containerLimits"":{""vector-opensearch"":""cpuNano=4000000000,memoryBytes=8589934592,memorySwapBytes=8589934592""},""dockerServerVersion"":""29.7.2"",""springBootVersion"":""4.1.1"",""queryPartition"":{""calibrationIdsSha256"":""8b3e0cf00bea0503372f6e0e968ec87a831d597ac5132d0e7ae30ade95164508"",""evaluationIdsSha256"":""f856701d0c4b142b59ef1f22919e1e8f1c897145a9bdf88e6b18a59196a6ca25"",""calibrationQueries"":100,""method"":""query-type-stratified-sha256"",""evaluationQueries"":200},""queryDefinitionsSha256"":""e9e52e8cd2ce129bb91205fa1a08f2baf2d4ca8bd28fe9c42299eefdb99ada18"",""availableProcessors"":16,""metric"":""COSINE"",""declaredVectorDbBudget"":{""cpuCores"":4.0,""memoryBytes"":8589934592},""physicalMemoryBytes"":51460743168}",3,"[1,2,3]",3,0.864777,0.865464,0.877835,0.877835,0.851031,0.877835,0.000180,3,6.730312,6.768975,6.832184,6.832184,6.589776,6.832184,0.015812,3,5.794533,5.794500,5.827100,5.827100,5.762000,5.827100,0.001060,3,13.023233,13.124000,13.821700,13.821700,12.124000,13.821700,0.728162,3,20.329067,20.484700,21.493600,21.493600,19.008900,21.493600,1.561600,3,1478.514217,1470.312930,1509.268199,1509.268199,1455.961523,1509.268199,760.846270,3,5411.666667,5441.000000,5494.000000,5494.000000,5300.000000,5494.000000,10054.333333,3,2.000000,2.000000,2.000000,2.000000,2.000000,2.000000,0.000000,3,383.250000,381.600000,387.865000,387.865000,380.285000,387.865000,16.405975,3,388.316667,390.420000,390.680000,390.680000,383.850000,390.680000,14.980233,3,5004352726.666667,5007394995.000000,5007931866.000000,5007931866.000000,4997731319.000000,5007931866.000000,32954337233804.332000,3,5007216038.666667,5010079350.000000,5011153092.000000,5011153092.000000,5000415674.000000,5011153092.000000,34971950170377.332000,3,43103630.000000,43109129.000000,43111063.000000,43111063.000000,43090698.000000,43111063.000000,126362557.000000,3,11886.333333,12053.000000,12366.000000,12366.000000,11240.000000,12366.000000,337802.333333
"opensearch","Lucene","HNSW","{""ef_construction"":128,""space_type"":""cosinesimil"",""dimension"":1024,""method"":""hnsw"",""engine"":""lucene"",""m"":16}","{""candidate_k"":20}",10000,10,10,1,5,"{""javaVersion"":""21.0.11"",""os"":""Windows 11 10.0 amd64"",""resourceSampling"":""capture-window-contained-in-search-window"",""minimumMeasurementTimeMs"":5000,""protocol"":""search-parameter-sweep-v1"",""referenceRecallLevels"":[0.9,0.95],""cpu"":""AMD64 Family 25 Model 33 Stepping 0, AuthenticAMD"",""documentVectorsSha256"":""cc23f095b88585453940e8fca998f8b16f9573361b0c83f021d7bb095ba9e4c6"",""queryVectorsSha256"":""d06cc81c1169e1a926fc69a835fabda560932d8834bd687893fe0da301c4cfa9"",""containerLimits"":{""vector-opensearch"":""cpuNano=4000000000,memoryBytes=8589934592,memorySwapBytes=8589934592""},""dockerServerVersion"":""29.7.2"",""springBootVersion"":""4.1.1"",""queryPartition"":{""calibrationIdsSha256"":""8b3e0cf00bea0503372f6e0e968ec87a831d597ac5132d0e7ae30ade95164508"",""evaluationIdsSha256"":""f856701d0c4b142b59ef1f22919e1e8f1c897145a9bdf88e6b18a59196a6ca25"",""calibrationQueries"":100,""method"":""query-type-stratified-sha256"",""evaluationQueries"":200},""queryDefinitionsSha256"":""e9e52e8cd2ce129bb91205fa1a08f2baf2d4ca8bd28fe9c42299eefdb99ada18"",""availableProcessors"":16,""metric"":""COSINE"",""declaredVectorDbBudget"":{""cpuCores"":4.0,""memoryBytes"":8589934592},""physicalMemoryBytes"":51460743168}",3,"[1,2,3]",3,0.864777,0.865464,0.877835,0.877835,0.851031,0.877835,0.000180,3,4.263023,4.258805,4.299564,4.299564,4.230702,4.299564,0.001199,3,3.923067,3.913200,3.957800,3.957800,3.898200,3.957800,0.000961,3,6.395933,6.437600,6.448100,6.448100,6.302100,6.448100,0.006631,3,9.341333,9.504400,9.533400,9.533400,8.986200,9.533400,0.094800,3,2333.181400,2335.585577,2350.924406,2350.924406,2313.034216,2350.924406,363.251683,3,5142.666667,5137.000000,5187.000000,5187.000000,5104.000000,5187.000000,1746.333333,3,2.000000,2.000000,2.000000,2.000000,2.000000,2.000000,0.000000,3,316.295000,319.305000,324.435000,324.435000,305.145000,324.435000,99.821100,3,325.363333,319.330000,346.900000,346.900000,309.860000,346.900000,370.291233,3,5019921983.666667,5019206156.000000,5022964252.000000,5022964252.000000,5017595543.000000,5022964252.000000,7590066017944.334000,3,5020458854.666667,5019743027.000000,5022964252.000000,5022964252.000000,5018669285.000000,5022964252.000000,4995992319046.333000,3,43103630.000000,43109129.000000,43111063.000000,43111063.000000,43090698.000000,43111063.000000,126362557.000000,3,11886.333333,12053.000000,12366.000000,12366.000000,11240.000000,12366.000000,337802.333333
"opensearch","Lucene","HNSW","{""ef_construction"":128,""space_type"":""cosinesimil"",""dimension"":1024,""method"":""hnsw"",""engine"":""lucene"",""m"":16}","{""candidate_k"":40}",10000,10,10,1,5,"{""javaVersion"":""21.0.11"",""os"":""Windows 11 10.0 amd64"",""resourceSampling"":""capture-window-contained-in-search-window"",""minimumMeasurementTimeMs"":5000,""protocol"":""search-parameter-sweep-v1"",""referenceRecallLevels"":[0.9,0.95],""cpu"":""AMD64 Family 25 Model 33 Stepping 0, AuthenticAMD"",""documentVectorsSha256"":""cc23f095b88585453940e8fca998f8b16f9573361b0c83f021d7bb095ba9e4c6"",""queryVectorsSha256"":""d06cc81c1169e1a926fc69a835fabda560932d8834bd687893fe0da301c4cfa9"",""containerLimits"":{""vector-opensearch"":""cpuNano=4000000000,memoryBytes=8589934592,memorySwapBytes=8589934592""},""dockerServerVersion"":""29.7.2"",""springBootVersion"":""4.1.1"",""queryPartition"":{""calibrationIdsSha256"":""8b3e0cf00bea0503372f6e0e968ec87a831d597ac5132d0e7ae30ade95164508"",""evaluationIdsSha256"":""f856701d0c4b142b59ef1f22919e1e8f1c897145a9bdf88e6b18a59196a6ca25"",""calibrationQueries"":100,""method"":""query-type-stratified-sha256"",""evaluationQueries"":200},""queryDefinitionsSha256"":""e9e52e8cd2ce129bb91205fa1a08f2baf2d4ca8bd28fe9c42299eefdb99ada18"",""availableProcessors"":16,""metric"":""COSINE"",""declaredVectorDbBudget"":{""cpuCores"":4.0,""memoryBytes"":8589934592},""physicalMemoryBytes"":51460743168}",3,"[1,2,3]",3,0.864777,0.865464,0.877835,0.877835,0.851031,0.877835,0.000180,3,3.734494,3.653392,3.966302,3.966302,3.583790,3.966302,0.041512,3,3.471633,3.404800,3.666300,3.666300,3.343800,3.666300,0.029352,3,5.370733,5.264600,5.717200,5.717200,5.130400,5.717200,0.094532,3,8.157767,8.392300,8.475700,8.475700,7.605300,8.475700,0.230653,3,2664.810997,2712.637292,2774.755496,2774.755496,2507.040203,2774.755496,19633.385464,3,5130.333333,5161.000000,5185.000000,5185.000000,5045.000000,5185.000000,5605.333333,3,2.000000,2.000000,2.000000,2.000000,2.000000,2.000000,0.000000,3,272.770000,267.625000,290.965000,290.965000,259.720000,290.965000,263.915775,3,310.053333,295.860000,345.550000,345.550000,288.750000,345.550000,957.648033,3,5020995725.666667,5020279898.000000,5024574865.000000,5024574865.000000,5018132414.000000,5024574865.000000,10760600658124.332000,3,5021532596.666667,5020816769.000000,5025111736.000000,5025111736.000000,5018669285.000000,5025111736.000000,10760600658124.332000,3,43103630.000000,43109129.000000,43111063.000000,43111063.000000,43090698.000000,43111063.000000,126362557.000000,3,11886.333333,12053.000000,12366.000000,12366.000000,11240.000000,12366.000000,337802.333333
"opensearch","Lucene","HNSW","{""ef_construction"":128,""space_type"":""cosinesimil"",""dimension"":1024,""method"":""hnsw"",""engine"":""lucene"",""m"":16}","{""candidate_k"":80}",10000,10,10,1,5,"{""javaVersion"":""21.0.11"",""os"":""Windows 11 10.0 amd64"",""resourceSampling"":""capture-window-contained-in-search-window"",""minimumMeasurementTimeMs"":5000,""protocol"":""search-parameter-sweep-v1"",""referenceRecallLevels"":[0.9,0.95],""cpu"":""AMD64 Family 25 Model 33 Stepping 0, AuthenticAMD"",""documentVectorsSha256"":""cc23f095b88585453940e8fca998f8b16f9573361b0c83f021d7bb095ba9e4c6"",""queryVectorsSha256"":""d06cc81c1169e1a926fc69a835fabda560932d8834bd687893fe0da301c4cfa9"",""containerLimits"":{""vector-opensearch"":""cpuNano=4000000000,memoryBytes=8589934592,memorySwapBytes=8589934592""},""dockerServerVersion"":""29.7.2"",""springBootVersion"":""4.1.1"",""queryPartition"":{""calibrationIdsSha256"":""8b3e0cf00bea0503372f6e0e968ec87a831d597ac5132d0e7ae30ade95164508"",""evaluationIdsSha256"":""f856701d0c4b142b59ef1f22919e1e8f1c897145a9bdf88e6b18a59196a6ca25"",""calibrationQueries"":100,""method"":""query-type-stratified-sha256"",""evaluationQueries"":200},""queryDefinitionsSha256"":""e9e52e8cd2ce129bb91205fa1a08f2baf2d4ca8bd28fe9c42299eefdb99ada18"",""availableProcessors"":16,""metric"":""COSINE"",""declaredVectorDbBudget"":{""cpuCores"":4.0,""memoryBytes"":8589934592},""physicalMemoryBytes"":51460743168}",3,"[1,2,3]",3,0.864777,0.865464,0.877835,0.877835,0.851031,0.877835,0.000180,3,3.549142,3.531101,3.585401,3.585401,3.530923,3.585401,0.000986,3,3.332933,3.326200,3.363600,3.363600,3.309000,3.363600,0.000779,3,5.006467,5.016400,5.043000,5.043000,4.960000,5.043000,0.001796,3,7.065900,7.226500,7.337400,7.337400,6.633800,7.337400,0.143108,3,2802.634060,2816.366378,2817.076147,2817.076147,2774.459656,2817.076147,595.473729,3,5232.000000,5324.000000,5326.000000,5326.000000,5046.000000,5326.000000,25948.000000,3,2.000000,2.000000,2.000000,2.000000,2.000000,2.000000,0.000000,3,234.326667,234.445000,235.285000,235.285000,233.250000,235.285000,1.045808,3,235.626667,235.150000,237.020000,237.020000,234.710000,237.020000,1.504433,3,5021890510.666667,5020816769.000000,5025111736.000000,5025111736.000000,5019743027.000000,5025111736.000000,8070449956722.333000,3,5021890510.666667,5020816769.000000,5025111736.000000,5025111736.000000,5019743027.000000,5025111736.000000,8070449956722.333000,3,43103630.000000,43109129.000000,43111063.000000,43111063.000000,43090698.000000,43111063.000000,126362557.000000,3,11886.333333,12053.000000,12366.000000,12366.000000,11240.000000,12366.000000,337802.333333
"opensearch","Lucene","HNSW","{""ef_construction"":128,""space_type"":""cosinesimil"",""dimension"":1024,""method"":""hnsw"",""engine"":""lucene"",""m"":16}","{""candidate_k"":120}",10000,10,10,1,5,"{""javaVersion"":""21.0.11"",""os"":""Windows 11 10.0 amd64"",""resourceSampling"":""capture-window-contained-in-search-window"",""minimumMeasurementTimeMs"":5000,""protocol"":""search-parameter-sweep-v1"",""referenceRecallLevels"":[0.9,0.95],""cpu"":""AMD64 Family 25 Model 33 Stepping 0, AuthenticAMD"",""documentVectorsSha256"":""cc23f095b88585453940e8fca998f8b16f9573361b0c83f021d7bb095ba9e4c6"",""queryVectorsSha256"":""d06cc81c1169e1a926fc69a835fabda560932d8834bd687893fe0da301c4cfa9"",""containerLimits"":{""vector-opensearch"":""cpuNano=4000000000,memoryBytes=8589934592,memorySwapBytes=8589934592""},""dockerServerVersion"":""29.7.2"",""springBootVersion"":""4.1.1"",""queryPartition"":{""calibrationIdsSha256"":""8b3e0cf00bea0503372f6e0e968ec87a831d597ac5132d0e7ae30ade95164508"",""evaluationIdsSha256"":""f856701d0c4b142b59ef1f22919e1e8f1c897145a9bdf88e6b18a59196a6ca25"",""calibrationQueries"":100,""method"":""query-type-stratified-sha256"",""evaluationQueries"":200},""queryDefinitionsSha256"":""e9e52e8cd2ce129bb91205fa1a08f2baf2d4ca8bd28fe9c42299eefdb99ada18"",""availableProcessors"":16,""metric"":""COSINE"",""declaredVectorDbBudget"":{""cpuCores"":4.0,""memoryBytes"":8589934592},""physicalMemoryBytes"":51460743168}",3,"[1,2,3]",3,0.877835,0.876289,0.893814,0.893814,0.863402,0.893814,0.000233,3,3.634249,3.668981,3.705721,3.705721,3.528044,3.705721,0.008797,3,3.429400,3.450700,3.492400,3.492400,3.345100,3.492400,0.005765,3,5.144833,5.141700,5.344600,5.344600,4.948200,5.344600,0.039291,3,7.050333,6.791800,7.625700,7.625700,6.733500,7.625700,0.249135,3,2737.954039,2710.654497,2819.246015,2819.246015,2683.961604,2819.246015,5134.416723,3,5233.333333,5216.000000,5320.000000,5320.000000,5164.000000,5320.000000,6309.333333,3,2.000000,2.000000,2.000000,2.000000,2.000000,2.000000,0.000000,3,245.053333,241.565000,252.695000,252.695000,240.900000,252.695000,43.906858,3,247.930000,241.940000,260.590000,260.590000,241.260000,260.590000,120.322300,3,5022069467.333333,5021353639.000000,5026185478.000000,5026185478.000000,5018669285.000000,5026185478.000000,14507596955414.332000,3,5022248424.333333,5021890510.000000,5026185478.000000,5026185478.000000,5018669285.000000,5026185478.000000,14219366305816.332000,3,43103630.000000,43109129.000000,43111063.000000,43111063.000000,43090698.000000,43111063.000000,126362557.000000,3,11886.333333,12053.000000,12366.000000,12366.000000,11240.000000,12366.000000,337802.333333
"opensearch","Lucene","HNSW","{""ef_construction"":128,""space_type"":""cosinesimil"",""dimension"":1024,""method"":""hnsw"",""engine"":""lucene"",""m"":16}","{""candidate_k"":200}",10000,10,10,1,5,"{""javaVersion"":""21.0.11"",""os"":""Windows 11 10.0 amd64"",""resourceSampling"":""capture-window-contained-in-search-window"",""minimumMeasurementTimeMs"":5000,""protocol"":""search-parameter-sweep-v1"",""referenceRecallLevels"":[0.9,0.95],""cpu"":""AMD64 Family 25 Model 33 Stepping 0, AuthenticAMD"",""documentVectorsSha256"":""cc23f095b88585453940e8fca998f8b16f9573361b0c83f021d7bb095ba9e4c6"",""queryVectorsSha256"":""d06cc81c1169e1a926fc69a835fabda560932d8834bd687893fe0da301c4cfa9"",""containerLimits"":{""vector-opensearch"":""cpuNano=4000000000,memoryBytes=8589934592,memorySwapBytes=8589934592""},""dockerServerVersion"":""29.7.2"",""springBootVersion"":""4.1.1"",""queryPartition"":{""calibrationIdsSha256"":""8b3e0cf00bea0503372f6e0e968ec87a831d597ac5132d0e7ae30ade95164508"",""evaluationIdsSha256"":""f856701d0c4b142b59ef1f22919e1e8f1c897145a9bdf88e6b18a59196a6ca25"",""calibrationQueries"":100,""method"":""query-type-stratified-sha256"",""evaluationQueries"":200},""queryDefinitionsSha256"":""e9e52e8cd2ce129bb91205fa1a08f2baf2d4ca8bd28fe9c42299eefdb99ada18"",""availableProcessors"":16,""metric"":""COSINE"",""declaredVectorDbBudget"":{""cpuCores"":4.0,""memoryBytes"":8589934592},""physicalMemoryBytes"":51460743168}",3,"[1,2,3]",3,0.913230,0.922165,0.922680,0.922680,0.894845,0.922680,0.000254,3,3.673374,3.668918,3.746331,3.746331,3.604874,3.746331,0.005017,3,3.488567,3.483600,3.555500,3.555500,3.426600,3.555500,0.004172,3,5.164233,5.113600,5.303200,5.303200,5.075900,5.303200,0.014839,3,6.901633,6.828300,7.054600,7.054600,6.822000,7.054600,0.017559,3,2709.072833,2711.654460,2760.010484,2760.010484,2655.553554,2760.010484,2732.811140,3,5168.333333,5162.000000,5271.000000,5271.000000,5072.000000,5271.000000,9930.333333,3,2.000000,2.000000,2.000000,2.000000,2.000000,2.000000,0.000000,3,269.253333,269.700000,271.730000,271.730000,266.330000,271.730000,7.439633,3,271.406667,272.370000,273.170000,273.170000,268.680000,273.170000,5.736033,3,5022248424.666667,5020816769.000000,5026185478.000000,5026185478.000000,5019743027.000000,5026185478.000000,11913522182774.332000,3,5022248424.666667,5020816769.000000,5026185478.000000,5026185478.000000,5019743027.000000,5026185478.000000,11913522182774.332000,3,43103630.000000,43109129.000000,43111063.000000,43111063.000000,43090698.000000,43111063.000000,126362557.000000,3,11886.333333,12053.000000,12366.000000,12366.000000,11240.000000,12366.000000,337802.333333
"opensearch","Lucene","HNSW","{""ef_construction"":128,""space_type"":""cosinesimil"",""dimension"":1024,""method"":""hnsw"",""engine"":""lucene"",""m"":16}","{""candidate_k"":400}",10000,10,10,1,5,"{""javaVersion"":""21.0.11"",""os"":""Windows 11 10.0 amd64"",""resourceSampling"":""capture-window-contained-in-search-window"",""minimumMeasurementTimeMs"":5000,""protocol"":""search-parameter-sweep-v1"",""referenceRecallLevels"":[0.9,0.95],""cpu"":""AMD64 Family 25 Model 33 Stepping 0, AuthenticAMD"",""documentVectorsSha256"":""cc23f095b88585453940e8fca998f8b16f9573361b0c83f021d7bb095ba9e4c6"",""queryVectorsSha256"":""d06cc81c1169e1a926fc69a835fabda560932d8834bd687893fe0da301c4cfa9"",""containerLimits"":{""vector-opensearch"":""cpuNano=4000000000,memoryBytes=8589934592,memorySwapBytes=8589934592""},""dockerServerVersion"":""29.7.2"",""springBootVersion"":""4.1.1"",""queryPartition"":{""calibrationIdsSha256"":""8b3e0cf00bea0503372f6e0e968ec87a831d597ac5132d0e7ae30ade95164508"",""evaluationIdsSha256"":""f856701d0c4b142b59ef1f22919e1e8f1c897145a9bdf88e6b18a59196a6ca25"",""calibrationQueries"":100,""method"":""query-type-stratified-sha256"",""evaluationQueries"":200},""queryDefinitionsSha256"":""e9e52e8cd2ce129bb91205fa1a08f2baf2d4ca8bd28fe9c42299eefdb99ada18"",""availableProcessors"":16,""metric"":""COSINE"",""declaredVectorDbBudget"":{""cpuCores"":4.0,""memoryBytes"":8589934592},""physicalMemoryBytes"":51460743168}",3,"[1,2,3]",3,0.954296,0.965979,0.967526,0.967526,0.929381,0.967526,0.000466,3,3.836870,3.808801,3.949805,3.949805,3.752004,3.949805,0.010372,3,3.671400,3.642200,3.772500,3.772500,3.599500,3.772500,0.008122,3,5.205800,5.126100,5.409500,5.409500,5.081800,5.409500,0.031611,3,7.194467,7.201400,7.520200,7.520200,6.861800,7.520200,0.108409,3,2591.262852,2611.979673,2652.030740,2652.030740,2509.778144,2652.030740,5380.840298,3,5272.000000,5278.000000,5359.000000,5359.000000,5179.000000,5359.000000,8127.000000,3,2.000000,2.000000,2.000000,2.000000,2.000000,2.000000,0.000000,3,331.815000,333.395000,334.390000,334.390000,327.660000,334.390000,13.195525,3,333.436667,333.890000,335.530000,335.530000,330.890000,335.530000,5.536533,3,5022248424.333333,5021353639.000000,5026185478.000000,5026185478.000000,5019206156.000000,5026185478.000000,12778214489482.332000,3,5022606338.333333,5021890510.000000,5026185478.000000,5026185478.000000,5019743027.000000,5026185478.000000,10760601373952.332000,3,43103630.000000,43109129.000000,43111063.000000,43111063.000000,43090698.000000,43111063.000000,126362557.000000,3,11886.333333,12053.000000,12366.000000,12366.000000,11240.000000,12366.000000,337802.333333
"opensearch","Lucene","HNSW","{""ef_construction"":128,""space_type"":""cosinesimil"",""dimension"":1024,""method"":""hnsw"",""engine"":""lucene"",""m"":16}","{""candidate_k"":800}",10000,10,10,1,5,"{""javaVersion"":""21.0.11"",""os"":""Windows 11 10.0 amd64"",""resourceSampling"":""capture-window-contained-in-search-window"",""minimumMeasurementTimeMs"":5000,""protocol"":""search-parameter-sweep-v1"",""referenceRecallLevels"":[0.9,0.95],""cpu"":""AMD64 Family 25 Model 33 Stepping 0, AuthenticAMD"",""documentVectorsSha256"":""cc23f095b88585453940e8fca998f8b16f9573361b0c83f021d7bb095ba9e4c6"",""queryVectorsSha256"":""d06cc81c1169e1a926fc69a835fabda560932d8834bd687893fe0da301c4cfa9"",""containerLimits"":{""vector-opensearch"":""cpuNano=4000000000,memoryBytes=8589934592,memorySwapBytes=8589934592""},""dockerServerVersion"":""29.7.2"",""springBootVersion"":""4.1.1"",""queryPartition"":{""calibrationIdsSha256"":""8b3e0cf00bea0503372f6e0e968ec87a831d597ac5132d0e7ae30ade95164508"",""evaluationIdsSha256"":""f856701d0c4b142b59ef1f22919e1e8f1c897145a9bdf88e6b18a59196a6ca25"",""calibrationQueries"":100,""method"":""query-type-stratified-sha256"",""evaluationQueries"":200},""queryDefinitionsSha256"":""e9e52e8cd2ce129bb91205fa1a08f2baf2d4ca8bd28fe9c42299eefdb99ada18"",""availableProcessors"":16,""metric"":""COSINE"",""declaredVectorDbBudget"":{""cpuCores"":4.0,""memoryBytes"":8589934592},""physicalMemoryBytes"":51460743168}",3,"[1,2,3]",3,0.975601,0.986598,0.990722,0.990722,0.949485,0.990722,0.000516,3,4.498269,4.481527,4.581329,4.581329,4.431950,4.581329,0.005789,3,4.033967,4.013200,4.077100,4.077100,4.011600,4.077100,0.001396,3,7.396333,7.355000,7.648100,7.648100,7.185900,7.648100,0.054689,3,15.121600,15.201100,16.631300,16.631300,13.532400,16.631300,2.405535,3,2207.937872,2216.529477,2242.252220,2242.252220,2165.031920,2242.252220,1546.105428,3,5281.333333,5351.000000,5413.000000,5413.000000,5080.000000,5413.000000,31362.333333,3,2.000000,2.000000,2.000000,2.000000,2.000000,2.000000,0.000000,3,391.595000,391.685000,391.815000,391.815000,391.285000,391.815000,0.076300,3,393.640000,393.040000,396.590000,396.590000,391.290000,396.590000,7.292500,3,5022606338.000000,5021353639.000000,5026722348.000000,5026722348.000000,5019743027.000000,5026722348.000000,13354671493711.000000,3,5022964252.000000,5021890510.000000,5027259219.000000,5027259219.000000,5019743027.000000,5027259219.000000,14987976957139.000000,3,43103630.000000,43109129.000000,43111063.000000,43111063.000000,43090698.000000,43111063.000000,126362557.000000,3,11886.333333,12053.000000,12366.000000,12366.000000,11240.000000,12366.000000,337802.333333
"opensearch","Lucene","HNSW","{""ef_construction"":128,""space_type"":""cosinesimil"",""dimension"":1024,""method"":""hnsw"",""engine"":""lucene"",""m"":16}","{""candidate_k"":1000}",10000,10,10,1,5,"{""javaVersion"":""21.0.11"",""os"":""Windows 11 10.0 amd64"",""resourceSampling"":""capture-window-contained-in-search-window"",""minimumMeasurementTimeMs"":5000,""protocol"":""search-parameter-sweep-v1"",""referenceRecallLevels"":[0.9,0.95],""cpu"":""AMD64 Family 25 Model 33 Stepping 0, AuthenticAMD"",""documentVectorsSha256"":""cc23f095b88585453940e8fca998f8b16f9573361b0c83f021d7bb095ba9e4c6"",""queryVectorsSha256"":""d06cc81c1169e1a926fc69a835fabda560932d8834bd687893fe0da301c4cfa9"",""containerLimits"":{""vector-opensearch"":""cpuNano=4000000000,memoryBytes=8589934592,memorySwapBytes=8589934592""},""dockerServerVersion"":""29.7.2"",""springBootVersion"":""4.1.1"",""queryPartition"":{""calibrationIdsSha256"":""8b3e0cf00bea0503372f6e0e968ec87a831d597ac5132d0e7ae30ade95164508"",""evaluationIdsSha256"":""f856701d0c4b142b59ef1f22919e1e8f1c897145a9bdf88e6b18a59196a6ca25"",""calibrationQueries"":100,""method"":""query-type-stratified-sha256"",""evaluationQueries"":200},""queryDefinitionsSha256"":""e9e52e8cd2ce129bb91205fa1a08f2baf2d4ca8bd28fe9c42299eefdb99ada18"",""availableProcessors"":16,""metric"":""COSINE"",""declaredVectorDbBudget"":{""cpuCores"":4.0,""memoryBytes"":8589934592},""physicalMemoryBytes"":51460743168}",3,"[1,2,3]",3,0.987973,0.992268,0.997938,0.997938,0.973711,0.997938,0.000161,3,5.035046,5.030790,5.093281,5.093281,4.981067,5.093281,0.003162,3,4.125800,4.108100,4.162200,4.162200,4.107100,4.162200,0.000994,3,11.766833,11.701300,12.681700,12.681700,10.917500,12.681700,0.781321,3,23.226700,23.462100,24.270700,24.270700,21.947300,24.270700,1.391107,3,1975.593377,1973.117926,1998.731605,1998.731605,1954.930600,1998.731605,484.227905,3,5062.000000,5068.000000,5115.000000,5115.000000,5003.000000,5115.000000,3163.000000,3,2.000000,2.000000,2.000000,2.000000,2.000000,2.000000,0.000000,3,392.301667,392.150000,393.665000,393.665000,391.090000,393.665000,1.674908,3,394.736667,394.600000,396.300000,396.300000,393.310000,396.300000,2.249033,3,5022606338.333333,5021890510.000000,5026185478.000000,5026185478.000000,5019743027.000000,5026185478.000000,10760601373952.332000,3,5022606338.333333,5021890510.000000,5026185478.000000,5026185478.000000,5019743027.000000,5026185478.000000,10760601373952.332000,3,43103630.000000,43109129.000000,43111063.000000,43111063.000000,43090698.000000,43111063.000000,126362557.000000,3,11886.333333,12053.000000,12366.000000,12366.000000,11240.000000,12366.000000,337802.333333
