query_id	chunk_id	relevance
q-001	chunk-000-00	1
q-001	chunk-000-04	1
q-001	chunk-000-08	1
q-001	chunk-000-12	1
q-001	chunk-000-16	1
q-001	chunk-000-20	1
q-001	chunk-000-24	1
q-001	chunk-000-28	1
q-001	chunk-000-32	1
q-001	chunk-000-36	1
q-001	chunk-000-40	1
q-001	chunk-000-44	1
q-001	chunk-000-48	1
q-002	chunk-001-00	1
q-002	chunk-001-01	1
q-002	chunk-001-02	1
q-002	chunk-001-03	1
q-002	chunk-001-04	1
q-002	chunk-001-05	1
q-002	chunk-001-06	1
q-002	chunk-001-07	1
q-002	chunk-001-08	1
q-002	chunk-001-09	1
q-002	chunk-001-10	1
q-002	chunk-001-11	1
q-002	chunk-001-12	1
q-002	chunk-001-13	1
q-002	chunk-001-14	1
q-002	chunk-001-15	1
q-002	chunk-001-16	1
q-002	chunk-001-17	1
q-002	chunk-001-18	1
q-002	chunk-001-19	1
q-003	chunk-002-00	1
q-003	chunk-002-01	1
q-003	chunk-002-02	1
q-003	chunk-002-03	1
q-003	chunk-002-04	1
q-003	chunk-002-05	1
q-003	chunk-002-06	1
q-003	chunk-002-07	1
q-003	chunk-002-08	1
q-003	chunk-002-09	1
q-003	chunk-002-10	1
q-003	chunk-002-11	1
q-003	chunk-002-12	1
q-003	chunk-002-13	1
q-003	chunk-002-14	1
q-003	chunk-002-15	1
q-003	chunk-002-16	1
q-003	chunk-002-17	1
q-003	chunk-002-18	1
q-003	chunk-002-19	1
q-004	chunk-003-00	1
q-004	chunk-003-01	1
q-004	chunk-003-02	1
q-004	chunk-003-03	1
q-004	chunk-003-04	1
q-004	chunk-003-05	1
q-004	chunk-003-06	1
q-004	chunk-003-07	1
q-004	chunk-003-08	1
q-004	chunk-003-09	1
q-004	chunk-003-10	1
q-004	chunk-003-11	1
q-004	chunk-003-12	1
q-004	chunk-003-13	1
q-004	chunk-003-14	1
q-004	chunk-003-15	1
q-004	chunk-003-16	1
q-004	chunk-003-17	1
q-004	chunk-003-18	1
q-004	chunk-003-19	1
q-005	chunk-004-00	1
q-005	chunk-004-01	1
q-005	chunk-004-02	1
q-005	chunk-004-03	1
q-005	chunk-004-04	1
q-005	chunk-004-05	1
q-005	chunk-004-06	1
q-005	chunk-004-07	1
q-005	chunk-004-08	1
q-005	chunk-004-09	1
q-005	chunk-004-10	1
q-005	chunk-004-11	1
q-005	chunk-004-12	1
q-005	chunk-004-13	1
q-005	chunk-004-14	1
q-005	chunk-004-15	1
q-005	chunk-004-16	1
q-005	chunk-004-17	1
q-005	chunk-004-18	1
q-005	chunk-004-19	1
q-006	chunk-005-00	1
q-006	chunk-005-01	1
q-006	chunk-005-02	1
q-006	chunk-005-03	1
q-006	chunk-005-04	1
q-006	chunk-005-05	1
q-006	chunk-005-06	1
q-006	chunk-005-07	1
q-006	chunk-005-08	1
q-006	chunk-005-09	1
q-006	chunk-005-10	1
q-006	chunk-005-11	1
q-006	chunk-005-12	1
q-006	chunk-005-13	1
q-006	chunk-005-14	1
q-006	chunk-005-15	1
q-006	chunk-005-16	1
q-006	chunk-005-17	1
q-006	chunk-005-18	1
q-006	chunk-005-19	1
q-007	chunk-006-00	1
q-007	chunk-006-01	1
q-007	chunk-006-02	1
q-007	chunk-006-03	1
q-007	chunk-006-04	1
q-007	chunk-006-05	1
q-007	chunk-006-06	1
q-007	chunk-006-07	1
q-007	chunk-006-08	1
q-007	chunk-006-09	1
q-007	chunk-006-10	1
q-007	chunk-006-11	1
q-007	chunk-006-12	1
q-007	chunk-006-13	1
q-007	chunk-006-14	1
q-007	chunk-006-15	1
q-007	chunk-006-16	1
q-007	chunk-006-17	1
q-007	chunk-006-18	1
q-007	chunk-006-19	1
q-009	chunk-008-00	1
q-009	chunk-008-04	1
q-009	chunk-008-08	1
q-009	chunk-008-12	1
q-009	chunk-008-16	1
q-009	chunk-008-20	1
q-009	chunk-008-24	1
q-009	chunk-008-28	1
q-009	chunk-008-32	1
q-009	chunk-008-36	1
q-009	chunk-008-40	1
q-009	chunk-008-44	1
q-009	chunk-008-48	1
q-010	chunk-009-00	1
q-010	chunk-009-01	1
q-010	chunk-009-02	1
q-010	chunk-009-03	1
q-010	chunk-009-04	1
q-010	chunk-009-05	1
q-010	chunk-009-06	1
q-010	chunk-009-07	1
q-010	chunk-009-08	1
q-010	chunk-009-09	1
q-010	chunk-009-10	1
q-010	chunk-009-11	1
q-010	chunk-009-12	1
q-010	chunk-009-13	1
q-010	chunk-009-14	1
q-010	chunk-009-15	1
q-010	chunk-009-16	1
q-010	chunk-009-17	1
q-010	chunk-009-18	1
q-010	chunk-009-19	1
q-011	chunk-010-00	1
q-011	chunk-010-01	1
q-011	chunk-010-02	1
q-011	chunk-010-03	1
q-011	chunk-010-04	1
q-011	chunk-010-05	1
q-011	chunk-010-06	1
q-011	chunk-010-07	1
q-011	chunk-010-08	1
q-011	chunk-010-09	1
q-011	chunk-010-10	1
q-011	chunk-010-11	1
q-011	chunk-010-12	1
q-011	chunk-010-13	1
q-011	chunk-010-14	1
q-011	chunk-010-15	1
q-011	chunk-010-16	1
q-011	chunk-010-17	1
q-011	chunk-010-18	1
q-011	chunk-010-19	1
q-012	chunk-011-00	1
q-012	chunk-011-01	1
q-012	chunk-011-02	1
q-012	chunk-011-03	1
q-012	chunk-011-04	1
q-012	chunk-011-05	1
q-012	chunk-011-06	1
q-012	chunk-011-07	1
q-012	chunk-011-08	1
q-012	chunk-011-09	1
q-012	chunk-011-10	1
q-012	chunk-011-11	1
q-012	chunk-011-12	1
q-012	chunk-011-13	1
q-012	chunk-011-14	1
q-012	chunk-011-15	1
q-012	chunk-011-16	1
q-012	chunk-011-17	1
q-012	chunk-011-18	1
q-012	chunk-011-19	1
q-013	chunk-012-00	1
q-013	chunk-012-01	1
q-013	chunk-012-02	1
q-013	chunk-012-03	1
q-013	chunk-012-04	1
q-013	chunk-012-05	1
q-013	chunk-012-06	1
q-013	chunk-012-07	1
q-013	chunk-012-08	1
q-013	chunk-012-09	1
q-013	chunk-012-10	1
q-013	chunk-012-11	1
q-013	chunk-012-12	1
q-013	chunk-012-13	1
q-013	chunk-012-14	1
q-013	chunk-012-15	1
q-013	chunk-012-16	1
q-013	chunk-012-17	1
q-013	chunk-012-18	1
q-013	chunk-012-19	1
q-014	chunk-013-00	1
q-014	chunk-013-01	1
q-014	chunk-013-02	1
q-014	chunk-013-03	1
q-014	chunk-013-04	1
q-014	chunk-013-05	1
q-014	chunk-013-06	1
q-014	chunk-013-07	1
q-014	chunk-013-08	1
q-014	chunk-013-09	1
q-014	chunk-013-10	1
q-014	chunk-013-11	1
q-014	chunk-013-12	1
q-014	chunk-013-13	1
q-014	chunk-013-14	1
q-014	chunk-013-15	1
q-014	chunk-013-16	1
q-014	chunk-013-17	1
q-014	chunk-013-18	1
q-014	chunk-013-19	1
q-015	chunk-014-00	1
q-015	chunk-014-01	1
q-015	chunk-014-02	1
q-015	chunk-014-03	1
q-015	chunk-014-04	1
q-015	chunk-014-05	1
q-015	chunk-014-06	1
q-015	chunk-014-07	1
q-015	chunk-014-08	1
q-015	chunk-014-09	1
q-015	chunk-014-10	1
q-015	chunk-014-11	1
q-015	chunk-014-12	1
q-015	chunk-014-13	1
q-015	chunk-014-14	1
q-015	chunk-014-15	1
q-015	chunk-014-16	1
q-015	chunk-014-17	1
q-015	chunk-014-18	1
q-015	chunk-014-19	1
q-016	chunk-015-00	1
q-016	chunk-015-01	1
q-016	chunk-015-02	1
q-016	chunk-015-03	1
q-016	chunk-015-04	1
q-016	chunk-015-05	1
q-016	chunk-015-06	1
q-016	chunk-015-07	1
q-016	chunk-015-08	1
q-016	chunk-015-09	1
q-016	chunk-015-10	1
q-016	chunk-015-11	1
q-016	chunk-015-12	1
q-016	chunk-015-13	1
q-016	chunk-015-14	1
q-016	chunk-015-15	1
q-016	chunk-015-16	1
q-016	chunk-015-17	1
q-016	chunk-015-18	1
q-016	chunk-015-19	1
q-017	chunk-016-00	1
q-017	chunk-016-01	1
q-017	chunk-016-02	1
q-017	chunk-016-03	1
q-017	chunk-016-04	1
q-017	chunk-016-05	1
q-017	chunk-016-06	1
q-017	chunk-016-07	1
q-017	chunk-016-08	1
q-017	chunk-016-09	1
q-017	chunk-016-10	1
q-017	chunk-016-11	1
q-017	chunk-016-12	1
q-017	chunk-016-13	1
q-017	chunk-016-14	1
q-017	chunk-016-15	1
q-017	chunk-016-16	1
q-017	chunk-016-17	1
q-017	chunk-016-18	1
q-017	chunk-016-19	1
q-018	chunk-017-00	1
q-018	chunk-017-01	1
q-018	chunk-017-02	1
q-018	chunk-017-03	1
q-018	chunk-017-04	1
q-018	chunk-017-05	1
q-018	chunk-017-06	1
q-018	chunk-017-07	1
q-018	chunk-017-08	1
q-018	chunk-017-09	1
q-018	chunk-017-10	1
q-018	chunk-017-11	1
q-018	chunk-017-12	1
q-018	chunk-017-13	1
q-018	chunk-017-14	1
q-018	chunk-017-15	1
q-018	chunk-017-16	1
q-018	chunk-017-17	1
q-018	chunk-017-18	1
q-018	chunk-017-19	1
q-019	chunk-018-00	1
q-019	chunk-018-01	1
q-019	chunk-018-02	1
q-019	chunk-018-03	1
q-019	chunk-018-04	1
q-019	chunk-018-05	1
q-019	chunk-018-06	1
q-019	chunk-018-07	1
q-019	chunk-018-08	1
q-019	chunk-018-09	1
q-019	chunk-018-10	1
q-019	chunk-018-11	1
q-019	chunk-018-12	1
q-019	chunk-018-13	1
q-019	chunk-018-14	1
q-019	chunk-018-15	1
q-019	chunk-018-16	1
q-019	chunk-018-17	1
q-019	chunk-018-18	1
q-019	chunk-018-19	1
q-020	chunk-019-00	1
q-020	chunk-019-01	1
q-020	chunk-019-02	1
q-020	chunk-019-03	1
q-020	chunk-019-04	1
q-020	chunk-019-05	1
q-020	chunk-019-06	1
q-020	chunk-019-07	1
q-020	chunk-019-08	1
q-020	chunk-019-09	1
q-020	chunk-019-10	1
q-020	chunk-019-11	1
q-020	chunk-019-12	1
q-020	chunk-019-13	1
q-020	chunk-019-14	1
q-020	chunk-019-15	1
q-020	chunk-019-16	1
q-020	chunk-019-17	1
q-020	chunk-019-18	1
q-020	chunk-019-19	1
q-021	chunk-020-00	1
q-021	chunk-020-01	1
q-021	chunk-020-02	1
q-021	chunk-020-03	1
q-021	chunk-020-04	1
q-021	chunk-020-05	1
q-021	chunk-020-06	1
q-021	chunk-020-07	1
q-021	chunk-020-08	1
q-021	chunk-020-09	1
q-021	chunk-020-10	1
q-021	chunk-020-11	1
q-021	chunk-020-12	1
q-021	chunk-020-13	1
q-021	chunk-020-14	1
q-021	chunk-020-15	1
q-021	chunk-020-16	1
q-021	chunk-020-17	1
q-021	chunk-020-18	1
q-021	chunk-020-19	1
q-022	chunk-021-00	1
q-022	chunk-021-01	1
q-022	chunk-021-02	1
q-022	chunk-021-03	1
q-022	chunk-021-04	1
q-022	chunk-021-05	1
q-022	chunk-021-06	1
q-022	chunk-021-07	1
q-022	chunk-021-08	1
q-022	chunk-021-09	1
q-022	chunk-021-10	1
q-022	chunk-021-11	1
q-022	chunk-021-12	1
q-022	chunk-021-13	1
q-022	chunk-021-14	1
q-022	chunk-021-15	1
q-022	chunk-021-16	1
q-022	chunk-021-17	1
q-022	chunk-021-18	1
q-022	chunk-021-19	1
q-023	chunk-022-00	1
q-023	chunk-022-01	1
q-023	chunk-022-02	1
q-023	chunk-022-03	1
q-023	chunk-022-04	1
q-023	chunk-022-05	1
q-023	chunk-022-06	1
q-023	chunk-022-07	1
q-023	chunk-022-08	1
q-023	chunk-022-09	1
q-023	chunk-022-10	1
q-023	chunk-022-11	1
q-023	chunk-022-12	1
q-023	chunk-022-13	1
q-023	chunk-022-14	1
q-023	chunk-022-15	1
q-023	chunk-022-16	1
q-023	chunk-022-17	1
q-023	chunk-022-18	1
q-023	chunk-022-19	1
q-024	chunk-023-00	1
q-024	chunk-023-01	1
q-024	chunk-023-02	1
q-024	chunk-023-03	1
q-024	chunk-023-04	1
q-024	chunk-023-05	1
q-024	chunk-023-06	1
q-024	chunk-023-07	1
q-024	chunk-023-08	1
q-024	chunk-023-09	1
q-024	chunk-023-10	1
q-024	chunk-023-11	1
q-024	chunk-023-12	1
q-024	chunk-023-13	1
q-024	chunk-023-14	1
q-024	chunk-023-15	1
q-024	chunk-023-16	1
q-024	chunk-023-17	1
q-024	chunk-023-18	1
q-024	chunk-023-19	1
q-025	chunk-024-00	1
q-025	chunk-024-01	1
q-025	chunk-024-02	1
q-025	chunk-024-03	1
q-025	chunk-024-04	1
q-025	chunk-024-05	1
q-025	chunk-024-06	1
q-025	chunk-024-07	1
q-025	chunk-024-08	1
q-025	chunk-024-09	1
q-025	chunk-024-10	1
q-025	chunk-024-11	1
q-025	chunk-024-12	1
q-025	chunk-024-13	1
q-025	chunk-024-14	1
q-025	chunk-024-15	1
q-025	chunk-024-16	1
q-025	chunk-024-17	1
q-025	chunk-024-18	1
q-025	chunk-024-19	1
q-026	chunk-025-00	1
q-026	chunk-025-01	1
q-026	chunk-025-02	1
q-026	chunk-025-03	1
q-026	chunk-025-04	1
q-026	chunk-025-05	1
q-026	chunk-025-06	1
q-026	chunk-025-07	1
q-026	chunk-025-08	1
q-026	chunk-025-09	1
q-026	chunk-025-10	1
q-026	chunk-025-11	1
q-026	chunk-025-12	1
q-026	chunk-025-13	1
q-026	chunk-025-14	1
q-026	chunk-025-15	1
q-026	chunk-025-16	1
q-026	chunk-025-17	1
q-026	chunk-025-18	1
q-026	chunk-025-19	1
q-027	chunk-026-00	1
q-027	chunk-026-01	1
q-027	chunk-026-02	1
q-027	chunk-026-03	1
q-027	chunk-026-04	1
q-027	chunk-026-05	1
q-027	chunk-026-06	1
q-027	chunk-026-07	1
q-027	chunk-026-08	1
q-027	chunk-026-09	1
q-027	chunk-026-10	1
q-027	chunk-026-11	1
q-027	chunk-026-12	1
q-027	chunk-026-13	1
q-027	chunk-026-14	1
q-027	chunk-026-15	1
q-027	chunk-026-16	1
q-027	chunk-026-17	1
q-027	chunk-026-18	1
q-027	chunk-026-19	1
q-028	chunk-027-00	1
q-028	chunk-027-01	1
q-028	chunk-027-02	1
q-028	chunk-027-03	1
q-028	chunk-027-04	1
q-028	chunk-027-05	1
q-028	chunk-027-06	1
q-028	chunk-027-07	1
q-028	chunk-027-08	1
q-028	chunk-027-09	1
q-028	chunk-027-10	1
q-028	chunk-027-11	1
q-028	chunk-027-12	1
q-028	chunk-027-13	1
q-028	chunk-027-14	1
q-028	chunk-027-15	1
q-028	chunk-027-16	1
q-028	chunk-027-17	1
q-028	chunk-027-18	1
q-028	chunk-027-19	1
q-029	chunk-028-00	1
q-029	chunk-028-01	1
q-029	chunk-028-02	1
q-029	chunk-028-03	1
q-029	chunk-028-04	1
q-029	chunk-028-05	1
q-029	chunk-028-06	1
q-029	chunk-028-07	1
q-029	chunk-028-08	1
q-029	chunk-028-09	1
q-029	chunk-028-10	1
q-029	chunk-028-11	1
q-029	chunk-028-12	1
q-029	chunk-028-13	1
q-029	chunk-028-14	1
q-029	chunk-028-15	1
q-029	chunk-028-16	1
q-029	chunk-028-17	1
q-029	chunk-028-18	1
q-029	chunk-028-19	1
q-030	chunk-029-00	1
q-030	chunk-029-01	1
q-030	chunk-029-02	1
q-030	chunk-029-03	1
q-030	chunk-029-04	1
q-030	chunk-029-05	1
q-030	chunk-029-06	1
q-030	chunk-029-07	1
q-030	chunk-029-08	1
q-030	chunk-029-09	1
q-030	chunk-029-10	1
q-030	chunk-029-11	1
q-030	chunk-029-12	1
q-030	chunk-029-13	1
q-030	chunk-029-14	1
q-030	chunk-029-15	1
q-030	chunk-029-16	1
q-030	chunk-029-17	1
q-030	chunk-029-18	1
q-030	chunk-029-19	1
q-031	chunk-030-00	1
q-031	chunk-030-01	1
q-031	chunk-030-02	1
q-031	chunk-030-03	1
q-031	chunk-030-04	1
q-031	chunk-030-05	1
q-031	chunk-030-06	1
q-031	chunk-030-07	1
q-031	chunk-030-08	1
q-031	chunk-030-09	1
q-031	chunk-030-10	1
q-031	chunk-030-11	1
q-031	chunk-030-12	1
q-031	chunk-030-13	1
q-031	chunk-030-14	1
q-031	chunk-030-15	1
q-031	chunk-030-16	1
q-031	chunk-030-17	1
q-031	chunk-030-18	1
q-031	chunk-030-19	1
q-032	chunk-031-00	1
q-032	chunk-031-01	1
q-032	chunk-031-02	1
q-032	chunk-031-03	1
q-032	chunk-031-04	1
q-032	chunk-031-05	1
q-032	chunk-031-06	1
q-032	chunk-031-07	1
q-032	chunk-031-08	1
q-032	chunk-031-09	1
q-032	chunk-031-10	1
q-032	chunk-031-11	1
q-032	chunk-031-12	1
q-032	chunk-031-13	1
q-032	chunk-031-14	1
q-032	chunk-031-15	1
q-032	chunk-031-16	1
q-032	chunk-031-17	1
q-032	chunk-031-18	1
q-032	chunk-031-19	1
q-033	chunk-032-00	1
q-033	chunk-032-01	1
q-033	chunk-032-02	1
q-033	chunk-032-03	1
q-033	chunk-032-04	1
q-033	chunk-032-05	1
q-033	chunk-032-06	1
q-033	chunk-032-07	1
q-033	chunk-032-08	1
q-033	chunk-032-09	1
q-033	chunk-032-10	1
q-033	chunk-032-11	1
q-033	chunk-032-12	1
q-033	chunk-032-13	1
q-033	chunk-032-14	1
q-033	chunk-032-15	1
q-033	chunk-032-16	1
q-033	chunk-032-17	1
q-033	chunk-032-18	1
q-033	chunk-032-19	1
q-034	chunk-033-01	1
q-034	chunk-033-05	1
q-034	chunk-033-09	1
q-034	chunk-033-13	1
q-034	chunk-033-17	1
q-034	chunk-033-21	1
q-034	chunk-033-25	1
q-034	chunk-033-29	1
q-034	chunk-033-33	1
q-034	chunk-033-37	1
q-034	chunk-033-41	1
q-034	chunk-033-45	1
q-034	chunk-033-49	1
q-035	chunk-034-00	1
q-035	chunk-034-01	1
q-035	chunk-034-02	1
q-035	chunk-034-03	1
q-035	chunk-034-04	1
q-035	chunk-034-05	1
q-035	chunk-034-06	1
q-035	chunk-034-07	1
q-035	chunk-034-08	1
q-035	chunk-034-09	1
q-035	chunk-034-10	1
q-035	chunk-034-11	1
q-035	chunk-034-12	1
q-035	chunk-034-13	1
q-035	chunk-034-14	1
q-035	chunk-034-15	1
q-035	chunk-034-16	1
q-035	chunk-034-17	1
q-035	chunk-034-18	1
q-035	chunk-034-19	1
q-036	chunk-035-00	1
q-036	chunk-035-01	1
q-036	chunk-035-02	1
q-036	chunk-035-03	1
q-036	chunk-035-04	1
q-036	chunk-035-05	1
q-036	chunk-035-06	1
q-036	chunk-035-07	1
q-036	chunk-035-08	1
q-036	chunk-035-09	1
q-036	chunk-035-10	1
q-036	chunk-035-11	1
q-036	chunk-035-12	1
q-036	chunk-035-13	1
q-036	chunk-035-14	1
q-036	chunk-035-15	1
q-036	chunk-035-16	1
q-036	chunk-035-17	1
q-036	chunk-035-18	1
q-036	chunk-035-19	1
q-037	chunk-036-00	1
q-037	chunk-036-01	1
q-037	chunk-036-02	1
q-037	chunk-036-03	1
q-037	chunk-036-04	1
q-037	chunk-036-05	1
q-037	chunk-036-06	1
q-037	chunk-036-07	1
q-037	chunk-036-08	1
q-037	chunk-036-09	1
q-037	chunk-036-10	1
q-037	chunk-036-11	1
q-037	chunk-036-12	1
q-037	chunk-036-13	1
q-037	chunk-036-14	1
q-037	chunk-036-15	1
q-037	chunk-036-16	1
q-037	chunk-036-17	1
q-037	chunk-036-18	1
q-037	chunk-036-19	1
q-038	chunk-037-00	1
q-038	chunk-037-01	1
q-038	chunk-037-02	1
q-038	chunk-037-03	1
q-038	chunk-037-04	1
q-038	chunk-037-05	1
q-038	chunk-037-06	1
q-038	chunk-037-07	1
q-038	chunk-037-08	1
q-038	chunk-037-09	1
q-038	chunk-037-10	1
q-038	chunk-037-11	1
q-038	chunk-037-12	1
q-038	chunk-037-13	1
q-038	chunk-037-14	1
q-038	chunk-037-15	1
q-038	chunk-037-16	1
q-038	chunk-037-17	1
q-038	chunk-037-18	1
q-038	chunk-037-19	1
q-039	chunk-038-00	1
q-039	chunk-038-01	1
q-039	chunk-038-02	1
q-039	chunk-038-03	1
q-039	chunk-038-04	1
q-039	chunk-038-05	1
q-039	chunk-038-06	1
q-039	chunk-038-07	1
q-039	chunk-038-08	1
q-039	chunk-038-09	1
q-039	chunk-038-10	1
q-039	chunk-038-11	1
q-039	chunk-038-12	1
q-039	chunk-038-13	1
q-039	chunk-038-14	1
q-039	chunk-038-15	1
q-039	chunk-038-16	1
q-039	chunk-038-17	1
q-039	chunk-038-18	1
q-039	chunk-038-19	1
q-040	chunk-039-00	1
q-040	chunk-039-01	1
q-040	chunk-039-02	1
q-040	chunk-039-03	1
q-040	chunk-039-04	1
q-040	chunk-039-05	1
q-040	chunk-039-06	1
q-040	chunk-039-07	1
q-040	chunk-039-08	1
q-040	chunk-039-09	1
q-040	chunk-039-10	1
q-040	chunk-039-11	1
q-040	chunk-039-12	1
q-040	chunk-039-13	1
q-040	chunk-039-14	1
q-040	chunk-039-15	1
q-040	chunk-039-16	1
q-040	chunk-039-17	1
q-040	chunk-039-18	1
q-040	chunk-039-19	1
q-041	chunk-040-00	1
q-041	chunk-040-01	1
q-041	chunk-040-02	1
q-041	chunk-040-03	1
q-041	chunk-040-04	1
q-041	chunk-040-05	1
q-041	chunk-040-06	1
q-041	chunk-040-07	1
q-041	chunk-040-08	1
q-041	chunk-040-09	1
q-041	chunk-040-10	1
q-041	chunk-040-11	1
q-041	chunk-040-12	1
q-041	chunk-040-13	1
q-041	chunk-040-14	1
q-041	chunk-040-15	1
q-041	chunk-040-16	1
q-041	chunk-040-17	1
q-041	chunk-040-18	1
q-041	chunk-040-19	1
q-042	chunk-041-01	1
q-042	chunk-041-05	1
q-042	chunk-041-09	1
q-042	chunk-041-13	1
q-042	chunk-041-17	1
q-042	chunk-041-21	1
q-042	chunk-041-25	1
q-042	chunk-041-29	1
q-042	chunk-041-33	1
q-042	chunk-041-37	1
q-042	chunk-041-41	1
q-042	chunk-041-45	1
q-042	chunk-041-49	1
q-043	chunk-042-00	1
q-043	chunk-042-01	1
q-043	chunk-042-02	1
q-043	chunk-042-03	1
q-043	chunk-042-04	1
q-043	chunk-042-05	1
q-043	chunk-042-06	1
q-043	chunk-042-07	1
q-043	chunk-042-08	1
q-043	chunk-042-09	1
q-043	chunk-042-10	1
q-043	chunk-042-11	1
q-043	chunk-042-12	1
q-043	chunk-042-13	1
q-043	chunk-042-14	1
q-043	chunk-042-15	1
q-043	chunk-042-16	1
q-043	chunk-042-17	1
q-043	chunk-042-18	1
q-043	chunk-042-19	1
q-044	chunk-043-00	1
q-044	chunk-043-01	1
q-044	chunk-043-02	1
q-044	chunk-043-03	1
q-044	chunk-043-04	1
q-044	chunk-043-05	1
q-044	chunk-043-06	1
q-044	chunk-043-07	1
q-044	chunk-043-08	1
q-044	chunk-043-09	1
q-044	chunk-043-10	1
q-044	chunk-043-11	1
q-044	chunk-043-12	1
q-044	chunk-043-13	1
q-044	chunk-043-14	1
q-044	chunk-043-15	1
q-044	chunk-043-16	1
q-044	chunk-043-17	1
q-044	chunk-043-18	1
q-044	chunk-043-19	1
q-045	chunk-044-00	1
q-045	chunk-044-01	1
q-045	chunk-044-02	1
q-045	chunk-044-03	1
q-045	chunk-044-04	1
q-045	chunk-044-05	1
q-045	chunk-044-06	1
q-045	chunk-044-07	1
q-045	chunk-044-08	1
q-045	chunk-044-09	1
q-045	chunk-044-10	1
q-045	chunk-044-11	1
q-045	chunk-044-12	1
q-045	chunk-044-13	1
q-045	chunk-044-14	1
q-045	chunk-044-15	1
q-045	chunk-044-16	1
q-045	chunk-044-17	1
q-045	chunk-044-18	1
q-045	chunk-044-19	1
q-046	chunk-045-00	1
q-046	chunk-045-01	1
q-046	chunk-045-02	1
q-046	chunk-045-03	1
q-046	chunk-045-04	1
q-046	chunk-045-05	1
q-046	chunk-045-06	1
q-046	chunk-045-07	1
q-046	chunk-045-08	1
q-046	chunk-045-09	1
q-046	chunk-045-10	1
q-046	chunk-045-11	1
q-046	chunk-045-12	1
q-046	chunk-045-13	1
q-046	chunk-045-14	1
q-046	chunk-045-15	1
q-046	chunk-045-16	1
q-046	chunk-045-17	1
q-046	chunk-045-18	1
q-046	chunk-045-19	1
q-047	chunk-046-00	1
q-047	chunk-046-01	1
q-047	chunk-046-02	1
q-047	chunk-046-03	1
q-047	chunk-046-04	1
q-047	chunk-046-05	1
q-047	chunk-046-06	1
q-047	chunk-046-07	1
q-047	chunk-046-08	1
q-047	chunk-046-09	1
q-047	chunk-046-10	1
q-047	chunk-046-11	1
q-047	chunk-046-12	1
q-047	chunk-046-13	1
q-047	chunk-046-14	1
q-047	chunk-046-15	1
q-047	chunk-046-16	1
q-047	chunk-046-17	1
q-047	chunk-046-18	1
q-047	chunk-046-19	1
q-048	chunk-047-00	1
q-048	chunk-047-01	1
q-048	chunk-047-02	1
q-048	chunk-047-03	1
q-048	chunk-047-04	1
q-048	chunk-047-05	1
q-048	chunk-047-06	1
q-048	chunk-047-07	1
q-048	chunk-047-08	1
q-048	chunk-047-09	1
q-048	chunk-047-10	1
q-048	chunk-047-11	1
q-048	chunk-047-12	1
q-048	chunk-047-13	1
q-048	chunk-047-14	1
q-048	chunk-047-15	1
q-048	chunk-047-16	1
q-048	chunk-047-17	1
q-048	chunk-047-18	1
q-048	chunk-047-19	1
q-049	chunk-048-00	1
q-049	chunk-048-01	1
q-049	chunk-048-02	1
q-049	chunk-048-03	1
q-049	chunk-048-04	1
q-049	chunk-048-05	1
q-049	chunk-048-06	1
q-049	chunk-048-07	1
q-049	chunk-048-08	1
q-049	chunk-048-09	1
q-049	chunk-048-10	1
q-049	chunk-048-11	1
q-049	chunk-048-12	1
q-049	chunk-048-13	1
q-049	chunk-048-14	1
q-049	chunk-048-15	1
q-049	chunk-048-16	1
q-049	chunk-048-17	1
q-049	chunk-048-18	1
q-049	chunk-048-19	1
q-050	chunk-049-00	1
q-050	chunk-049-01	1
q-050	chunk-049-02	1
q-050	chunk-049-03	1
q-050	chunk-049-04	1
q-050	chunk-049-05	1
q-050	chunk-049-06	1
q-050	chunk-049-07	1
q-050	chunk-049-08	1
q-050	chunk-049-09	1
q-050	chunk-049-10	1
q-050	chunk-049-11	1
q-050	chunk-049-12	1
q-050	chunk-049-13	1
q-050	chunk-049-14	1
q-050	chunk-049-15	1
q-050	chunk-049-16	1
q-050	chunk-049-17	1
q-050	chunk-049-18	1
q-050	chunk-049-19	1
q-051	chunk-050-00	1
q-051	chunk-050-01	1
q-051	chunk-050-02	1
q-051	chunk-050-03	1
q-051	chunk-050-04	1
q-051	chunk-050-05	1
q-051	chunk-050-06	1
q-051	chunk-050-07	1
q-051	chunk-050-08	1
q-051	chunk-050-09	1
q-051	chunk-050-10	1
q-051	chunk-050-11	1
q-051	chunk-050-12	1
q-051	chunk-050-13	1
q-051	chunk-050-14	1
q-051	chunk-050-15	1
q-051	chunk-050-16	1
q-051	chunk-050-17	1
q-051	chunk-050-18	1
q-051	chunk-050-19	1
q-052	chunk-051-00	1
q-052	chunk-051-01	1
q-052	chunk-051-02	1
q-052	chunk-051-03	1
q-052	chunk-051-04	1
q-052	chunk-051-05	1
q-052	chunk-051-06	1
q-052	chunk-051-07	1
q-052	chunk-051-08	1
q-052	chunk-051-09	1
q-052	chunk-051-10	1
q-052	chunk-051-11	1
q-052	chunk-051-12	1
q-052	chunk-051-13	1
q-052	chunk-051-14	1
q-052	chunk-051-15	1
q-052	chunk-051-16	1
q-052	chunk-051-17	1
q-052	chunk-051-18	1
q-052	chunk-051-19	1
q-053	chunk-052-00	1
q-053	chunk-052-04	1
q-053	chunk-052-08	1
q-053	chunk-052-12	1
q-053	chunk-052-16	1
q-053	chunk-052-20	1
q-053	chunk-052-24	1
q-053	chunk-052-28	1
q-053	chunk-052-32	1
q-053	chunk-052-36	1
q-053	chunk-052-40	1
q-053	chunk-052-44	1
q-053	chunk-052-48	1
q-054	chunk-053-00	1
q-054	chunk-053-01	1
q-054	chunk-053-02	1
q-054	chunk-053-03	1
q-054	chunk-053-04	1
q-054	chunk-053-05	1
q-054	chunk-053-06	1
q-054	chunk-053-07	1
q-054	chunk-053-08	1
q-054	chunk-053-09	1
q-054	chunk-053-10	1
q-054	chunk-053-11	1
q-054	chunk-053-12	1
q-054	chunk-053-13	1
q-054	chunk-053-14	1
q-054	chunk-053-15	1
q-054	chunk-053-16	1
q-054	chunk-053-17	1
q-054	chunk-053-18	1
q-054	chunk-053-19	1
q-055	chunk-054-00	1
q-055	chunk-054-01	1
q-055	chunk-054-02	1
q-055	chunk-054-03	1
q-055	chunk-054-04	1
q-055	chunk-054-05	1
q-055	chunk-054-06	1
q-055	chunk-054-07	1
q-055	chunk-054-08	1
q-055	chunk-054-09	1
q-055	chunk-054-10	1
q-055	chunk-054-11	1
q-055	chunk-054-12	1
q-055	chunk-054-13	1
q-055	chunk-054-14	1
q-055	chunk-054-15	1
q-055	chunk-054-16	1
q-055	chunk-054-17	1
q-055	chunk-054-18	1
q-055	chunk-054-19	1
q-056	chunk-055-00	1
q-056	chunk-055-01	1
q-056	chunk-055-02	1
q-056	chunk-055-03	1
q-056	chunk-055-04	1
q-056	chunk-055-05	1
q-056	chunk-055-06	1
q-056	chunk-055-07	1
q-056	chunk-055-08	1
q-056	chunk-055-09	1
q-056	chunk-055-10	1
q-056	chunk-055-11	1
q-056	chunk-055-12	1
q-056	chunk-055-13	1
q-056	chunk-055-14	1
q-056	chunk-055-15	1
q-056	chunk-055-16	1
q-056	chunk-055-17	1
q-056	chunk-055-18	1
q-056	chunk-055-19	1
q-057	chunk-056-00	1
q-057	chunk-056-01	1
q-057	chunk-056-02	1
q-057	chunk-056-03	1
q-057	chunk-056-04	1
q-057	chunk-056-05	1
q-057	chunk-056-06	1
q-057	chunk-056-07	1
q-057	chunk-056-08	1
q-057	chunk-056-09	1
q-057	chunk-056-10	1
q-057	chunk-056-11	1
q-057	chunk-056-12	1
q-057	chunk-056-13	1
q-057	chunk-056-14	1
q-057	chunk-056-15	1
q-057	chunk-056-16	1
q-057	chunk-056-17	1
q-057	chunk-056-18	1
q-057	chunk-056-19	1
q-058	chunk-057-00	1
q-058	chunk-057-01	1
q-058	chunk-057-02	1
q-058	chunk-057-03	1
q-058	chunk-057-04	1
q-058	chunk-057-05	1
q-058	chunk-057-06	1
q-058	chunk-057-07	1
q-058	chunk-057-08	1
q-058	chunk-057-09	1
q-058	chunk-057-10	1
q-058	chunk-057-11	1
q-058	chunk-057-12	1
q-058	chunk-057-13	1
q-058	chunk-057-14	1
q-058	chunk-057-15	1
q-058	chunk-057-16	1
q-058	chunk-057-17	1
q-058	chunk-057-18	1
q-058	chunk-057-19	1
q-059	chunk-058-00	1
q-059	chunk-058-01	1
q-059	chunk-058-02	1
q-059	chunk-058-03	1
q-059	chunk-058-04	1
q-059	chunk-058-05	1
q-059	chunk-058-06	1
q-059	chunk-058-07	1
q-059	chunk-058-08	1
q-059	chunk-058-09	1
q-059	chunk-058-10	1
q-059	chunk-058-11	1
q-059	chunk-058-12	1
q-059	chunk-058-13	1
q-059	chunk-058-14	1
q-059	chunk-058-15	1
q-059	chunk-058-16	1
q-059	chunk-058-17	1
q-059	chunk-058-18	1
q-059	chunk-058-19	1
q-060	chunk-059-00	1
q-060	chunk-059-01	1
q-060	chunk-059-02	1
q-060	chunk-059-03	1
q-060	chunk-059-04	1
q-060	chunk-059-05	1
q-060	chunk-059-06	1
q-060	chunk-059-07	1
q-060	chunk-059-08	1
q-060	chunk-059-09	1
q-060	chunk-059-10	1
q-060	chunk-059-11	1
q-060	chunk-059-12	1
q-060	chunk-059-13	1
q-060	chunk-059-14	1
q-060	chunk-059-15	1
q-060	chunk-059-16	1
q-060	chunk-059-17	1
q-060	chunk-059-18	1
q-060	chunk-059-19	1
q-061	chunk-060-00	1
q-061	chunk-060-01	1
q-061	chunk-060-02	1
q-061	chunk-060-03	1
q-061	chunk-060-04	1
q-061	chunk-060-05	1
q-061	chunk-060-06	1
q-061	chunk-060-07	1
q-061	chunk-060-08	1
q-061	chunk-060-09	1
q-061	chunk-060-10	1
q-061	chunk-060-11	1
q-061	chunk-060-12	1
q-061	chunk-060-13	1
q-061	chunk-060-14	1
q-061	chunk-060-15	1
q-061	chunk-060-16	1
q-061	chunk-060-17	1
q-061	chunk-060-18	1
q-061	chunk-060-19	1
q-062	chunk-061-00	1
q-062	chunk-061-01	1
q-062	chunk-061-02	1
q-062	chunk-061-03	1
q-062	chunk-061-04	1
q-062	chunk-061-05	1
q-062	chunk-061-06	1
q-062	chunk-061-07	1
q-062	chunk-061-08	1
q-062	chunk-061-09	1
q-062	chunk-061-10	1
q-062	chunk-061-11	1
q-062	chunk-061-12	1
q-062	chunk-061-13	1
q-062	chunk-061-14	1
q-062	chunk-061-15	1
q-062	chunk-061-16	1
q-062	chunk-061-17	1
q-062	chunk-061-18	1
q-062	chunk-061-19	1
q-063	chunk-062-00	1
q-063	chunk-062-01	1
q-063	chunk-062-02	1
q-063	chunk-062-03	1
q-063	chunk-062-04	1
q-063	chunk-062-05	1
q-063	chunk-062-06	1
q-063	chunk-062-07	1
q-063	chunk-062-08	1
q-063	chunk-062-09	1
q-063	chunk-062-10	1
q-063	chunk-062-11	1
q-063	chunk-062-12	1
q-063	chunk-062-13	1
q-063	chunk-062-14	1
q-063	chunk-062-15	1
q-063	chunk-062-16	1
q-063	chunk-062-17	1
q-063	chunk-062-18	1
q-063	chunk-062-19	1
q-065	chunk-064-00	1
q-065	chunk-064-01	1
q-065	chunk-064-02	1
q-065	chunk-064-03	1
q-065	chunk-064-04	1
q-065	chunk-064-05	1
q-065	chunk-064-06	1
q-065	chunk-064-07	1
q-065	chunk-064-08	1
q-065	chunk-064-09	1
q-065	chunk-064-10	1
q-065	chunk-064-11	1
q-065	chunk-064-12	1
q-065	chunk-064-13	1
q-065	chunk-064-14	1
q-065	chunk-064-15	1
q-065	chunk-064-16	1
q-065	chunk-064-17	1
q-065	chunk-064-18	1
q-065	chunk-064-19	1
q-066	chunk-065-00	1
q-066	chunk-065-01	1
q-066	chunk-065-02	1
q-066	chunk-065-03	1
q-066	chunk-065-04	1
q-066	chunk-065-05	1
q-066	chunk-065-06	1
q-066	chunk-065-07	1
q-066	chunk-065-08	1
q-066	chunk-065-09	1
q-066	chunk-065-10	1
q-066	chunk-065-11	1
q-066	chunk-065-12	1
q-066	chunk-065-13	1
q-066	chunk-065-14	1
q-066	chunk-065-15	1
q-066	chunk-065-16	1
q-066	chunk-065-17	1
q-066	chunk-065-18	1
q-066	chunk-065-19	1
q-067	chunk-066-00	1
q-067	chunk-066-01	1
q-067	chunk-066-02	1
q-067	chunk-066-03	1
q-067	chunk-066-04	1
q-067	chunk-066-05	1
q-067	chunk-066-06	1
q-067	chunk-066-07	1
q-067	chunk-066-08	1
q-067	chunk-066-09	1
q-067	chunk-066-10	1
q-067	chunk-066-11	1
q-067	chunk-066-12	1
q-067	chunk-066-13	1
q-067	chunk-066-14	1
q-067	chunk-066-15	1
q-067	chunk-066-16	1
q-067	chunk-066-17	1
q-067	chunk-066-18	1
q-067	chunk-066-19	1
q-068	chunk-067-00	1
q-068	chunk-067-01	1
q-068	chunk-067-02	1
q-068	chunk-067-03	1
q-068	chunk-067-04	1
q-068	chunk-067-05	1
q-068	chunk-067-06	1
q-068	chunk-067-07	1
q-068	chunk-067-08	1
q-068	chunk-067-09	1
q-068	chunk-067-10	1
q-068	chunk-067-11	1
q-068	chunk-067-12	1
q-068	chunk-067-13	1
q-068	chunk-067-14	1
q-068	chunk-067-15	1
q-068	chunk-067-16	1
q-068	chunk-067-17	1
q-068	chunk-067-18	1
q-068	chunk-067-19	1
q-069	chunk-068-00	1
q-069	chunk-068-01	1
q-069	chunk-068-02	1
q-069	chunk-068-03	1
q-069	chunk-068-04	1
q-069	chunk-068-05	1
q-069	chunk-068-06	1
q-069	chunk-068-07	1
q-069	chunk-068-08	1
q-069	chunk-068-09	1
q-069	chunk-068-10	1
q-069	chunk-068-11	1
q-069	chunk-068-12	1
q-069	chunk-068-13	1
q-069	chunk-068-14	1
q-069	chunk-068-15	1
q-069	chunk-068-16	1
q-069	chunk-068-17	1
q-069	chunk-068-18	1
q-069	chunk-068-19	1
q-070	chunk-069-00	1
q-070	chunk-069-01	1
q-070	chunk-069-02	1
q-070	chunk-069-03	1
q-070	chunk-069-04	1
q-070	chunk-069-05	1
q-070	chunk-069-06	1
q-070	chunk-069-07	1
q-070	chunk-069-08	1
q-070	chunk-069-09	1
q-070	chunk-069-10	1
q-070	chunk-069-11	1
q-070	chunk-069-12	1
q-070	chunk-069-13	1
q-070	chunk-069-14	1
q-070	chunk-069-15	1
q-070	chunk-069-16	1
q-070	chunk-069-17	1
q-070	chunk-069-18	1
q-070	chunk-069-19	1
q-071	chunk-070-00	1
q-071	chunk-070-01	1
q-071	chunk-070-02	1
q-071	chunk-070-03	1
q-071	chunk-070-04	1
q-071	chunk-070-05	1
q-071	chunk-070-06	1
q-071	chunk-070-07	1
q-071	chunk-070-08	1
q-071	chunk-070-09	1
q-071	chunk-070-10	1
q-071	chunk-070-11	1
q-071	chunk-070-12	1
q-071	chunk-070-13	1
q-071	chunk-070-14	1
q-071	chunk-070-15	1
q-071	chunk-070-16	1
q-071	chunk-070-17	1
q-071	chunk-070-18	1
q-071	chunk-070-19	1
q-072	chunk-071-00	1
q-072	chunk-071-01	1
q-072	chunk-071-02	1
q-072	chunk-071-03	1
q-072	chunk-071-04	1
q-072	chunk-071-05	1
q-072	chunk-071-06	1
q-072	chunk-071-07	1
q-072	chunk-071-08	1
q-072	chunk-071-09	1
q-072	chunk-071-10	1
q-072	chunk-071-11	1
q-072	chunk-071-12	1
q-072	chunk-071-13	1
q-072	chunk-071-14	1
q-072	chunk-071-15	1
q-072	chunk-071-16	1
q-072	chunk-071-17	1
q-072	chunk-071-18	1
q-072	chunk-071-19	1
q-073	chunk-072-00	1
q-073	chunk-072-01	1
q-073	chunk-072-02	1
q-073	chunk-072-03	1
q-073	chunk-072-04	1
q-073	chunk-072-05	1
q-073	chunk-072-06	1
q-073	chunk-072-07	1
q-073	chunk-072-08	1
q-073	chunk-072-09	1
q-073	chunk-072-10	1
q-073	chunk-072-11	1
q-073	chunk-072-12	1
q-073	chunk-072-13	1
q-073	chunk-072-14	1
q-073	chunk-072-15	1
q-073	chunk-072-16	1
q-073	chunk-072-17	1
q-073	chunk-072-18	1
q-073	chunk-072-19	1
q-074	chunk-073-00	1
q-074	chunk-073-01	1
q-074	chunk-073-02	1
q-074	chunk-073-03	1
q-074	chunk-073-04	1
q-074	chunk-073-05	1
q-074	chunk-073-06	1
q-074	chunk-073-07	1
q-074	chunk-073-08	1
q-074	chunk-073-09	1
q-074	chunk-073-10	1
q-074	chunk-073-11	1
q-074	chunk-073-12	1
q-074	chunk-073-13	1
q-074	chunk-073-14	1
q-074	chunk-073-15	1
q-074	chunk-073-16	1
q-074	chunk-073-17	1
q-074	chunk-073-18	1
q-074	chunk-073-19	1
q-075	chunk-074-00	1
q-075	chunk-074-01	1
q-075	chunk-074-02	1
q-075	chunk-074-03	1
q-075	chunk-074-04	1
q-075	chunk-074-05	1
q-075	chunk-074-06	1
q-075	chunk-074-07	1
q-075	chunk-074-08	1
q-075	chunk-074-09	1
q-075	chunk-074-10	1
q-075	chunk-074-11	1
q-075	chunk-074-12	1
q-075	chunk-074-13	1
q-075	chunk-074-14	1
q-075	chunk-074-15	1
q-075	chunk-074-16	1
q-075	chunk-074-17	1
q-075	chunk-074-18	1
q-075	chunk-074-19	1
q-076	chunk-075-00	1
q-076	chunk-075-01	1
q-076	chunk-075-02	1
q-076	chunk-075-03	1
q-076	chunk-075-04	1
q-076	chunk-075-05	1
q-076	chunk-075-06	1
q-076	chunk-075-07	1
q-076	chunk-075-08	1
q-076	chunk-075-09	1
q-076	chunk-075-10	1
q-076	chunk-075-11	1
q-076	chunk-075-12	1
q-076	chunk-075-13	1
q-076	chunk-075-14	1
q-076	chunk-075-15	1
q-076	chunk-075-16	1
q-076	chunk-075-17	1
q-076	chunk-075-18	1
q-076	chunk-075-19	1
q-077	chunk-076-00	1
q-077	chunk-076-01	1
q-077	chunk-076-02	1
q-077	chunk-076-03	1
q-077	chunk-076-04	1
q-077	chunk-076-05	1
q-077	chunk-076-06	1
q-077	chunk-076-07	1
q-077	chunk-076-08	1
q-077	chunk-076-09	1
q-077	chunk-076-10	1
q-077	chunk-076-11	1
q-077	chunk-076-12	1
q-077	chunk-076-13	1
q-077	chunk-076-14	1
q-077	chunk-076-15	1
q-077	chunk-076-16	1
q-077	chunk-076-17	1
q-077	chunk-076-18	1
q-077	chunk-076-19	1
q-078	chunk-077-01	1
q-078	chunk-077-05	1
q-078	chunk-077-09	1
q-078	chunk-077-13	1
q-078	chunk-077-17	1
q-078	chunk-077-21	1
q-078	chunk-077-25	1
q-078	chunk-077-29	1
q-078	chunk-077-33	1
q-078	chunk-077-37	1
q-078	chunk-077-41	1
q-078	chunk-077-45	1
q-078	chunk-077-49	1
q-079	chunk-078-00	1
q-079	chunk-078-01	1
q-079	chunk-078-02	1
q-079	chunk-078-03	1
q-079	chunk-078-04	1
q-079	chunk-078-05	1
q-079	chunk-078-06	1
q-079	chunk-078-07	1
q-079	chunk-078-08	1
q-079	chunk-078-09	1
q-079	chunk-078-10	1
q-079	chunk-078-11	1
q-079	chunk-078-12	1
q-079	chunk-078-13	1
q-079	chunk-078-14	1
q-079	chunk-078-15	1
q-079	chunk-078-16	1
q-079	chunk-078-17	1
q-079	chunk-078-18	1
q-079	chunk-078-19	1
q-080	chunk-079-00	1
q-080	chunk-079-01	1
q-080	chunk-079-02	1
q-080	chunk-079-03	1
q-080	chunk-079-04	1
q-080	chunk-079-05	1
q-080	chunk-079-06	1
q-080	chunk-079-07	1
q-080	chunk-079-08	1
q-080	chunk-079-09	1
q-080	chunk-079-10	1
q-080	chunk-079-11	1
q-080	chunk-079-12	1
q-080	chunk-079-13	1
q-080	chunk-079-14	1
q-080	chunk-079-15	1
q-080	chunk-079-16	1
q-080	chunk-079-17	1
q-080	chunk-079-18	1
q-080	chunk-079-19	1
q-081	chunk-080-00	1
q-081	chunk-080-01	1
q-081	chunk-080-02	1
q-081	chunk-080-03	1
q-081	chunk-080-04	1
q-081	chunk-080-05	1
q-081	chunk-080-06	1
q-081	chunk-080-07	1
q-081	chunk-080-08	1
q-081	chunk-080-09	1
q-081	chunk-080-10	1
q-081	chunk-080-11	1
q-081	chunk-080-12	1
q-081	chunk-080-13	1
q-081	chunk-080-14	1
q-081	chunk-080-15	1
q-081	chunk-080-16	1
q-081	chunk-080-17	1
q-081	chunk-080-18	1
q-081	chunk-080-19	1
q-082	chunk-081-00	1
q-082	chunk-081-01	1
q-082	chunk-081-02	1
q-082	chunk-081-03	1
q-082	chunk-081-04	1
q-082	chunk-081-05	1
q-082	chunk-081-06	1
q-082	chunk-081-07	1
q-082	chunk-081-08	1
q-082	chunk-081-09	1
q-082	chunk-081-10	1
q-082	chunk-081-11	1
q-082	chunk-081-12	1
q-082	chunk-081-13	1
q-082	chunk-081-14	1
q-082	chunk-081-15	1
q-082	chunk-081-16	1
q-082	chunk-081-17	1
q-082	chunk-081-18	1
q-082	chunk-081-19	1
q-083	chunk-082-00	1
q-083	chunk-082-01	1
q-083	chunk-082-02	1
q-083	chunk-082-03	1
q-083	chunk-082-04	1
q-083	chunk-082-05	1
q-083	chunk-082-06	1
q-083	chunk-082-07	1
q-083	chunk-082-08	1
q-083	chunk-082-09	1
q-083	chunk-082-10	1
q-083	chunk-082-11	1
q-083	chunk-082-12	1
q-083	chunk-082-13	1
q-083	chunk-082-14	1
q-083	chunk-082-15	1
q-083	chunk-082-16	1
q-083	chunk-082-17	1
q-083	chunk-082-18	1
q-083	chunk-082-19	1
q-084	chunk-083-00	1
q-084	chunk-083-01	1
q-084	chunk-083-02	1
q-084	chunk-083-03	1
q-084	chunk-083-04	1
q-084	chunk-083-05	1
q-084	chunk-083-06	1
q-084	chunk-083-07	1
q-084	chunk-083-08	1
q-084	chunk-083-09	1
q-084	chunk-083-10	1
q-084	chunk-083-11	1
q-084	chunk-083-12	1
q-084	chunk-083-13	1
q-084	chunk-083-14	1
q-084	chunk-083-15	1
q-084	chunk-083-16	1
q-084	chunk-083-17	1
q-084	chunk-083-18	1
q-084	chunk-083-19	1
q-085	chunk-084-00	1
q-085	chunk-084-01	1
q-085	chunk-084-02	1
q-085	chunk-084-03	1
q-085	chunk-084-04	1
q-085	chunk-084-05	1
q-085	chunk-084-06	1
q-085	chunk-084-07	1
q-085	chunk-084-08	1
q-085	chunk-084-09	1
q-085	chunk-084-10	1
q-085	chunk-084-11	1
q-085	chunk-084-12	1
q-085	chunk-084-13	1
q-085	chunk-084-14	1
q-085	chunk-084-15	1
q-085	chunk-084-16	1
q-085	chunk-084-17	1
q-085	chunk-084-18	1
q-085	chunk-084-19	1
q-086	chunk-085-01	1
q-086	chunk-085-05	1
q-086	chunk-085-09	1
q-086	chunk-085-13	1
q-086	chunk-085-17	1
q-086	chunk-085-21	1
q-086	chunk-085-25	1
q-086	chunk-085-29	1
q-086	chunk-085-33	1
q-086	chunk-085-37	1
q-086	chunk-085-41	1
q-086	chunk-085-45	1
q-086	chunk-085-49	1
q-087	chunk-086-00	1
q-087	chunk-086-01	1
q-087	chunk-086-02	1
q-087	chunk-086-03	1
q-087	chunk-086-04	1
q-087	chunk-086-05	1
q-087	chunk-086-06	1
q-087	chunk-086-07	1
q-087	chunk-086-08	1
q-087	chunk-086-09	1
q-087	chunk-086-10	1
q-087	chunk-086-11	1
q-087	chunk-086-12	1
q-087	chunk-086-13	1
q-087	chunk-086-14	1
q-087	chunk-086-15	1
q-087	chunk-086-16	1
q-087	chunk-086-17	1
q-087	chunk-086-18	1
q-087	chunk-086-19	1
q-088	chunk-087-00	1
q-088	chunk-087-01	1
q-088	chunk-087-02	1
q-088	chunk-087-03	1
q-088	chunk-087-04	1
q-088	chunk-087-05	1
q-088	chunk-087-06	1
q-088	chunk-087-07	1
q-088	chunk-087-08	1
q-088	chunk-087-09	1
q-088	chunk-087-10	1
q-088	chunk-087-11	1
q-088	chunk-087-12	1
q-088	chunk-087-13	1
q-088	chunk-087-14	1
q-088	chunk-087-15	1
q-088	chunk-087-16	1
q-088	chunk-087-17	1
q-088	chunk-087-18	1
q-088	chunk-087-19	1
q-089	chunk-088-00	1
q-089	chunk-088-01	1
q-089	chunk-088-02	1
q-089	chunk-088-03	1
q-089	chunk-088-04	1
q-089	chunk-088-05	1
q-089	chunk-088-06	1
q-089	chunk-088-07	1
q-089	chunk-088-08	1
q-089	chunk-088-09	1
q-089	chunk-088-10	1
q-089	chunk-088-11	1
q-089	chunk-088-12	1
q-089	chunk-088-13	1
q-089	chunk-088-14	1
q-089	chunk-088-15	1
q-089	chunk-088-16	1
q-089	chunk-088-17	1
q-089	chunk-088-18	1
q-089	chunk-088-19	1
q-090	chunk-089-00	1
q-090	chunk-089-01	1
q-090	chunk-089-02	1
q-090	chunk-089-03	1
q-090	chunk-089-04	1
q-090	chunk-089-05	1
q-090	chunk-089-06	1
q-090	chunk-089-07	1
q-090	chunk-089-08	1
q-090	chunk-089-09	1
q-090	chunk-089-10	1
q-090	chunk-089-11	1
q-090	chunk-089-12	1
q-090	chunk-089-13	1
q-090	chunk-089-14	1
q-090	chunk-089-15	1
q-090	chunk-089-16	1
q-090	chunk-089-17	1
q-090	chunk-089-18	1
q-090	chunk-089-19	1
q-091	chunk-090-00	1
q-091	chunk-090-01	1
q-091	chunk-090-02	1
q-091	chunk-090-03	1
q-091	chunk-090-04	1
q-091	chunk-090-05	1
q-091	chunk-090-06	1
q-091	chunk-090-07	1
q-091	chunk-090-08	1
q-091	chunk-090-09	1
q-091	chunk-090-10	1
q-091	chunk-090-11	1
q-091	chunk-090-12	1
q-091	chunk-090-13	1
q-091	chunk-090-14	1
q-091	chunk-090-15	1
q-091	chunk-090-16	1
q-091	chunk-090-17	1
q-091	chunk-090-18	1
q-091	chunk-090-19	1
q-092	chunk-091-00	1
q-092	chunk-091-01	1
q-092	chunk-091-02	1
q-092	chunk-091-03	1
q-092	chunk-091-04	1
q-092	chunk-091-05	1
q-092	chunk-091-06	1
q-092	chunk-091-07	1
q-092	chunk-091-08	1
q-092	chunk-091-09	1
q-092	chunk-091-10	1
q-092	chunk-091-11	1
q-092	chunk-091-12	1
q-092	chunk-091-13	1
q-092	chunk-091-14	1
q-092	chunk-091-15	1
q-092	chunk-091-16	1
q-092	chunk-091-17	1
q-092	chunk-091-18	1
q-092	chunk-091-19	1
q-093	chunk-092-00	1
q-093	chunk-092-04	1
q-093	chunk-092-08	1
q-093	chunk-092-12	1
q-093	chunk-092-16	1
q-093	chunk-092-20	1
q-093	chunk-092-24	1
q-093	chunk-092-28	1
q-093	chunk-092-32	1
q-093	chunk-092-36	1
q-093	chunk-092-40	1
q-093	chunk-092-44	1
q-093	chunk-092-48	1
q-094	chunk-093-00	1
q-094	chunk-093-01	1
q-094	chunk-093-02	1
q-094	chunk-093-03	1
q-094	chunk-093-04	1
q-094	chunk-093-05	1
q-094	chunk-093-06	1
q-094	chunk-093-07	1
q-094	chunk-093-08	1
q-094	chunk-093-09	1
q-094	chunk-093-10	1
q-094	chunk-093-11	1
q-094	chunk-093-12	1
q-094	chunk-093-13	1
q-094	chunk-093-14	1
q-094	chunk-093-15	1
q-094	chunk-093-16	1
q-094	chunk-093-17	1
q-094	chunk-093-18	1
q-094	chunk-093-19	1
q-095	chunk-094-00	1
q-095	chunk-094-01	1
q-095	chunk-094-02	1
q-095	chunk-094-03	1
q-095	chunk-094-04	1
q-095	chunk-094-05	1
q-095	chunk-094-06	1
q-095	chunk-094-07	1
q-095	chunk-094-08	1
q-095	chunk-094-09	1
q-095	chunk-094-10	1
q-095	chunk-094-11	1
q-095	chunk-094-12	1
q-095	chunk-094-13	1
q-095	chunk-094-14	1
q-095	chunk-094-15	1
q-095	chunk-094-16	1
q-095	chunk-094-17	1
q-095	chunk-094-18	1
q-095	chunk-094-19	1
q-096	chunk-095-00	1
q-096	chunk-095-01	1
q-096	chunk-095-02	1
q-096	chunk-095-03	1
q-096	chunk-095-04	1
q-096	chunk-095-05	1
q-096	chunk-095-06	1
q-096	chunk-095-07	1
q-096	chunk-095-08	1
q-096	chunk-095-09	1
q-096	chunk-095-10	1
q-096	chunk-095-11	1
q-096	chunk-095-12	1
q-096	chunk-095-13	1
q-096	chunk-095-14	1
q-096	chunk-095-15	1
q-096	chunk-095-16	1
q-096	chunk-095-17	1
q-096	chunk-095-18	1
q-096	chunk-095-19	1
q-097	chunk-096-00	1
q-097	chunk-096-01	1
q-097	chunk-096-02	1
q-097	chunk-096-03	1
q-097	chunk-096-04	1
q-097	chunk-096-05	1
q-097	chunk-096-06	1
q-097	chunk-096-07	1
q-097	chunk-096-08	1
q-097	chunk-096-09	1
q-097	chunk-096-10	1
q-097	chunk-096-11	1
q-097	chunk-096-12	1
q-097	chunk-096-13	1
q-097	chunk-096-14	1
q-097	chunk-096-15	1
q-097	chunk-096-16	1
q-097	chunk-096-17	1
q-097	chunk-096-18	1
q-097	chunk-096-19	1
q-098	chunk-097-00	1
q-098	chunk-097-01	1
q-098	chunk-097-02	1
q-098	chunk-097-03	1
q-098	chunk-097-04	1
q-098	chunk-097-05	1
q-098	chunk-097-06	1
q-098	chunk-097-07	1
q-098	chunk-097-08	1
q-098	chunk-097-09	1
q-098	chunk-097-10	1
q-098	chunk-097-11	1
q-098	chunk-097-12	1
q-098	chunk-097-13	1
q-098	chunk-097-14	1
q-098	chunk-097-15	1
q-098	chunk-097-16	1
q-098	chunk-097-17	1
q-098	chunk-097-18	1
q-098	chunk-097-19	1
q-099	chunk-098-00	1
q-099	chunk-098-01	1
q-099	chunk-098-02	1
q-099	chunk-098-03	1
q-099	chunk-098-04	1
q-099	chunk-098-05	1
q-099	chunk-098-06	1
q-099	chunk-098-07	1
q-099	chunk-098-08	1
q-099	chunk-098-09	1
q-099	chunk-098-10	1
q-099	chunk-098-11	1
q-099	chunk-098-12	1
q-099	chunk-098-13	1
q-099	chunk-098-14	1
q-099	chunk-098-15	1
q-099	chunk-098-16	1
q-099	chunk-098-17	1
q-099	chunk-098-18	1
q-099	chunk-098-19	1
q-100	chunk-099-00	1
q-100	chunk-099-01	1
q-100	chunk-099-02	1
q-100	chunk-099-03	1
q-100	chunk-099-04	1
q-100	chunk-099-05	1
q-100	chunk-099-06	1
q-100	chunk-099-07	1
q-100	chunk-099-08	1
q-100	chunk-099-09	1
q-100	chunk-099-10	1
q-100	chunk-099-11	1
q-100	chunk-099-12	1
q-100	chunk-099-13	1
q-100	chunk-099-14	1
q-100	chunk-099-15	1
q-100	chunk-099-16	1
q-100	chunk-099-17	1
q-100	chunk-099-18	1
q-100	chunk-099-19	1
q-101	chunk-100-00	1
q-101	chunk-100-04	1
q-101	chunk-100-08	1
q-101	chunk-100-12	1
q-101	chunk-100-16	1
q-101	chunk-100-20	1
q-101	chunk-100-24	1
q-101	chunk-100-28	1
q-101	chunk-100-32	1
q-101	chunk-100-36	1
q-101	chunk-100-40	1
q-101	chunk-100-44	1
q-101	chunk-100-48	1
q-102	chunk-101-00	1
q-102	chunk-101-01	1
q-102	chunk-101-02	1
q-102	chunk-101-03	1
q-102	chunk-101-04	1
q-102	chunk-101-05	1
q-102	chunk-101-06	1
q-102	chunk-101-07	1
q-102	chunk-101-08	1
q-102	chunk-101-09	1
q-102	chunk-101-10	1
q-102	chunk-101-11	1
q-102	chunk-101-12	1
q-102	chunk-101-13	1
q-102	chunk-101-14	1
q-102	chunk-101-15	1
q-102	chunk-101-16	1
q-102	chunk-101-17	1
q-102	chunk-101-18	1
q-102	chunk-101-19	1
q-103	chunk-102-00	1
q-103	chunk-102-01	1
q-103	chunk-102-02	1
q-103	chunk-102-03	1
q-103	chunk-102-04	1
q-103	chunk-102-05	1
q-103	chunk-102-06	1
q-103	chunk-102-07	1
q-103	chunk-102-08	1
q-103	chunk-102-09	1
q-103	chunk-102-10	1
q-103	chunk-102-11	1
q-103	chunk-102-12	1
q-103	chunk-102-13	1
q-103	chunk-102-14	1
q-103	chunk-102-15	1
q-103	chunk-102-16	1
q-103	chunk-102-17	1
q-103	chunk-102-18	1
q-103	chunk-102-19	1
q-104	chunk-103-00	1
q-104	chunk-103-01	1
q-104	chunk-103-02	1
q-104	chunk-103-03	1
q-104	chunk-103-04	1
q-104	chunk-103-05	1
q-104	chunk-103-06	1
q-104	chunk-103-07	1
q-104	chunk-103-08	1
q-104	chunk-103-09	1
q-104	chunk-103-10	1
q-104	chunk-103-11	1
q-104	chunk-103-12	1
q-104	chunk-103-13	1
q-104	chunk-103-14	1
q-104	chunk-103-15	1
q-104	chunk-103-16	1
q-104	chunk-103-17	1
q-104	chunk-103-18	1
q-104	chunk-103-19	1
q-105	chunk-104-00	1
q-105	chunk-104-01	1
q-105	chunk-104-02	1
q-105	chunk-104-03	1
q-105	chunk-104-04	1
q-105	chunk-104-05	1
q-105	chunk-104-06	1
q-105	chunk-104-07	1
q-105	chunk-104-08	1
q-105	chunk-104-09	1
q-105	chunk-104-10	1
q-105	chunk-104-11	1
q-105	chunk-104-12	1
q-105	chunk-104-13	1
q-105	chunk-104-14	1
q-105	chunk-104-15	1
q-105	chunk-104-16	1
q-105	chunk-104-17	1
q-105	chunk-104-18	1
q-105	chunk-104-19	1
q-106	chunk-105-00	1
q-106	chunk-105-01	1
q-106	chunk-105-02	1
q-106	chunk-105-03	1
q-106	chunk-105-04	1
q-106	chunk-105-05	1
q-106	chunk-105-06	1
q-106	chunk-105-07	1
q-106	chunk-105-08	1
q-106	chunk-105-09	1
q-106	chunk-105-10	1
q-106	chunk-105-11	1
q-106	chunk-105-12	1
q-106	chunk-105-13	1
q-106	chunk-105-14	1
q-106	chunk-105-15	1
q-106	chunk-105-16	1
q-106	chunk-105-17	1
q-106	chunk-105-18	1
q-106	chunk-105-19	1
q-107	chunk-106-00	1
q-107	chunk-106-01	1
q-107	chunk-106-02	1
q-107	chunk-106-03	1
q-107	chunk-106-04	1
q-107	chunk-106-05	1
q-107	chunk-106-06	1
q-107	chunk-106-07	1
q-107	chunk-106-08	1
q-107	chunk-106-09	1
q-107	chunk-106-10	1
q-107	chunk-106-11	1
q-107	chunk-106-12	1
q-107	chunk-106-13	1
q-107	chunk-106-14	1
q-107	chunk-106-15	1
q-107	chunk-106-16	1
q-107	chunk-106-17	1
q-107	chunk-106-18	1
q-107	chunk-106-19	1
q-108	chunk-107-00	1
q-108	chunk-107-01	1
q-108	chunk-107-02	1
q-108	chunk-107-03	1
q-108	chunk-107-04	1
q-108	chunk-107-05	1
q-108	chunk-107-06	1
q-108	chunk-107-07	1
q-108	chunk-107-08	1
q-108	chunk-107-09	1
q-108	chunk-107-10	1
q-108	chunk-107-11	1
q-108	chunk-107-12	1
q-108	chunk-107-13	1
q-108	chunk-107-14	1
q-108	chunk-107-15	1
q-108	chunk-107-16	1
q-108	chunk-107-17	1
q-108	chunk-107-18	1
q-108	chunk-107-19	1
q-109	chunk-108-00	1
q-109	chunk-108-01	1
q-109	chunk-108-02	1
q-109	chunk-108-03	1
q-109	chunk-108-04	1
q-109	chunk-108-05	1
q-109	chunk-108-06	1
q-109	chunk-108-07	1
q-109	chunk-108-08	1
q-109	chunk-108-09	1
q-109	chunk-108-10	1
q-109	chunk-108-11	1
q-109	chunk-108-12	1
q-109	chunk-108-13	1
q-109	chunk-108-14	1
q-109	chunk-108-15	1
q-109	chunk-108-16	1
q-109	chunk-108-17	1
q-109	chunk-108-18	1
q-109	chunk-108-19	1
q-110	chunk-109-00	1
q-110	chunk-109-01	1
q-110	chunk-109-02	1
q-110	chunk-109-03	1
q-110	chunk-109-04	1
q-110	chunk-109-05	1
q-110	chunk-109-06	1
q-110	chunk-109-07	1
q-110	chunk-109-08	1
q-110	chunk-109-09	1
q-110	chunk-109-10	1
q-110	chunk-109-11	1
q-110	chunk-109-12	1
q-110	chunk-109-13	1
q-110	chunk-109-14	1
q-110	chunk-109-15	1
q-110	chunk-109-16	1
q-110	chunk-109-17	1
q-110	chunk-109-18	1
q-110	chunk-109-19	1
q-111	chunk-110-00	1
q-111	chunk-110-01	1
q-111	chunk-110-02	1
q-111	chunk-110-03	1
q-111	chunk-110-04	1
q-111	chunk-110-05	1
q-111	chunk-110-06	1
q-111	chunk-110-07	1
q-111	chunk-110-08	1
q-111	chunk-110-09	1
q-111	chunk-110-10	1
q-111	chunk-110-11	1
q-111	chunk-110-12	1
q-111	chunk-110-13	1
q-111	chunk-110-14	1
q-111	chunk-110-15	1
q-111	chunk-110-16	1
q-111	chunk-110-17	1
q-111	chunk-110-18	1
q-111	chunk-110-19	1
q-112	chunk-111-00	1
q-112	chunk-111-01	1
q-112	chunk-111-02	1
q-112	chunk-111-03	1
q-112	chunk-111-04	1
q-112	chunk-111-05	1
q-112	chunk-111-06	1
q-112	chunk-111-07	1
q-112	chunk-111-08	1
q-112	chunk-111-09	1
q-112	chunk-111-10	1
q-112	chunk-111-11	1
q-112	chunk-111-12	1
q-112	chunk-111-13	1
q-112	chunk-111-14	1
q-112	chunk-111-15	1
q-112	chunk-111-16	1
q-112	chunk-111-17	1
q-112	chunk-111-18	1
q-112	chunk-111-19	1
q-113	chunk-112-00	1
q-113	chunk-112-01	1
q-113	chunk-112-02	1
q-113	chunk-112-03	1
q-113	chunk-112-04	1
q-113	chunk-112-05	1
q-113	chunk-112-06	1
q-113	chunk-112-07	1
q-113	chunk-112-08	1
q-113	chunk-112-09	1
q-113	chunk-112-10	1
q-113	chunk-112-11	1
q-113	chunk-112-12	1
q-113	chunk-112-13	1
q-113	chunk-112-14	1
q-113	chunk-112-15	1
q-113	chunk-112-16	1
q-113	chunk-112-17	1
q-113	chunk-112-18	1
q-113	chunk-112-19	1
q-114	chunk-113-00	1
q-114	chunk-113-01	1
q-114	chunk-113-02	1
q-114	chunk-113-03	1
q-114	chunk-113-04	1
q-114	chunk-113-05	1
q-114	chunk-113-06	1
q-114	chunk-113-07	1
q-114	chunk-113-08	1
q-114	chunk-113-09	1
q-114	chunk-113-10	1
q-114	chunk-113-11	1
q-114	chunk-113-12	1
q-114	chunk-113-13	1
q-114	chunk-113-14	1
q-114	chunk-113-15	1
q-114	chunk-113-16	1
q-114	chunk-113-17	1
q-114	chunk-113-18	1
q-114	chunk-113-19	1
q-115	chunk-114-00	1
q-115	chunk-114-01	1
q-115	chunk-114-02	1
q-115	chunk-114-03	1
q-115	chunk-114-04	1
q-115	chunk-114-05	1
q-115	chunk-114-06	1
q-115	chunk-114-07	1
q-115	chunk-114-08	1
q-115	chunk-114-09	1
q-115	chunk-114-10	1
q-115	chunk-114-11	1
q-115	chunk-114-12	1
q-115	chunk-114-13	1
q-115	chunk-114-14	1
q-115	chunk-114-15	1
q-115	chunk-114-16	1
q-115	chunk-114-17	1
q-115	chunk-114-18	1
q-115	chunk-114-19	1
q-116	chunk-115-00	1
q-116	chunk-115-01	1
q-116	chunk-115-02	1
q-116	chunk-115-03	1
q-116	chunk-115-04	1
q-116	chunk-115-05	1
q-116	chunk-115-06	1
q-116	chunk-115-07	1
q-116	chunk-115-08	1
q-116	chunk-115-09	1
q-116	chunk-115-10	1
q-116	chunk-115-11	1
q-116	chunk-115-12	1
q-116	chunk-115-13	1
q-116	chunk-115-14	1
q-116	chunk-115-15	1
q-116	chunk-115-16	1
q-116	chunk-115-17	1
q-116	chunk-115-18	1
q-116	chunk-115-19	1
q-117	chunk-116-00	1
q-117	chunk-116-01	1
q-117	chunk-116-02	1
q-117	chunk-116-03	1
q-117	chunk-116-04	1
q-117	chunk-116-05	1
q-117	chunk-116-06	1
q-117	chunk-116-07	1
q-117	chunk-116-08	1
q-117	chunk-116-09	1
q-117	chunk-116-10	1
q-117	chunk-116-11	1
q-117	chunk-116-12	1
q-117	chunk-116-13	1
q-117	chunk-116-14	1
q-117	chunk-116-15	1
q-117	chunk-116-16	1
q-117	chunk-116-17	1
q-117	chunk-116-18	1
q-117	chunk-116-19	1
q-118	chunk-117-00	1
q-118	chunk-117-01	1
q-118	chunk-117-02	1
q-118	chunk-117-03	1
q-118	chunk-117-04	1
q-118	chunk-117-05	1
q-118	chunk-117-06	1
q-118	chunk-117-07	1
q-118	chunk-117-08	1
q-118	chunk-117-09	1
q-118	chunk-117-10	1
q-118	chunk-117-11	1
q-118	chunk-117-12	1
q-118	chunk-117-13	1
q-118	chunk-117-14	1
q-118	chunk-117-15	1
q-118	chunk-117-16	1
q-118	chunk-117-17	1
q-118	chunk-117-18	1
q-118	chunk-117-19	1
q-119	chunk-118-00	1
q-119	chunk-118-01	1
q-119	chunk-118-02	1
q-119	chunk-118-03	1
q-119	chunk-118-04	1
q-119	chunk-118-05	1
q-119	chunk-118-06	1
q-119	chunk-118-07	1
q-119	chunk-118-08	1
q-119	chunk-118-09	1
q-119	chunk-118-10	1
q-119	chunk-118-11	1
q-119	chunk-118-12	1
q-119	chunk-118-13	1
q-119	chunk-118-14	1
q-119	chunk-118-15	1
q-119	chunk-118-16	1
q-119	chunk-118-17	1
q-119	chunk-118-18	1
q-119	chunk-118-19	1
q-120	chunk-119-00	1
q-120	chunk-119-01	1
q-120	chunk-119-02	1
q-120	chunk-119-03	1
q-120	chunk-119-04	1
q-120	chunk-119-05	1
q-120	chunk-119-06	1
q-120	chunk-119-07	1
q-120	chunk-119-08	1
q-120	chunk-119-09	1
q-120	chunk-119-10	1
q-120	chunk-119-11	1
q-120	chunk-119-12	1
q-120	chunk-119-13	1
q-120	chunk-119-14	1
q-120	chunk-119-15	1
q-120	chunk-119-16	1
q-120	chunk-119-17	1
q-120	chunk-119-18	1
q-120	chunk-119-19	1
q-121	chunk-120-00	1
q-121	chunk-120-01	1
q-121	chunk-120-02	1
q-121	chunk-120-03	1
q-121	chunk-120-04	1
q-121	chunk-120-05	1
q-121	chunk-120-06	1
q-121	chunk-120-07	1
q-121	chunk-120-08	1
q-121	chunk-120-09	1
q-121	chunk-120-10	1
q-121	chunk-120-11	1
q-121	chunk-120-12	1
q-121	chunk-120-13	1
q-121	chunk-120-14	1
q-121	chunk-120-15	1
q-121	chunk-120-16	1
q-121	chunk-120-17	1
q-121	chunk-120-18	1
q-121	chunk-120-19	1
q-122	chunk-121-01	1
q-122	chunk-121-05	1
q-122	chunk-121-09	1
q-122	chunk-121-13	1
q-122	chunk-121-17	1
q-122	chunk-121-21	1
q-122	chunk-121-25	1
q-122	chunk-121-29	1
q-122	chunk-121-33	1
q-122	chunk-121-37	1
q-122	chunk-121-41	1
q-122	chunk-121-45	1
q-122	chunk-121-49	1
q-123	chunk-122-00	1
q-123	chunk-122-01	1
q-123	chunk-122-02	1
q-123	chunk-122-03	1
q-123	chunk-122-04	1
q-123	chunk-122-05	1
q-123	chunk-122-06	1
q-123	chunk-122-07	1
q-123	chunk-122-08	1
q-123	chunk-122-09	1
q-123	chunk-122-10	1
q-123	chunk-122-11	1
q-123	chunk-122-12	1
q-123	chunk-122-13	1
q-123	chunk-122-14	1
q-123	chunk-122-15	1
q-123	chunk-122-16	1
q-123	chunk-122-17	1
q-123	chunk-122-18	1
q-123	chunk-122-19	1
q-124	chunk-123-00	1
q-124	chunk-123-01	1
q-124	chunk-123-02	1
q-124	chunk-123-03	1
q-124	chunk-123-04	1
q-124	chunk-123-05	1
q-124	chunk-123-06	1
q-124	chunk-123-07	1
q-124	chunk-123-08	1
q-124	chunk-123-09	1
q-124	chunk-123-10	1
q-124	chunk-123-11	1
q-124	chunk-123-12	1
q-124	chunk-123-13	1
q-124	chunk-123-14	1
q-124	chunk-123-15	1
q-124	chunk-123-16	1
q-124	chunk-123-17	1
q-124	chunk-123-18	1
q-124	chunk-123-19	1
q-125	chunk-124-00	1
q-125	chunk-124-01	1
q-125	chunk-124-02	1
q-125	chunk-124-03	1
q-125	chunk-124-04	1
q-125	chunk-124-05	1
q-125	chunk-124-06	1
q-125	chunk-124-07	1
q-125	chunk-124-08	1
q-125	chunk-124-09	1
q-125	chunk-124-10	1
q-125	chunk-124-11	1
q-125	chunk-124-12	1
q-125	chunk-124-13	1
q-125	chunk-124-14	1
q-125	chunk-124-15	1
q-125	chunk-124-16	1
q-125	chunk-124-17	1
q-125	chunk-124-18	1
q-125	chunk-124-19	1
q-126	chunk-125-00	1
q-126	chunk-125-01	1
q-126	chunk-125-02	1
q-126	chunk-125-03	1
q-126	chunk-125-04	1
q-126	chunk-125-05	1
q-126	chunk-125-06	1
q-126	chunk-125-07	1
q-126	chunk-125-08	1
q-126	chunk-125-09	1
q-126	chunk-125-10	1
q-126	chunk-125-11	1
q-126	chunk-125-12	1
q-126	chunk-125-13	1
q-126	chunk-125-14	1
q-126	chunk-125-15	1
q-126	chunk-125-16	1
q-126	chunk-125-17	1
q-126	chunk-125-18	1
q-126	chunk-125-19	1
q-127	chunk-126-00	1
q-127	chunk-126-01	1
q-127	chunk-126-02	1
q-127	chunk-126-03	1
q-127	chunk-126-04	1
q-127	chunk-126-05	1
q-127	chunk-126-06	1
q-127	chunk-126-07	1
q-127	chunk-126-08	1
q-127	chunk-126-09	1
q-127	chunk-126-10	1
q-127	chunk-126-11	1
q-127	chunk-126-12	1
q-127	chunk-126-13	1
q-127	chunk-126-14	1
q-127	chunk-126-15	1
q-127	chunk-126-16	1
q-127	chunk-126-17	1
q-127	chunk-126-18	1
q-127	chunk-126-19	1
q-129	chunk-128-00	1
q-129	chunk-128-01	1
q-129	chunk-128-02	1
q-129	chunk-128-03	1
q-129	chunk-128-04	1
q-129	chunk-128-05	1
q-129	chunk-128-06	1
q-129	chunk-128-07	1
q-129	chunk-128-08	1
q-129	chunk-128-09	1
q-129	chunk-128-10	1
q-129	chunk-128-11	1
q-129	chunk-128-12	1
q-129	chunk-128-13	1
q-129	chunk-128-14	1
q-129	chunk-128-15	1
q-129	chunk-128-16	1
q-129	chunk-128-17	1
q-129	chunk-128-18	1
q-129	chunk-128-19	1
q-130	chunk-129-01	1
q-130	chunk-129-05	1
q-130	chunk-129-09	1
q-130	chunk-129-13	1
q-130	chunk-129-17	1
q-130	chunk-129-21	1
q-130	chunk-129-25	1
q-130	chunk-129-29	1
q-130	chunk-129-33	1
q-130	chunk-129-37	1
q-130	chunk-129-41	1
q-130	chunk-129-45	1
q-130	chunk-129-49	1
q-131	chunk-130-00	1
q-131	chunk-130-01	1
q-131	chunk-130-02	1
q-131	chunk-130-03	1
q-131	chunk-130-04	1
q-131	chunk-130-05	1
q-131	chunk-130-06	1
q-131	chunk-130-07	1
q-131	chunk-130-08	1
q-131	chunk-130-09	1
q-131	chunk-130-10	1
q-131	chunk-130-11	1
q-131	chunk-130-12	1
q-131	chunk-130-13	1
q-131	chunk-130-14	1
q-131	chunk-130-15	1
q-131	chunk-130-16	1
q-131	chunk-130-17	1
q-131	chunk-130-18	1
q-131	chunk-130-19	1
q-132	chunk-131-00	1
q-132	chunk-131-01	1
q-132	chunk-131-02	1
q-132	chunk-131-03	1
q-132	chunk-131-04	1
q-132	chunk-131-05	1
q-132	chunk-131-06	1
q-132	chunk-131-07	1
q-132	chunk-131-08	1
q-132	chunk-131-09	1
q-132	chunk-131-10	1
q-132	chunk-131-11	1
q-132	chunk-131-12	1
q-132	chunk-131-13	1
q-132	chunk-131-14	1
q-132	chunk-131-15	1
q-132	chunk-131-16	1
q-132	chunk-131-17	1
q-132	chunk-131-18	1
q-132	chunk-131-19	1
q-133	chunk-132-00	1
q-133	chunk-132-01	1
q-133	chunk-132-02	1
q-133	chunk-132-03	1
q-133	chunk-132-04	1
q-133	chunk-132-05	1
q-133	chunk-132-06	1
q-133	chunk-132-07	1
q-133	chunk-132-08	1
q-133	chunk-132-09	1
q-133	chunk-132-10	1
q-133	chunk-132-11	1
q-133	chunk-132-12	1
q-133	chunk-132-13	1
q-133	chunk-132-14	1
q-133	chunk-132-15	1
q-133	chunk-132-16	1
q-133	chunk-132-17	1
q-133	chunk-132-18	1
q-133	chunk-132-19	1
q-134	chunk-133-00	1
q-134	chunk-133-01	1
q-134	chunk-133-02	1
q-134	chunk-133-03	1
q-134	chunk-133-04	1
q-134	chunk-133-05	1
q-134	chunk-133-06	1
q-134	chunk-133-07	1
q-134	chunk-133-08	1
q-134	chunk-133-09	1
q-134	chunk-133-10	1
q-134	chunk-133-11	1
q-134	chunk-133-12	1
q-134	chunk-133-13	1
q-134	chunk-133-14	1
q-134	chunk-133-15	1
q-134	chunk-133-16	1
q-134	chunk-133-17	1
q-134	chunk-133-18	1
q-134	chunk-133-19	1
q-135	chunk-134-00	1
q-135	chunk-134-01	1
q-135	chunk-134-02	1
q-135	chunk-134-03	1
q-135	chunk-134-04	1
q-135	chunk-134-05	1
q-135	chunk-134-06	1
q-135	chunk-134-07	1
q-135	chunk-134-08	1
q-135	chunk-134-09	1
q-135	chunk-134-10	1
q-135	chunk-134-11	1
q-135	chunk-134-12	1
q-135	chunk-134-13	1
q-135	chunk-134-14	1
q-135	chunk-134-15	1
q-135	chunk-134-16	1
q-135	chunk-134-17	1
q-135	chunk-134-18	1
q-135	chunk-134-19	1
q-136	chunk-135-00	1
q-136	chunk-135-01	1
q-136	chunk-135-02	1
q-136	chunk-135-03	1
q-136	chunk-135-04	1
q-136	chunk-135-05	1
q-136	chunk-135-06	1
q-136	chunk-135-07	1
q-136	chunk-135-08	1
q-136	chunk-135-09	1
q-136	chunk-135-10	1
q-136	chunk-135-11	1
q-136	chunk-135-12	1
q-136	chunk-135-13	1
q-136	chunk-135-14	1
q-136	chunk-135-15	1
q-136	chunk-135-16	1
q-136	chunk-135-17	1
q-136	chunk-135-18	1
q-136	chunk-135-19	1
q-137	chunk-136-00	1
q-137	chunk-136-01	1
q-137	chunk-136-02	1
q-137	chunk-136-03	1
q-137	chunk-136-04	1
q-137	chunk-136-05	1
q-137	chunk-136-06	1
q-137	chunk-136-07	1
q-137	chunk-136-08	1
q-137	chunk-136-09	1
q-137	chunk-136-10	1
q-137	chunk-136-11	1
q-137	chunk-136-12	1
q-137	chunk-136-13	1
q-137	chunk-136-14	1
q-137	chunk-136-15	1
q-137	chunk-136-16	1
q-137	chunk-136-17	1
q-137	chunk-136-18	1
q-137	chunk-136-19	1
q-138	chunk-137-00	1
q-138	chunk-137-01	1
q-138	chunk-137-02	1
q-138	chunk-137-03	1
q-138	chunk-137-04	1
q-138	chunk-137-05	1
q-138	chunk-137-06	1
q-138	chunk-137-07	1
q-138	chunk-137-08	1
q-138	chunk-137-09	1
q-138	chunk-137-10	1
q-138	chunk-137-11	1
q-138	chunk-137-12	1
q-138	chunk-137-13	1
q-138	chunk-137-14	1
q-138	chunk-137-15	1
q-138	chunk-137-16	1
q-138	chunk-137-17	1
q-138	chunk-137-18	1
q-138	chunk-137-19	1
q-139	chunk-138-00	1
q-139	chunk-138-01	1
q-139	chunk-138-02	1
q-139	chunk-138-03	1
q-139	chunk-138-04	1
q-139	chunk-138-05	1
q-139	chunk-138-06	1
q-139	chunk-138-07	1
q-139	chunk-138-08	1
q-139	chunk-138-09	1
q-139	chunk-138-10	1
q-139	chunk-138-11	1
q-139	chunk-138-12	1
q-139	chunk-138-13	1
q-139	chunk-138-14	1
q-139	chunk-138-15	1
q-139	chunk-138-16	1
q-139	chunk-138-17	1
q-139	chunk-138-18	1
q-139	chunk-138-19	1
q-140	chunk-139-00	1
q-140	chunk-139-01	1
q-140	chunk-139-02	1
q-140	chunk-139-03	1
q-140	chunk-139-04	1
q-140	chunk-139-05	1
q-140	chunk-139-06	1
q-140	chunk-139-07	1
q-140	chunk-139-08	1
q-140	chunk-139-09	1
q-140	chunk-139-10	1
q-140	chunk-139-11	1
q-140	chunk-139-12	1
q-140	chunk-139-13	1
q-140	chunk-139-14	1
q-140	chunk-139-15	1
q-140	chunk-139-16	1
q-140	chunk-139-17	1
q-140	chunk-139-18	1
q-140	chunk-139-19	1
q-141	chunk-140-00	1
q-141	chunk-140-01	1
q-141	chunk-140-02	1
q-141	chunk-140-03	1
q-141	chunk-140-04	1
q-141	chunk-140-05	1
q-141	chunk-140-06	1
q-141	chunk-140-07	1
q-141	chunk-140-08	1
q-141	chunk-140-09	1
q-141	chunk-140-10	1
q-141	chunk-140-11	1
q-141	chunk-140-12	1
q-141	chunk-140-13	1
q-141	chunk-140-14	1
q-141	chunk-140-15	1
q-141	chunk-140-16	1
q-141	chunk-140-17	1
q-141	chunk-140-18	1
q-141	chunk-140-19	1
q-142	chunk-141-00	1
q-142	chunk-141-01	1
q-142	chunk-141-02	1
q-142	chunk-141-03	1
q-142	chunk-141-04	1
q-142	chunk-141-05	1
q-142	chunk-141-06	1
q-142	chunk-141-07	1
q-142	chunk-141-08	1
q-142	chunk-141-09	1
q-142	chunk-141-10	1
q-142	chunk-141-11	1
q-142	chunk-141-12	1
q-142	chunk-141-13	1
q-142	chunk-141-14	1
q-142	chunk-141-15	1
q-142	chunk-141-16	1
q-142	chunk-141-17	1
q-142	chunk-141-18	1
q-142	chunk-141-19	1
q-143	chunk-142-00	1
q-143	chunk-142-01	1
q-143	chunk-142-02	1
q-143	chunk-142-03	1
q-143	chunk-142-04	1
q-143	chunk-142-05	1
q-143	chunk-142-06	1
q-143	chunk-142-07	1
q-143	chunk-142-08	1
q-143	chunk-142-09	1
q-143	chunk-142-10	1
q-143	chunk-142-11	1
q-143	chunk-142-12	1
q-143	chunk-142-13	1
q-143	chunk-142-14	1
q-143	chunk-142-15	1
q-143	chunk-142-16	1
q-143	chunk-142-17	1
q-143	chunk-142-18	1
q-143	chunk-142-19	1
q-144	chunk-143-00	1
q-144	chunk-143-01	1
q-144	chunk-143-02	1
q-144	chunk-143-03	1
q-144	chunk-143-04	1
q-144	chunk-143-05	1
q-144	chunk-143-06	1
q-144	chunk-143-07	1
q-144	chunk-143-08	1
q-144	chunk-143-09	1
q-144	chunk-143-10	1
q-144	chunk-143-11	1
q-144	chunk-143-12	1
q-144	chunk-143-13	1
q-144	chunk-143-14	1
q-144	chunk-143-15	1
q-144	chunk-143-16	1
q-144	chunk-143-17	1
q-144	chunk-143-18	1
q-144	chunk-143-19	1
q-145	chunk-144-00	1
q-145	chunk-144-01	1
q-145	chunk-144-02	1
q-145	chunk-144-03	1
q-145	chunk-144-04	1
q-145	chunk-144-05	1
q-145	chunk-144-06	1
q-145	chunk-144-07	1
q-145	chunk-144-08	1
q-145	chunk-144-09	1
q-145	chunk-144-10	1
q-145	chunk-144-11	1
q-145	chunk-144-12	1
q-145	chunk-144-13	1
q-145	chunk-144-14	1
q-145	chunk-144-15	1
q-145	chunk-144-16	1
q-145	chunk-144-17	1
q-145	chunk-144-18	1
q-145	chunk-144-19	1
q-146	chunk-145-00	1
q-146	chunk-145-01	1
q-146	chunk-145-02	1
q-146	chunk-145-03	1
q-146	chunk-145-04	1
q-146	chunk-145-05	1
q-146	chunk-145-06	1
q-146	chunk-145-07	1
q-146	chunk-145-08	1
q-146	chunk-145-09	1
q-146	chunk-145-10	1
q-146	chunk-145-11	1
q-146	chunk-145-12	1
q-146	chunk-145-13	1
q-146	chunk-145-14	1
q-146	chunk-145-15	1
q-146	chunk-145-16	1
q-146	chunk-145-17	1
q-146	chunk-145-18	1
q-146	chunk-145-19	1
q-147	chunk-146-00	1
q-147	chunk-146-01	1
q-147	chunk-146-02	1
q-147	chunk-146-03	1
q-147	chunk-146-04	1
q-147	chunk-146-05	1
q-147	chunk-146-06	1
q-147	chunk-146-07	1
q-147	chunk-146-08	1
q-147	chunk-146-09	1
q-147	chunk-146-10	1
q-147	chunk-146-11	1
q-147	chunk-146-12	1
q-147	chunk-146-13	1
q-147	chunk-146-14	1
q-147	chunk-146-15	1
q-147	chunk-146-16	1
q-147	chunk-146-17	1
q-147	chunk-146-18	1
q-147	chunk-146-19	1
q-149	chunk-148-00	1
q-149	chunk-148-01	1
q-149	chunk-148-02	1
q-149	chunk-148-03	1
q-149	chunk-148-04	1
q-149	chunk-148-05	1
q-149	chunk-148-06	1
q-149	chunk-148-07	1
q-149	chunk-148-08	1
q-149	chunk-148-09	1
q-149	chunk-148-10	1
q-149	chunk-148-11	1
q-149	chunk-148-12	1
q-149	chunk-148-13	1
q-149	chunk-148-14	1
q-149	chunk-148-15	1
q-149	chunk-148-16	1
q-149	chunk-148-17	1
q-149	chunk-148-18	1
q-149	chunk-148-19	1
q-150	chunk-149-00	1
q-150	chunk-149-01	1
q-150	chunk-149-02	1
q-150	chunk-149-03	1
q-150	chunk-149-04	1
q-150	chunk-149-05	1
q-150	chunk-149-06	1
q-150	chunk-149-07	1
q-150	chunk-149-08	1
q-150	chunk-149-09	1
q-150	chunk-149-10	1
q-150	chunk-149-11	1
q-150	chunk-149-12	1
q-150	chunk-149-13	1
q-150	chunk-149-14	1
q-150	chunk-149-15	1
q-150	chunk-149-16	1
q-150	chunk-149-17	1
q-150	chunk-149-18	1
q-150	chunk-149-19	1
q-151	chunk-150-00	1
q-151	chunk-150-01	1
q-151	chunk-150-02	1
q-151	chunk-150-03	1
q-151	chunk-150-04	1
q-151	chunk-150-05	1
q-151	chunk-150-06	1
q-151	chunk-150-07	1
q-151	chunk-150-08	1
q-151	chunk-150-09	1
q-151	chunk-150-10	1
q-151	chunk-150-11	1
q-151	chunk-150-12	1
q-151	chunk-150-13	1
q-151	chunk-150-14	1
q-151	chunk-150-15	1
q-151	chunk-150-16	1
q-151	chunk-150-17	1
q-151	chunk-150-18	1
q-151	chunk-150-19	1
q-152	chunk-151-00	1
q-152	chunk-151-01	1
q-152	chunk-151-02	1
q-152	chunk-151-03	1
q-152	chunk-151-04	1
q-152	chunk-151-05	1
q-152	chunk-151-06	1
q-152	chunk-151-07	1
q-152	chunk-151-08	1
q-152	chunk-151-09	1
q-152	chunk-151-10	1
q-152	chunk-151-11	1
q-152	chunk-151-12	1
q-152	chunk-151-13	1
q-152	chunk-151-14	1
q-152	chunk-151-15	1
q-152	chunk-151-16	1
q-152	chunk-151-17	1
q-152	chunk-151-18	1
q-152	chunk-151-19	1
q-153	chunk-152-00	1
q-153	chunk-152-01	1
q-153	chunk-152-02	1
q-153	chunk-152-03	1
q-153	chunk-152-04	1
q-153	chunk-152-05	1
q-153	chunk-152-06	1
q-153	chunk-152-07	1
q-153	chunk-152-08	1
q-153	chunk-152-09	1
q-153	chunk-152-10	1
q-153	chunk-152-11	1
q-153	chunk-152-12	1
q-153	chunk-152-13	1
q-153	chunk-152-14	1
q-153	chunk-152-15	1
q-153	chunk-152-16	1
q-153	chunk-152-17	1
q-153	chunk-152-18	1
q-153	chunk-152-19	1
q-154	chunk-153-01	1
q-154	chunk-153-05	1
q-154	chunk-153-09	1
q-154	chunk-153-13	1
q-154	chunk-153-17	1
q-154	chunk-153-21	1
q-154	chunk-153-25	1
q-154	chunk-153-29	1
q-154	chunk-153-33	1
q-154	chunk-153-37	1
q-154	chunk-153-41	1
q-154	chunk-153-45	1
q-154	chunk-153-49	1
q-155	chunk-154-00	1
q-155	chunk-154-01	1
q-155	chunk-154-02	1
q-155	chunk-154-03	1
q-155	chunk-154-04	1
q-155	chunk-154-05	1
q-155	chunk-154-06	1
q-155	chunk-154-07	1
q-155	chunk-154-08	1
q-155	chunk-154-09	1
q-155	chunk-154-10	1
q-155	chunk-154-11	1
q-155	chunk-154-12	1
q-155	chunk-154-13	1
q-155	chunk-154-14	1
q-155	chunk-154-15	1
q-155	chunk-154-16	1
q-155	chunk-154-17	1
q-155	chunk-154-18	1
q-155	chunk-154-19	1
q-156	chunk-155-00	1
q-156	chunk-155-01	1
q-156	chunk-155-02	1
q-156	chunk-155-03	1
q-156	chunk-155-04	1
q-156	chunk-155-05	1
q-156	chunk-155-06	1
q-156	chunk-155-07	1
q-156	chunk-155-08	1
q-156	chunk-155-09	1
q-156	chunk-155-10	1
q-156	chunk-155-11	1
q-156	chunk-155-12	1
q-156	chunk-155-13	1
q-156	chunk-155-14	1
q-156	chunk-155-15	1
q-156	chunk-155-16	1
q-156	chunk-155-17	1
q-156	chunk-155-18	1
q-156	chunk-155-19	1
q-157	chunk-156-00	1
q-157	chunk-156-01	1
q-157	chunk-156-02	1
q-157	chunk-156-03	1
q-157	chunk-156-04	1
q-157	chunk-156-05	1
q-157	chunk-156-06	1
q-157	chunk-156-07	1
q-157	chunk-156-08	1
q-157	chunk-156-09	1
q-157	chunk-156-10	1
q-157	chunk-156-11	1
q-157	chunk-156-12	1
q-157	chunk-156-13	1
q-157	chunk-156-14	1
q-157	chunk-156-15	1
q-157	chunk-156-16	1
q-157	chunk-156-17	1
q-157	chunk-156-18	1
q-157	chunk-156-19	1
q-158	chunk-157-00	1
q-158	chunk-157-01	1
q-158	chunk-157-02	1
q-158	chunk-157-03	1
q-158	chunk-157-04	1
q-158	chunk-157-05	1
q-158	chunk-157-06	1
q-158	chunk-157-07	1
q-158	chunk-157-08	1
q-158	chunk-157-09	1
q-158	chunk-157-10	1
q-158	chunk-157-11	1
q-158	chunk-157-12	1
q-158	chunk-157-13	1
q-158	chunk-157-14	1
q-158	chunk-157-15	1
q-158	chunk-157-16	1
q-158	chunk-157-17	1
q-158	chunk-157-18	1
q-158	chunk-157-19	1
q-159	chunk-158-00	1
q-159	chunk-158-01	1
q-159	chunk-158-02	1
q-159	chunk-158-03	1
q-159	chunk-158-04	1
q-159	chunk-158-05	1
q-159	chunk-158-06	1
q-159	chunk-158-07	1
q-159	chunk-158-08	1
q-159	chunk-158-09	1
q-159	chunk-158-10	1
q-159	chunk-158-11	1
q-159	chunk-158-12	1
q-159	chunk-158-13	1
q-159	chunk-158-14	1
q-159	chunk-158-15	1
q-159	chunk-158-16	1
q-159	chunk-158-17	1
q-159	chunk-158-18	1
q-159	chunk-158-19	1
q-160	chunk-159-00	1
q-160	chunk-159-01	1
q-160	chunk-159-02	1
q-160	chunk-159-03	1
q-160	chunk-159-04	1
q-160	chunk-159-05	1
q-160	chunk-159-06	1
q-160	chunk-159-07	1
q-160	chunk-159-08	1
q-160	chunk-159-09	1
q-160	chunk-159-10	1
q-160	chunk-159-11	1
q-160	chunk-159-12	1
q-160	chunk-159-13	1
q-160	chunk-159-14	1
q-160	chunk-159-15	1
q-160	chunk-159-16	1
q-160	chunk-159-17	1
q-160	chunk-159-18	1
q-160	chunk-159-19	1
q-161	chunk-160-00	1
q-161	chunk-160-01	1
q-161	chunk-160-02	1
q-161	chunk-160-03	1
q-161	chunk-160-04	1
q-161	chunk-160-05	1
q-161	chunk-160-06	1
q-161	chunk-160-07	1
q-161	chunk-160-08	1
q-161	chunk-160-09	1
q-161	chunk-160-10	1
q-161	chunk-160-11	1
q-161	chunk-160-12	1
q-161	chunk-160-13	1
q-161	chunk-160-14	1
q-161	chunk-160-15	1
q-161	chunk-160-16	1
q-161	chunk-160-17	1
q-161	chunk-160-18	1
q-161	chunk-160-19	1
q-162	chunk-161-00	1
q-162	chunk-161-01	1
q-162	chunk-161-02	1
q-162	chunk-161-03	1
q-162	chunk-161-04	1
q-162	chunk-161-05	1
q-162	chunk-161-06	1
q-162	chunk-161-07	1
q-162	chunk-161-08	1
q-162	chunk-161-09	1
q-162	chunk-161-10	1
q-162	chunk-161-11	1
q-162	chunk-161-12	1
q-162	chunk-161-13	1
q-162	chunk-161-14	1
q-162	chunk-161-15	1
q-162	chunk-161-16	1
q-162	chunk-161-17	1
q-162	chunk-161-18	1
q-162	chunk-161-19	1
q-163	chunk-162-00	1
q-163	chunk-162-01	1
q-163	chunk-162-02	1
q-163	chunk-162-03	1
q-163	chunk-162-04	1
q-163	chunk-162-05	1
q-163	chunk-162-06	1
q-163	chunk-162-07	1
q-163	chunk-162-08	1
q-163	chunk-162-09	1
q-163	chunk-162-10	1
q-163	chunk-162-11	1
q-163	chunk-162-12	1
q-163	chunk-162-13	1
q-163	chunk-162-14	1
q-163	chunk-162-15	1
q-163	chunk-162-16	1
q-163	chunk-162-17	1
q-163	chunk-162-18	1
q-163	chunk-162-19	1
q-164	chunk-163-00	1
q-164	chunk-163-01	1
q-164	chunk-163-02	1
q-164	chunk-163-03	1
q-164	chunk-163-04	1
q-164	chunk-163-05	1
q-164	chunk-163-06	1
q-164	chunk-163-07	1
q-164	chunk-163-08	1
q-164	chunk-163-09	1
q-164	chunk-163-10	1
q-164	chunk-163-11	1
q-164	chunk-163-12	1
q-164	chunk-163-13	1
q-164	chunk-163-14	1
q-164	chunk-163-15	1
q-164	chunk-163-16	1
q-164	chunk-163-17	1
q-164	chunk-163-18	1
q-164	chunk-163-19	1
q-165	chunk-164-00	1
q-165	chunk-164-01	1
q-165	chunk-164-02	1
q-165	chunk-164-03	1
q-165	chunk-164-04	1
q-165	chunk-164-05	1
q-165	chunk-164-06	1
q-165	chunk-164-07	1
q-165	chunk-164-08	1
q-165	chunk-164-09	1
q-165	chunk-164-10	1
q-165	chunk-164-11	1
q-165	chunk-164-12	1
q-165	chunk-164-13	1
q-165	chunk-164-14	1
q-165	chunk-164-15	1
q-165	chunk-164-16	1
q-165	chunk-164-17	1
q-165	chunk-164-18	1
q-165	chunk-164-19	1
q-166	chunk-165-00	1
q-166	chunk-165-01	1
q-166	chunk-165-02	1
q-166	chunk-165-03	1
q-166	chunk-165-04	1
q-166	chunk-165-05	1
q-166	chunk-165-06	1
q-166	chunk-165-07	1
q-166	chunk-165-08	1
q-166	chunk-165-09	1
q-166	chunk-165-10	1
q-166	chunk-165-11	1
q-166	chunk-165-12	1
q-166	chunk-165-13	1
q-166	chunk-165-14	1
q-166	chunk-165-15	1
q-166	chunk-165-16	1
q-166	chunk-165-17	1
q-166	chunk-165-18	1
q-166	chunk-165-19	1
q-167	chunk-166-00	1
q-167	chunk-166-01	1
q-167	chunk-166-02	1
q-167	chunk-166-03	1
q-167	chunk-166-04	1
q-167	chunk-166-05	1
q-167	chunk-166-06	1
q-167	chunk-166-07	1
q-167	chunk-166-08	1
q-167	chunk-166-09	1
q-167	chunk-166-10	1
q-167	chunk-166-11	1
q-167	chunk-166-12	1
q-167	chunk-166-13	1
q-167	chunk-166-14	1
q-167	chunk-166-15	1
q-167	chunk-166-16	1
q-167	chunk-166-17	1
q-167	chunk-166-18	1
q-167	chunk-166-19	1
q-168	chunk-167-00	1
q-168	chunk-167-01	1
q-168	chunk-167-02	1
q-168	chunk-167-03	1
q-168	chunk-167-04	1
q-168	chunk-167-05	1
q-168	chunk-167-06	1
q-168	chunk-167-07	1
q-168	chunk-167-08	1
q-168	chunk-167-09	1
q-168	chunk-167-10	1
q-168	chunk-167-11	1
q-168	chunk-167-12	1
q-168	chunk-167-13	1
q-168	chunk-167-14	1
q-168	chunk-167-15	1
q-168	chunk-167-16	1
q-168	chunk-167-17	1
q-168	chunk-167-18	1
q-168	chunk-167-19	1
q-169	chunk-168-00	1
q-169	chunk-168-04	1
q-169	chunk-168-08	1
q-169	chunk-168-12	1
q-169	chunk-168-16	1
q-169	chunk-168-20	1
q-169	chunk-168-24	1
q-169	chunk-168-28	1
q-169	chunk-168-32	1
q-169	chunk-168-36	1
q-169	chunk-168-40	1
q-169	chunk-168-44	1
q-169	chunk-168-48	1
q-170	chunk-169-00	1
q-170	chunk-169-01	1
q-170	chunk-169-02	1
q-170	chunk-169-03	1
q-170	chunk-169-04	1
q-170	chunk-169-05	1
q-170	chunk-169-06	1
q-170	chunk-169-07	1
q-170	chunk-169-08	1
q-170	chunk-169-09	1
q-170	chunk-169-10	1
q-170	chunk-169-11	1
q-170	chunk-169-12	1
q-170	chunk-169-13	1
q-170	chunk-169-14	1
q-170	chunk-169-15	1
q-170	chunk-169-16	1
q-170	chunk-169-17	1
q-170	chunk-169-18	1
q-170	chunk-169-19	1
q-171	chunk-170-00	1
q-171	chunk-170-01	1
q-171	chunk-170-02	1
q-171	chunk-170-03	1
q-171	chunk-170-04	1
q-171	chunk-170-05	1
q-171	chunk-170-06	1
q-171	chunk-170-07	1
q-171	chunk-170-08	1
q-171	chunk-170-09	1
q-171	chunk-170-10	1
q-171	chunk-170-11	1
q-171	chunk-170-12	1
q-171	chunk-170-13	1
q-171	chunk-170-14	1
q-171	chunk-170-15	1
q-171	chunk-170-16	1
q-171	chunk-170-17	1
q-171	chunk-170-18	1
q-171	chunk-170-19	1
q-172	chunk-171-00	1
q-172	chunk-171-01	1
q-172	chunk-171-02	1
q-172	chunk-171-03	1
q-172	chunk-171-04	1
q-172	chunk-171-05	1
q-172	chunk-171-06	1
q-172	chunk-171-07	1
q-172	chunk-171-08	1
q-172	chunk-171-09	1
q-172	chunk-171-10	1
q-172	chunk-171-11	1
q-172	chunk-171-12	1
q-172	chunk-171-13	1
q-172	chunk-171-14	1
q-172	chunk-171-15	1
q-172	chunk-171-16	1
q-172	chunk-171-17	1
q-172	chunk-171-18	1
q-172	chunk-171-19	1
q-173	chunk-172-00	1
q-173	chunk-172-01	1
q-173	chunk-172-02	1
q-173	chunk-172-03	1
q-173	chunk-172-04	1
q-173	chunk-172-05	1
q-173	chunk-172-06	1
q-173	chunk-172-07	1
q-173	chunk-172-08	1
q-173	chunk-172-09	1
q-173	chunk-172-10	1
q-173	chunk-172-11	1
q-173	chunk-172-12	1
q-173	chunk-172-13	1
q-173	chunk-172-14	1
q-173	chunk-172-15	1
q-173	chunk-172-16	1
q-173	chunk-172-17	1
q-173	chunk-172-18	1
q-173	chunk-172-19	1
q-174	chunk-173-00	1
q-174	chunk-173-01	1
q-174	chunk-173-02	1
q-174	chunk-173-03	1
q-174	chunk-173-04	1
q-174	chunk-173-05	1
q-174	chunk-173-06	1
q-174	chunk-173-07	1
q-174	chunk-173-08	1
q-174	chunk-173-09	1
q-174	chunk-173-10	1
q-174	chunk-173-11	1
q-174	chunk-173-12	1
q-174	chunk-173-13	1
q-174	chunk-173-14	1
q-174	chunk-173-15	1
q-174	chunk-173-16	1
q-174	chunk-173-17	1
q-174	chunk-173-18	1
q-174	chunk-173-19	1
q-175	chunk-174-00	1
q-175	chunk-174-01	1
q-175	chunk-174-02	1
q-175	chunk-174-03	1
q-175	chunk-174-04	1
q-175	chunk-174-05	1
q-175	chunk-174-06	1
q-175	chunk-174-07	1
q-175	chunk-174-08	1
q-175	chunk-174-09	1
q-175	chunk-174-10	1
q-175	chunk-174-11	1
q-175	chunk-174-12	1
q-175	chunk-174-13	1
q-175	chunk-174-14	1
q-175	chunk-174-15	1
q-175	chunk-174-16	1
q-175	chunk-174-17	1
q-175	chunk-174-18	1
q-175	chunk-174-19	1
q-176	chunk-175-00	1
q-176	chunk-175-01	1
q-176	chunk-175-02	1
q-176	chunk-175-03	1
q-176	chunk-175-04	1
q-176	chunk-175-05	1
q-176	chunk-175-06	1
q-176	chunk-175-07	1
q-176	chunk-175-08	1
q-176	chunk-175-09	1
q-176	chunk-175-10	1
q-176	chunk-175-11	1
q-176	chunk-175-12	1
q-176	chunk-175-13	1
q-176	chunk-175-14	1
q-176	chunk-175-15	1
q-176	chunk-175-16	1
q-176	chunk-175-17	1
q-176	chunk-175-18	1
q-176	chunk-175-19	1
q-177	chunk-176-00	1
q-177	chunk-176-01	1
q-177	chunk-176-02	1
q-177	chunk-176-03	1
q-177	chunk-176-04	1
q-177	chunk-176-05	1
q-177	chunk-176-06	1
q-177	chunk-176-07	1
q-177	chunk-176-08	1
q-177	chunk-176-09	1
q-177	chunk-176-10	1
q-177	chunk-176-11	1
q-177	chunk-176-12	1
q-177	chunk-176-13	1
q-177	chunk-176-14	1
q-177	chunk-176-15	1
q-177	chunk-176-16	1
q-177	chunk-176-17	1
q-177	chunk-176-18	1
q-177	chunk-176-19	1
q-178	chunk-177-00	1
q-178	chunk-177-01	1
q-178	chunk-177-02	1
q-178	chunk-177-03	1
q-178	chunk-177-04	1
q-178	chunk-177-05	1
q-178	chunk-177-06	1
q-178	chunk-177-07	1
q-178	chunk-177-08	1
q-178	chunk-177-09	1
q-178	chunk-177-10	1
q-178	chunk-177-11	1
q-178	chunk-177-12	1
q-178	chunk-177-13	1
q-178	chunk-177-14	1
q-178	chunk-177-15	1
q-178	chunk-177-16	1
q-178	chunk-177-17	1
q-178	chunk-177-18	1
q-178	chunk-177-19	1
q-179	chunk-178-00	1
q-179	chunk-178-01	1
q-179	chunk-178-02	1
q-179	chunk-178-03	1
q-179	chunk-178-04	1
q-179	chunk-178-05	1
q-179	chunk-178-06	1
q-179	chunk-178-07	1
q-179	chunk-178-08	1
q-179	chunk-178-09	1
q-179	chunk-178-10	1
q-179	chunk-178-11	1
q-179	chunk-178-12	1
q-179	chunk-178-13	1
q-179	chunk-178-14	1
q-179	chunk-178-15	1
q-179	chunk-178-16	1
q-179	chunk-178-17	1
q-179	chunk-178-18	1
q-179	chunk-178-19	1
q-180	chunk-179-00	1
q-180	chunk-179-01	1
q-180	chunk-179-02	1
q-180	chunk-179-03	1
q-180	chunk-179-04	1
q-180	chunk-179-05	1
q-180	chunk-179-06	1
q-180	chunk-179-07	1
q-180	chunk-179-08	1
q-180	chunk-179-09	1
q-180	chunk-179-10	1
q-180	chunk-179-11	1
q-180	chunk-179-12	1
q-180	chunk-179-13	1
q-180	chunk-179-14	1
q-180	chunk-179-15	1
q-180	chunk-179-16	1
q-180	chunk-179-17	1
q-180	chunk-179-18	1
q-180	chunk-179-19	1
q-181	chunk-180-00	1
q-181	chunk-180-01	1
q-181	chunk-180-02	1
q-181	chunk-180-03	1
q-181	chunk-180-04	1
q-181	chunk-180-05	1
q-181	chunk-180-06	1
q-181	chunk-180-07	1
q-181	chunk-180-08	1
q-181	chunk-180-09	1
q-181	chunk-180-10	1
q-181	chunk-180-11	1
q-181	chunk-180-12	1
q-181	chunk-180-13	1
q-181	chunk-180-14	1
q-181	chunk-180-15	1
q-181	chunk-180-16	1
q-181	chunk-180-17	1
q-181	chunk-180-18	1
q-181	chunk-180-19	1
q-182	chunk-181-00	1
q-182	chunk-181-01	1
q-182	chunk-181-02	1
q-182	chunk-181-03	1
q-182	chunk-181-04	1
q-182	chunk-181-05	1
q-182	chunk-181-06	1
q-182	chunk-181-07	1
q-182	chunk-181-08	1
q-182	chunk-181-09	1
q-182	chunk-181-10	1
q-182	chunk-181-11	1
q-182	chunk-181-12	1
q-182	chunk-181-13	1
q-182	chunk-181-14	1
q-182	chunk-181-15	1
q-182	chunk-181-16	1
q-182	chunk-181-17	1
q-182	chunk-181-18	1
q-182	chunk-181-19	1
q-183	chunk-182-00	1
q-183	chunk-182-01	1
q-183	chunk-182-02	1
q-183	chunk-182-03	1
q-183	chunk-182-04	1
q-183	chunk-182-05	1
q-183	chunk-182-06	1
q-183	chunk-182-07	1
q-183	chunk-182-08	1
q-183	chunk-182-09	1
q-183	chunk-182-10	1
q-183	chunk-182-11	1
q-183	chunk-182-12	1
q-183	chunk-182-13	1
q-183	chunk-182-14	1
q-183	chunk-182-15	1
q-183	chunk-182-16	1
q-183	chunk-182-17	1
q-183	chunk-182-18	1
q-183	chunk-182-19	1
q-184	chunk-183-00	1
q-184	chunk-183-01	1
q-184	chunk-183-02	1
q-184	chunk-183-03	1
q-184	chunk-183-04	1
q-184	chunk-183-05	1
q-184	chunk-183-06	1
q-184	chunk-183-07	1
q-184	chunk-183-08	1
q-184	chunk-183-09	1
q-184	chunk-183-10	1
q-184	chunk-183-11	1
q-184	chunk-183-12	1
q-184	chunk-183-13	1
q-184	chunk-183-14	1
q-184	chunk-183-15	1
q-184	chunk-183-16	1
q-184	chunk-183-17	1
q-184	chunk-183-18	1
q-184	chunk-183-19	1
q-185	chunk-184-00	1
q-185	chunk-184-04	1
q-185	chunk-184-08	1
q-185	chunk-184-12	1
q-185	chunk-184-16	1
q-185	chunk-184-20	1
q-185	chunk-184-24	1
q-185	chunk-184-28	1
q-185	chunk-184-32	1
q-185	chunk-184-36	1
q-185	chunk-184-40	1
q-185	chunk-184-44	1
q-185	chunk-184-48	1
q-186	chunk-185-00	1
q-186	chunk-185-01	1
q-186	chunk-185-02	1
q-186	chunk-185-03	1
q-186	chunk-185-04	1
q-186	chunk-185-05	1
q-186	chunk-185-06	1
q-186	chunk-185-07	1
q-186	chunk-185-08	1
q-186	chunk-185-09	1
q-186	chunk-185-10	1
q-186	chunk-185-11	1
q-186	chunk-185-12	1
q-186	chunk-185-13	1
q-186	chunk-185-14	1
q-186	chunk-185-15	1
q-186	chunk-185-16	1
q-186	chunk-185-17	1
q-186	chunk-185-18	1
q-186	chunk-185-19	1
q-187	chunk-186-00	1
q-187	chunk-186-01	1
q-187	chunk-186-02	1
q-187	chunk-186-03	1
q-187	chunk-186-04	1
q-187	chunk-186-05	1
q-187	chunk-186-06	1
q-187	chunk-186-07	1
q-187	chunk-186-08	1
q-187	chunk-186-09	1
q-187	chunk-186-10	1
q-187	chunk-186-11	1
q-187	chunk-186-12	1
q-187	chunk-186-13	1
q-187	chunk-186-14	1
q-187	chunk-186-15	1
q-187	chunk-186-16	1
q-187	chunk-186-17	1
q-187	chunk-186-18	1
q-187	chunk-186-19	1
q-188	chunk-187-00	1
q-188	chunk-187-01	1
q-188	chunk-187-02	1
q-188	chunk-187-03	1
q-188	chunk-187-04	1
q-188	chunk-187-05	1
q-188	chunk-187-06	1
q-188	chunk-187-07	1
q-188	chunk-187-08	1
q-188	chunk-187-09	1
q-188	chunk-187-10	1
q-188	chunk-187-11	1
q-188	chunk-187-12	1
q-188	chunk-187-13	1
q-188	chunk-187-14	1
q-188	chunk-187-15	1
q-188	chunk-187-16	1
q-188	chunk-187-17	1
q-188	chunk-187-18	1
q-188	chunk-187-19	1
q-189	chunk-188-00	1
q-189	chunk-188-01	1
q-189	chunk-188-02	1
q-189	chunk-188-03	1
q-189	chunk-188-04	1
q-189	chunk-188-05	1
q-189	chunk-188-06	1
q-189	chunk-188-07	1
q-189	chunk-188-08	1
q-189	chunk-188-09	1
q-189	chunk-188-10	1
q-189	chunk-188-11	1
q-189	chunk-188-12	1
q-189	chunk-188-13	1
q-189	chunk-188-14	1
q-189	chunk-188-15	1
q-189	chunk-188-16	1
q-189	chunk-188-17	1
q-189	chunk-188-18	1
q-189	chunk-188-19	1
q-190	chunk-189-00	1
q-190	chunk-189-01	1
q-190	chunk-189-02	1
q-190	chunk-189-03	1
q-190	chunk-189-04	1
q-190	chunk-189-05	1
q-190	chunk-189-06	1
q-190	chunk-189-07	1
q-190	chunk-189-08	1
q-190	chunk-189-09	1
q-190	chunk-189-10	1
q-190	chunk-189-11	1
q-190	chunk-189-12	1
q-190	chunk-189-13	1
q-190	chunk-189-14	1
q-190	chunk-189-15	1
q-190	chunk-189-16	1
q-190	chunk-189-17	1
q-190	chunk-189-18	1
q-190	chunk-189-19	1
q-191	chunk-190-00	1
q-191	chunk-190-01	1
q-191	chunk-190-02	1
q-191	chunk-190-03	1
q-191	chunk-190-04	1
q-191	chunk-190-05	1
q-191	chunk-190-06	1
q-191	chunk-190-07	1
q-191	chunk-190-08	1
q-191	chunk-190-09	1
q-191	chunk-190-10	1
q-191	chunk-190-11	1
q-191	chunk-190-12	1
q-191	chunk-190-13	1
q-191	chunk-190-14	1
q-191	chunk-190-15	1
q-191	chunk-190-16	1
q-191	chunk-190-17	1
q-191	chunk-190-18	1
q-191	chunk-190-19	1
q-193	chunk-192-00	1
q-193	chunk-192-04	1
q-193	chunk-192-08	1
q-193	chunk-192-12	1
q-193	chunk-192-16	1
q-193	chunk-192-20	1
q-193	chunk-192-24	1
q-193	chunk-192-28	1
q-193	chunk-192-32	1
q-193	chunk-192-36	1
q-193	chunk-192-40	1
q-193	chunk-192-44	1
q-193	chunk-192-48	1
q-194	chunk-193-00	1
q-194	chunk-193-01	1
q-194	chunk-193-02	1
q-194	chunk-193-03	1
q-194	chunk-193-04	1
q-194	chunk-193-05	1
q-194	chunk-193-06	1
q-194	chunk-193-07	1
q-194	chunk-193-08	1
q-194	chunk-193-09	1
q-194	chunk-193-10	1
q-194	chunk-193-11	1
q-194	chunk-193-12	1
q-194	chunk-193-13	1
q-194	chunk-193-14	1
q-194	chunk-193-15	1
q-194	chunk-193-16	1
q-194	chunk-193-17	1
q-194	chunk-193-18	1
q-194	chunk-193-19	1
q-195	chunk-194-00	1
q-195	chunk-194-01	1
q-195	chunk-194-02	1
q-195	chunk-194-03	1
q-195	chunk-194-04	1
q-195	chunk-194-05	1
q-195	chunk-194-06	1
q-195	chunk-194-07	1
q-195	chunk-194-08	1
q-195	chunk-194-09	1
q-195	chunk-194-10	1
q-195	chunk-194-11	1
q-195	chunk-194-12	1
q-195	chunk-194-13	1
q-195	chunk-194-14	1
q-195	chunk-194-15	1
q-195	chunk-194-16	1
q-195	chunk-194-17	1
q-195	chunk-194-18	1
q-195	chunk-194-19	1
q-196	chunk-195-00	1
q-196	chunk-195-01	1
q-196	chunk-195-02	1
q-196	chunk-195-03	1
q-196	chunk-195-04	1
q-196	chunk-195-05	1
q-196	chunk-195-06	1
q-196	chunk-195-07	1
q-196	chunk-195-08	1
q-196	chunk-195-09	1
q-196	chunk-195-10	1
q-196	chunk-195-11	1
q-196	chunk-195-12	1
q-196	chunk-195-13	1
q-196	chunk-195-14	1
q-196	chunk-195-15	1
q-196	chunk-195-16	1
q-196	chunk-195-17	1
q-196	chunk-195-18	1
q-196	chunk-195-19	1
q-197	chunk-196-00	1
q-197	chunk-196-01	1
q-197	chunk-196-02	1
q-197	chunk-196-03	1
q-197	chunk-196-04	1
q-197	chunk-196-05	1
q-197	chunk-196-06	1
q-197	chunk-196-07	1
q-197	chunk-196-08	1
q-197	chunk-196-09	1
q-197	chunk-196-10	1
q-197	chunk-196-11	1
q-197	chunk-196-12	1
q-197	chunk-196-13	1
q-197	chunk-196-14	1
q-197	chunk-196-15	1
q-197	chunk-196-16	1
q-197	chunk-196-17	1
q-197	chunk-196-18	1
q-197	chunk-196-19	1
q-198	chunk-197-00	1
q-198	chunk-197-01	1
q-198	chunk-197-02	1
q-198	chunk-197-03	1
q-198	chunk-197-04	1
q-198	chunk-197-05	1
q-198	chunk-197-06	1
q-198	chunk-197-07	1
q-198	chunk-197-08	1
q-198	chunk-197-09	1
q-198	chunk-197-10	1
q-198	chunk-197-11	1
q-198	chunk-197-12	1
q-198	chunk-197-13	1
q-198	chunk-197-14	1
q-198	chunk-197-15	1
q-198	chunk-197-16	1
q-198	chunk-197-17	1
q-198	chunk-197-18	1
q-198	chunk-197-19	1
q-199	chunk-198-00	1
q-199	chunk-198-01	1
q-199	chunk-198-02	1
q-199	chunk-198-03	1
q-199	chunk-198-04	1
q-199	chunk-198-05	1
q-199	chunk-198-06	1
q-199	chunk-198-07	1
q-199	chunk-198-08	1
q-199	chunk-198-09	1
q-199	chunk-198-10	1
q-199	chunk-198-11	1
q-199	chunk-198-12	1
q-199	chunk-198-13	1
q-199	chunk-198-14	1
q-199	chunk-198-15	1
q-199	chunk-198-16	1
q-199	chunk-198-17	1
q-199	chunk-198-18	1
q-199	chunk-198-19	1
q-200	chunk-199-00	1
q-200	chunk-199-01	1
q-200	chunk-199-02	1
q-200	chunk-199-03	1
q-200	chunk-199-04	1
q-200	chunk-199-05	1
q-200	chunk-199-06	1
q-200	chunk-199-07	1
q-200	chunk-199-08	1
q-200	chunk-199-09	1
q-200	chunk-199-10	1
q-200	chunk-199-11	1
q-200	chunk-199-12	1
q-200	chunk-199-13	1
q-200	chunk-199-14	1
q-200	chunk-199-15	1
q-200	chunk-199-16	1
q-200	chunk-199-17	1
q-200	chunk-199-18	1
q-200	chunk-199-19	1
q-201	chunk-000-00	1
q-201	chunk-000-04	1
q-201	chunk-000-08	1
q-201	chunk-000-12	1
q-201	chunk-000-16	1
q-201	chunk-000-20	1
q-201	chunk-000-24	1
q-201	chunk-000-28	1
q-201	chunk-000-32	1
q-201	chunk-000-36	1
q-201	chunk-000-40	1
q-201	chunk-000-44	1
q-201	chunk-000-48	1
q-202	chunk-001-00	1
q-202	chunk-001-01	1
q-202	chunk-001-02	1
q-202	chunk-001-03	1
q-202	chunk-001-04	1
q-202	chunk-001-05	1
q-202	chunk-001-06	1
q-202	chunk-001-07	1
q-202	chunk-001-08	1
q-202	chunk-001-09	1
q-202	chunk-001-10	1
q-202	chunk-001-11	1
q-202	chunk-001-12	1
q-202	chunk-001-13	1
q-202	chunk-001-14	1
q-202	chunk-001-15	1
q-202	chunk-001-16	1
q-202	chunk-001-17	1
q-202	chunk-001-18	1
q-202	chunk-001-19	1
q-203	chunk-002-00	1
q-203	chunk-002-01	1
q-203	chunk-002-02	1
q-203	chunk-002-03	1
q-203	chunk-002-04	1
q-203	chunk-002-05	1
q-203	chunk-002-06	1
q-203	chunk-002-07	1
q-203	chunk-002-08	1
q-203	chunk-002-09	1
q-203	chunk-002-10	1
q-203	chunk-002-11	1
q-203	chunk-002-12	1
q-203	chunk-002-13	1
q-203	chunk-002-14	1
q-203	chunk-002-15	1
q-203	chunk-002-16	1
q-203	chunk-002-17	1
q-203	chunk-002-18	1
q-203	chunk-002-19	1
q-204	chunk-003-00	1
q-204	chunk-003-01	1
q-204	chunk-003-02	1
q-204	chunk-003-03	1
q-204	chunk-003-04	1
q-204	chunk-003-05	1
q-204	chunk-003-06	1
q-204	chunk-003-07	1
q-204	chunk-003-08	1
q-204	chunk-003-09	1
q-204	chunk-003-10	1
q-204	chunk-003-11	1
q-204	chunk-003-12	1
q-204	chunk-003-13	1
q-204	chunk-003-14	1
q-204	chunk-003-15	1
q-204	chunk-003-16	1
q-204	chunk-003-17	1
q-204	chunk-003-18	1
q-204	chunk-003-19	1
q-205	chunk-004-00	1
q-205	chunk-004-01	1
q-205	chunk-004-02	1
q-205	chunk-004-03	1
q-205	chunk-004-04	1
q-205	chunk-004-05	1
q-205	chunk-004-06	1
q-205	chunk-004-07	1
q-205	chunk-004-08	1
q-205	chunk-004-09	1
q-205	chunk-004-10	1
q-205	chunk-004-11	1
q-205	chunk-004-12	1
q-205	chunk-004-13	1
q-205	chunk-004-14	1
q-205	chunk-004-15	1
q-205	chunk-004-16	1
q-205	chunk-004-17	1
q-205	chunk-004-18	1
q-205	chunk-004-19	1
q-206	chunk-005-01	1
q-206	chunk-005-05	1
q-206	chunk-005-09	1
q-206	chunk-005-13	1
q-206	chunk-005-17	1
q-206	chunk-005-21	1
q-206	chunk-005-25	1
q-206	chunk-005-29	1
q-206	chunk-005-33	1
q-206	chunk-005-37	1
q-206	chunk-005-41	1
q-206	chunk-005-45	1
q-206	chunk-005-49	1
q-207	chunk-006-00	1
q-207	chunk-006-01	1
q-207	chunk-006-02	1
q-207	chunk-006-03	1
q-207	chunk-006-04	1
q-207	chunk-006-05	1
q-207	chunk-006-06	1
q-207	chunk-006-07	1
q-207	chunk-006-08	1
q-207	chunk-006-09	1
q-207	chunk-006-10	1
q-207	chunk-006-11	1
q-207	chunk-006-12	1
q-207	chunk-006-13	1
q-207	chunk-006-14	1
q-207	chunk-006-15	1
q-207	chunk-006-16	1
q-207	chunk-006-17	1
q-207	chunk-006-18	1
q-207	chunk-006-19	1
q-208	chunk-007-00	1
q-208	chunk-007-01	1
q-208	chunk-007-02	1
q-208	chunk-007-03	1
q-208	chunk-007-04	1
q-208	chunk-007-05	1
q-208	chunk-007-06	1
q-208	chunk-007-07	1
q-208	chunk-007-08	1
q-208	chunk-007-09	1
q-208	chunk-007-10	1
q-208	chunk-007-11	1
q-208	chunk-007-12	1
q-208	chunk-007-13	1
q-208	chunk-007-14	1
q-208	chunk-007-15	1
q-208	chunk-007-16	1
q-208	chunk-007-17	1
q-208	chunk-007-18	1
q-208	chunk-007-19	1
q-209	chunk-008-00	1
q-209	chunk-008-01	1
q-209	chunk-008-02	1
q-209	chunk-008-03	1
q-209	chunk-008-04	1
q-209	chunk-008-05	1
q-209	chunk-008-06	1
q-209	chunk-008-07	1
q-209	chunk-008-08	1
q-209	chunk-008-09	1
q-209	chunk-008-10	1
q-209	chunk-008-11	1
q-209	chunk-008-12	1
q-209	chunk-008-13	1
q-209	chunk-008-14	1
q-209	chunk-008-15	1
q-209	chunk-008-16	1
q-209	chunk-008-17	1
q-209	chunk-008-18	1
q-209	chunk-008-19	1
q-210	chunk-009-00	1
q-210	chunk-009-01	1
q-210	chunk-009-02	1
q-210	chunk-009-03	1
q-210	chunk-009-04	1
q-210	chunk-009-05	1
q-210	chunk-009-06	1
q-210	chunk-009-07	1
q-210	chunk-009-08	1
q-210	chunk-009-09	1
q-210	chunk-009-10	1
q-210	chunk-009-11	1
q-210	chunk-009-12	1
q-210	chunk-009-13	1
q-210	chunk-009-14	1
q-210	chunk-009-15	1
q-210	chunk-009-16	1
q-210	chunk-009-17	1
q-210	chunk-009-18	1
q-210	chunk-009-19	1
q-211	chunk-010-00	1
q-211	chunk-010-01	1
q-211	chunk-010-02	1
q-211	chunk-010-03	1
q-211	chunk-010-04	1
q-211	chunk-010-05	1
q-211	chunk-010-06	1
q-211	chunk-010-07	1
q-211	chunk-010-08	1
q-211	chunk-010-09	1
q-211	chunk-010-10	1
q-211	chunk-010-11	1
q-211	chunk-010-12	1
q-211	chunk-010-13	1
q-211	chunk-010-14	1
q-211	chunk-010-15	1
q-211	chunk-010-16	1
q-211	chunk-010-17	1
q-211	chunk-010-18	1
q-211	chunk-010-19	1
q-212	chunk-011-00	1
q-212	chunk-011-01	1
q-212	chunk-011-02	1
q-212	chunk-011-03	1
q-212	chunk-011-04	1
q-212	chunk-011-05	1
q-212	chunk-011-06	1
q-212	chunk-011-07	1
q-212	chunk-011-08	1
q-212	chunk-011-09	1
q-212	chunk-011-10	1
q-212	chunk-011-11	1
q-212	chunk-011-12	1
q-212	chunk-011-13	1
q-212	chunk-011-14	1
q-212	chunk-011-15	1
q-212	chunk-011-16	1
q-212	chunk-011-17	1
q-212	chunk-011-18	1
q-212	chunk-011-19	1
q-213	chunk-012-00	1
q-213	chunk-012-04	1
q-213	chunk-012-08	1
q-213	chunk-012-12	1
q-213	chunk-012-16	1
q-213	chunk-012-20	1
q-213	chunk-012-24	1
q-213	chunk-012-28	1
q-213	chunk-012-32	1
q-213	chunk-012-36	1
q-213	chunk-012-40	1
q-213	chunk-012-44	1
q-213	chunk-012-48	1
q-214	chunk-013-00	1
q-214	chunk-013-01	1
q-214	chunk-013-02	1
q-214	chunk-013-03	1
q-214	chunk-013-04	1
q-214	chunk-013-05	1
q-214	chunk-013-06	1
q-214	chunk-013-07	1
q-214	chunk-013-08	1
q-214	chunk-013-09	1
q-214	chunk-013-10	1
q-214	chunk-013-11	1
q-214	chunk-013-12	1
q-214	chunk-013-13	1
q-214	chunk-013-14	1
q-214	chunk-013-15	1
q-214	chunk-013-16	1
q-214	chunk-013-17	1
q-214	chunk-013-18	1
q-214	chunk-013-19	1
q-215	chunk-014-00	1
q-215	chunk-014-01	1
q-215	chunk-014-02	1
q-215	chunk-014-03	1
q-215	chunk-014-04	1
q-215	chunk-014-05	1
q-215	chunk-014-06	1
q-215	chunk-014-07	1
q-215	chunk-014-08	1
q-215	chunk-014-09	1
q-215	chunk-014-10	1
q-215	chunk-014-11	1
q-215	chunk-014-12	1
q-215	chunk-014-13	1
q-215	chunk-014-14	1
q-215	chunk-014-15	1
q-215	chunk-014-16	1
q-215	chunk-014-17	1
q-215	chunk-014-18	1
q-215	chunk-014-19	1
q-217	chunk-016-00	1
q-217	chunk-016-01	1
q-217	chunk-016-02	1
q-217	chunk-016-03	1
q-217	chunk-016-04	1
q-217	chunk-016-05	1
q-217	chunk-016-06	1
q-217	chunk-016-07	1
q-217	chunk-016-08	1
q-217	chunk-016-09	1
q-217	chunk-016-10	1
q-217	chunk-016-11	1
q-217	chunk-016-12	1
q-217	chunk-016-13	1
q-217	chunk-016-14	1
q-217	chunk-016-15	1
q-217	chunk-016-16	1
q-217	chunk-016-17	1
q-217	chunk-016-18	1
q-217	chunk-016-19	1
q-218	chunk-017-00	1
q-218	chunk-017-01	1
q-218	chunk-017-02	1
q-218	chunk-017-03	1
q-218	chunk-017-04	1
q-218	chunk-017-05	1
q-218	chunk-017-06	1
q-218	chunk-017-07	1
q-218	chunk-017-08	1
q-218	chunk-017-09	1
q-218	chunk-017-10	1
q-218	chunk-017-11	1
q-218	chunk-017-12	1
q-218	chunk-017-13	1
q-218	chunk-017-14	1
q-218	chunk-017-15	1
q-218	chunk-017-16	1
q-218	chunk-017-17	1
q-218	chunk-017-18	1
q-218	chunk-017-19	1
q-219	chunk-018-00	1
q-219	chunk-018-01	1
q-219	chunk-018-02	1
q-219	chunk-018-03	1
q-219	chunk-018-04	1
q-219	chunk-018-05	1
q-219	chunk-018-06	1
q-219	chunk-018-07	1
q-219	chunk-018-08	1
q-219	chunk-018-09	1
q-219	chunk-018-10	1
q-219	chunk-018-11	1
q-219	chunk-018-12	1
q-219	chunk-018-13	1
q-219	chunk-018-14	1
q-219	chunk-018-15	1
q-219	chunk-018-16	1
q-219	chunk-018-17	1
q-219	chunk-018-18	1
q-219	chunk-018-19	1
q-220	chunk-019-00	1
q-220	chunk-019-01	1
q-220	chunk-019-02	1
q-220	chunk-019-03	1
q-220	chunk-019-04	1
q-220	chunk-019-05	1
q-220	chunk-019-06	1
q-220	chunk-019-07	1
q-220	chunk-019-08	1
q-220	chunk-019-09	1
q-220	chunk-019-10	1
q-220	chunk-019-11	1
q-220	chunk-019-12	1
q-220	chunk-019-13	1
q-220	chunk-019-14	1
q-220	chunk-019-15	1
q-220	chunk-019-16	1
q-220	chunk-019-17	1
q-220	chunk-019-18	1
q-220	chunk-019-19	1
q-221	chunk-020-00	1
q-221	chunk-020-01	1
q-221	chunk-020-02	1
q-221	chunk-020-03	1
q-221	chunk-020-04	1
q-221	chunk-020-05	1
q-221	chunk-020-06	1
q-221	chunk-020-07	1
q-221	chunk-020-08	1
q-221	chunk-020-09	1
q-221	chunk-020-10	1
q-221	chunk-020-11	1
q-221	chunk-020-12	1
q-221	chunk-020-13	1
q-221	chunk-020-14	1
q-221	chunk-020-15	1
q-221	chunk-020-16	1
q-221	chunk-020-17	1
q-221	chunk-020-18	1
q-221	chunk-020-19	1
q-222	chunk-021-00	1
q-222	chunk-021-01	1
q-222	chunk-021-02	1
q-222	chunk-021-03	1
q-222	chunk-021-04	1
q-222	chunk-021-05	1
q-222	chunk-021-06	1
q-222	chunk-021-07	1
q-222	chunk-021-08	1
q-222	chunk-021-09	1
q-222	chunk-021-10	1
q-222	chunk-021-11	1
q-222	chunk-021-12	1
q-222	chunk-021-13	1
q-222	chunk-021-14	1
q-222	chunk-021-15	1
q-222	chunk-021-16	1
q-222	chunk-021-17	1
q-222	chunk-021-18	1
q-222	chunk-021-19	1
q-223	chunk-022-00	1
q-223	chunk-022-01	1
q-223	chunk-022-02	1
q-223	chunk-022-03	1
q-223	chunk-022-04	1
q-223	chunk-022-05	1
q-223	chunk-022-06	1
q-223	chunk-022-07	1
q-223	chunk-022-08	1
q-223	chunk-022-09	1
q-223	chunk-022-10	1
q-223	chunk-022-11	1
q-223	chunk-022-12	1
q-223	chunk-022-13	1
q-223	chunk-022-14	1
q-223	chunk-022-15	1
q-223	chunk-022-16	1
q-223	chunk-022-17	1
q-223	chunk-022-18	1
q-223	chunk-022-19	1
q-224	chunk-023-00	1
q-224	chunk-023-01	1
q-224	chunk-023-02	1
q-224	chunk-023-03	1
q-224	chunk-023-04	1
q-224	chunk-023-05	1
q-224	chunk-023-06	1
q-224	chunk-023-07	1
q-224	chunk-023-08	1
q-224	chunk-023-09	1
q-224	chunk-023-10	1
q-224	chunk-023-11	1
q-224	chunk-023-12	1
q-224	chunk-023-13	1
q-224	chunk-023-14	1
q-224	chunk-023-15	1
q-224	chunk-023-16	1
q-224	chunk-023-17	1
q-224	chunk-023-18	1
q-224	chunk-023-19	1
q-225	chunk-024-00	1
q-225	chunk-024-01	1
q-225	chunk-024-02	1
q-225	chunk-024-03	1
q-225	chunk-024-04	1
q-225	chunk-024-05	1
q-225	chunk-024-06	1
q-225	chunk-024-07	1
q-225	chunk-024-08	1
q-225	chunk-024-09	1
q-225	chunk-024-10	1
q-225	chunk-024-11	1
q-225	chunk-024-12	1
q-225	chunk-024-13	1
q-225	chunk-024-14	1
q-225	chunk-024-15	1
q-225	chunk-024-16	1
q-225	chunk-024-17	1
q-225	chunk-024-18	1
q-225	chunk-024-19	1
q-226	chunk-025-00	1
q-226	chunk-025-01	1
q-226	chunk-025-02	1
q-226	chunk-025-03	1
q-226	chunk-025-04	1
q-226	chunk-025-05	1
q-226	chunk-025-06	1
q-226	chunk-025-07	1
q-226	chunk-025-08	1
q-226	chunk-025-09	1
q-226	chunk-025-10	1
q-226	chunk-025-11	1
q-226	chunk-025-12	1
q-226	chunk-025-13	1
q-226	chunk-025-14	1
q-226	chunk-025-15	1
q-226	chunk-025-16	1
q-226	chunk-025-17	1
q-226	chunk-025-18	1
q-226	chunk-025-19	1
q-227	chunk-026-00	1
q-227	chunk-026-01	1
q-227	chunk-026-02	1
q-227	chunk-026-03	1
q-227	chunk-026-04	1
q-227	chunk-026-05	1
q-227	chunk-026-06	1
q-227	chunk-026-07	1
q-227	chunk-026-08	1
q-227	chunk-026-09	1
q-227	chunk-026-10	1
q-227	chunk-026-11	1
q-227	chunk-026-12	1
q-227	chunk-026-13	1
q-227	chunk-026-14	1
q-227	chunk-026-15	1
q-227	chunk-026-16	1
q-227	chunk-026-17	1
q-227	chunk-026-18	1
q-227	chunk-026-19	1
q-228	chunk-027-00	1
q-228	chunk-027-01	1
q-228	chunk-027-02	1
q-228	chunk-027-03	1
q-228	chunk-027-04	1
q-228	chunk-027-05	1
q-228	chunk-027-06	1
q-228	chunk-027-07	1
q-228	chunk-027-08	1
q-228	chunk-027-09	1
q-228	chunk-027-10	1
q-228	chunk-027-11	1
q-228	chunk-027-12	1
q-228	chunk-027-13	1
q-228	chunk-027-14	1
q-228	chunk-027-15	1
q-228	chunk-027-16	1
q-228	chunk-027-17	1
q-228	chunk-027-18	1
q-228	chunk-027-19	1
q-229	chunk-028-00	1
q-229	chunk-028-01	1
q-229	chunk-028-02	1
q-229	chunk-028-03	1
q-229	chunk-028-04	1
q-229	chunk-028-05	1
q-229	chunk-028-06	1
q-229	chunk-028-07	1
q-229	chunk-028-08	1
q-229	chunk-028-09	1
q-229	chunk-028-10	1
q-229	chunk-028-11	1
q-229	chunk-028-12	1
q-229	chunk-028-13	1
q-229	chunk-028-14	1
q-229	chunk-028-15	1
q-229	chunk-028-16	1
q-229	chunk-028-17	1
q-229	chunk-028-18	1
q-229	chunk-028-19	1
q-230	chunk-029-00	1
q-230	chunk-029-01	1
q-230	chunk-029-02	1
q-230	chunk-029-03	1
q-230	chunk-029-04	1
q-230	chunk-029-05	1
q-230	chunk-029-06	1
q-230	chunk-029-07	1
q-230	chunk-029-08	1
q-230	chunk-029-09	1
q-230	chunk-029-10	1
q-230	chunk-029-11	1
q-230	chunk-029-12	1
q-230	chunk-029-13	1
q-230	chunk-029-14	1
q-230	chunk-029-15	1
q-230	chunk-029-16	1
q-230	chunk-029-17	1
q-230	chunk-029-18	1
q-230	chunk-029-19	1
q-231	chunk-030-00	1
q-231	chunk-030-01	1
q-231	chunk-030-02	1
q-231	chunk-030-03	1
q-231	chunk-030-04	1
q-231	chunk-030-05	1
q-231	chunk-030-06	1
q-231	chunk-030-07	1
q-231	chunk-030-08	1
q-231	chunk-030-09	1
q-231	chunk-030-10	1
q-231	chunk-030-11	1
q-231	chunk-030-12	1
q-231	chunk-030-13	1
q-231	chunk-030-14	1
q-231	chunk-030-15	1
q-231	chunk-030-16	1
q-231	chunk-030-17	1
q-231	chunk-030-18	1
q-231	chunk-030-19	1
q-232	chunk-031-00	1
q-232	chunk-031-01	1
q-232	chunk-031-02	1
q-232	chunk-031-03	1
q-232	chunk-031-04	1
q-232	chunk-031-05	1
q-232	chunk-031-06	1
q-232	chunk-031-07	1
q-232	chunk-031-08	1
q-232	chunk-031-09	1
q-232	chunk-031-10	1
q-232	chunk-031-11	1
q-232	chunk-031-12	1
q-232	chunk-031-13	1
q-232	chunk-031-14	1
q-232	chunk-031-15	1
q-232	chunk-031-16	1
q-232	chunk-031-17	1
q-232	chunk-031-18	1
q-232	chunk-031-19	1
q-233	chunk-032-00	1
q-233	chunk-032-01	1
q-233	chunk-032-02	1
q-233	chunk-032-03	1
q-233	chunk-032-04	1
q-233	chunk-032-05	1
q-233	chunk-032-06	1
q-233	chunk-032-07	1
q-233	chunk-032-08	1
q-233	chunk-032-09	1
q-233	chunk-032-10	1
q-233	chunk-032-11	1
q-233	chunk-032-12	1
q-233	chunk-032-13	1
q-233	chunk-032-14	1
q-233	chunk-032-15	1
q-233	chunk-032-16	1
q-233	chunk-032-17	1
q-233	chunk-032-18	1
q-233	chunk-032-19	1
q-234	chunk-033-01	1
q-234	chunk-033-05	1
q-234	chunk-033-09	1
q-234	chunk-033-13	1
q-234	chunk-033-17	1
q-234	chunk-033-21	1
q-234	chunk-033-25	1
q-234	chunk-033-29	1
q-234	chunk-033-33	1
q-234	chunk-033-37	1
q-234	chunk-033-41	1
q-234	chunk-033-45	1
q-234	chunk-033-49	1
q-235	chunk-034-00	1
q-235	chunk-034-01	1
q-235	chunk-034-02	1
q-235	chunk-034-03	1
q-235	chunk-034-04	1
q-235	chunk-034-05	1
q-235	chunk-034-06	1
q-235	chunk-034-07	1
q-235	chunk-034-08	1
q-235	chunk-034-09	1
q-235	chunk-034-10	1
q-235	chunk-034-11	1
q-235	chunk-034-12	1
q-235	chunk-034-13	1
q-235	chunk-034-14	1
q-235	chunk-034-15	1
q-235	chunk-034-16	1
q-235	chunk-034-17	1
q-235	chunk-034-18	1
q-235	chunk-034-19	1
q-236	chunk-035-00	1
q-236	chunk-035-01	1
q-236	chunk-035-02	1
q-236	chunk-035-03	1
q-236	chunk-035-04	1
q-236	chunk-035-05	1
q-236	chunk-035-06	1
q-236	chunk-035-07	1
q-236	chunk-035-08	1
q-236	chunk-035-09	1
q-236	chunk-035-10	1
q-236	chunk-035-11	1
q-236	chunk-035-12	1
q-236	chunk-035-13	1
q-236	chunk-035-14	1
q-236	chunk-035-15	1
q-236	chunk-035-16	1
q-236	chunk-035-17	1
q-236	chunk-035-18	1
q-236	chunk-035-19	1
q-237	chunk-036-00	1
q-237	chunk-036-01	1
q-237	chunk-036-02	1
q-237	chunk-036-03	1
q-237	chunk-036-04	1
q-237	chunk-036-05	1
q-237	chunk-036-06	1
q-237	chunk-036-07	1
q-237	chunk-036-08	1
q-237	chunk-036-09	1
q-237	chunk-036-10	1
q-237	chunk-036-11	1
q-237	chunk-036-12	1
q-237	chunk-036-13	1
q-237	chunk-036-14	1
q-237	chunk-036-15	1
q-237	chunk-036-16	1
q-237	chunk-036-17	1
q-237	chunk-036-18	1
q-237	chunk-036-19	1
q-238	chunk-037-00	1
q-238	chunk-037-01	1
q-238	chunk-037-02	1
q-238	chunk-037-03	1
q-238	chunk-037-04	1
q-238	chunk-037-05	1
q-238	chunk-037-06	1
q-238	chunk-037-07	1
q-238	chunk-037-08	1
q-238	chunk-037-09	1
q-238	chunk-037-10	1
q-238	chunk-037-11	1
q-238	chunk-037-12	1
q-238	chunk-037-13	1
q-238	chunk-037-14	1
q-238	chunk-037-15	1
q-238	chunk-037-16	1
q-238	chunk-037-17	1
q-238	chunk-037-18	1
q-238	chunk-037-19	1
q-239	chunk-038-02	1
q-239	chunk-038-06	1
q-239	chunk-038-10	1
q-239	chunk-038-14	1
q-239	chunk-038-18	1
q-239	chunk-038-22	1
q-239	chunk-038-26	1
q-239	chunk-038-30	1
q-239	chunk-038-34	1
q-239	chunk-038-38	1
q-239	chunk-038-42	1
q-239	chunk-038-46	1
q-241	chunk-040-00	1
q-241	chunk-040-01	1
q-241	chunk-040-02	1
q-241	chunk-040-03	1
q-241	chunk-040-04	1
q-241	chunk-040-05	1
q-241	chunk-040-06	1
q-241	chunk-040-07	1
q-241	chunk-040-08	1
q-241	chunk-040-09	1
q-241	chunk-040-10	1
q-241	chunk-040-11	1
q-241	chunk-040-12	1
q-241	chunk-040-13	1
q-241	chunk-040-14	1
q-241	chunk-040-15	1
q-241	chunk-040-16	1
q-241	chunk-040-17	1
q-241	chunk-040-18	1
q-241	chunk-040-19	1
q-242	chunk-041-01	1
q-242	chunk-041-05	1
q-242	chunk-041-09	1
q-242	chunk-041-13	1
q-242	chunk-041-17	1
q-242	chunk-041-21	1
q-242	chunk-041-25	1
q-242	chunk-041-29	1
q-242	chunk-041-33	1
q-242	chunk-041-37	1
q-242	chunk-041-41	1
q-242	chunk-041-45	1
q-242	chunk-041-49	1
q-243	chunk-042-00	1
q-243	chunk-042-01	1
q-243	chunk-042-02	1
q-243	chunk-042-03	1
q-243	chunk-042-04	1
q-243	chunk-042-05	1
q-243	chunk-042-06	1
q-243	chunk-042-07	1
q-243	chunk-042-08	1
q-243	chunk-042-09	1
q-243	chunk-042-10	1
q-243	chunk-042-11	1
q-243	chunk-042-12	1
q-243	chunk-042-13	1
q-243	chunk-042-14	1
q-243	chunk-042-15	1
q-243	chunk-042-16	1
q-243	chunk-042-17	1
q-243	chunk-042-18	1
q-243	chunk-042-19	1
q-244	chunk-043-00	1
q-244	chunk-043-01	1
q-244	chunk-043-02	1
q-244	chunk-043-03	1
q-244	chunk-043-04	1
q-244	chunk-043-05	1
q-244	chunk-043-06	1
q-244	chunk-043-07	1
q-244	chunk-043-08	1
q-244	chunk-043-09	1
q-244	chunk-043-10	1
q-244	chunk-043-11	1
q-244	chunk-043-12	1
q-244	chunk-043-13	1
q-244	chunk-043-14	1
q-244	chunk-043-15	1
q-244	chunk-043-16	1
q-244	chunk-043-17	1
q-244	chunk-043-18	1
q-244	chunk-043-19	1
q-245	chunk-044-00	1
q-245	chunk-044-01	1
q-245	chunk-044-02	1
q-245	chunk-044-03	1
q-245	chunk-044-04	1
q-245	chunk-044-05	1
q-245	chunk-044-06	1
q-245	chunk-044-07	1
q-245	chunk-044-08	1
q-245	chunk-044-09	1
q-245	chunk-044-10	1
q-245	chunk-044-11	1
q-245	chunk-044-12	1
q-245	chunk-044-13	1
q-245	chunk-044-14	1
q-245	chunk-044-15	1
q-245	chunk-044-16	1
q-245	chunk-044-17	1
q-245	chunk-044-18	1
q-245	chunk-044-19	1
q-246	chunk-045-00	1
q-246	chunk-045-01	1
q-246	chunk-045-02	1
q-246	chunk-045-03	1
q-246	chunk-045-04	1
q-246	chunk-045-05	1
q-246	chunk-045-06	1
q-246	chunk-045-07	1
q-246	chunk-045-08	1
q-246	chunk-045-09	1
q-246	chunk-045-10	1
q-246	chunk-045-11	1
q-246	chunk-045-12	1
q-246	chunk-045-13	1
q-246	chunk-045-14	1
q-246	chunk-045-15	1
q-246	chunk-045-16	1
q-246	chunk-045-17	1
q-246	chunk-045-18	1
q-246	chunk-045-19	1
q-247	chunk-046-00	1
q-247	chunk-046-01	1
q-247	chunk-046-02	1
q-247	chunk-046-03	1
q-247	chunk-046-04	1
q-247	chunk-046-05	1
q-247	chunk-046-06	1
q-247	chunk-046-07	1
q-247	chunk-046-08	1
q-247	chunk-046-09	1
q-247	chunk-046-10	1
q-247	chunk-046-11	1
q-247	chunk-046-12	1
q-247	chunk-046-13	1
q-247	chunk-046-14	1
q-247	chunk-046-15	1
q-247	chunk-046-16	1
q-247	chunk-046-17	1
q-247	chunk-046-18	1
q-247	chunk-046-19	1
q-248	chunk-047-00	1
q-248	chunk-047-01	1
q-248	chunk-047-02	1
q-248	chunk-047-03	1
q-248	chunk-047-04	1
q-248	chunk-047-05	1
q-248	chunk-047-06	1
q-248	chunk-047-07	1
q-248	chunk-047-08	1
q-248	chunk-047-09	1
q-248	chunk-047-10	1
q-248	chunk-047-11	1
q-248	chunk-047-12	1
q-248	chunk-047-13	1
q-248	chunk-047-14	1
q-248	chunk-047-15	1
q-248	chunk-047-16	1
q-248	chunk-047-17	1
q-248	chunk-047-18	1
q-248	chunk-047-19	1
q-249	chunk-048-00	1
q-249	chunk-048-01	1
q-249	chunk-048-02	1
q-249	chunk-048-03	1
q-249	chunk-048-04	1
q-249	chunk-048-05	1
q-249	chunk-048-06	1
q-249	chunk-048-07	1
q-249	chunk-048-08	1
q-249	chunk-048-09	1
q-249	chunk-048-10	1
q-249	chunk-048-11	1
q-249	chunk-048-12	1
q-249	chunk-048-13	1
q-249	chunk-048-14	1
q-249	chunk-048-15	1
q-249	chunk-048-16	1
q-249	chunk-048-17	1
q-249	chunk-048-18	1
q-249	chunk-048-19	1
q-250	chunk-049-00	1
q-250	chunk-049-01	1
q-250	chunk-049-02	1
q-250	chunk-049-03	1
q-250	chunk-049-04	1
q-250	chunk-049-05	1
q-250	chunk-049-06	1
q-250	chunk-049-07	1
q-250	chunk-049-08	1
q-250	chunk-049-09	1
q-250	chunk-049-10	1
q-250	chunk-049-11	1
q-250	chunk-049-12	1
q-250	chunk-049-13	1
q-250	chunk-049-14	1
q-250	chunk-049-15	1
q-250	chunk-049-16	1
q-250	chunk-049-17	1
q-250	chunk-049-18	1
q-250	chunk-049-19	1
q-251	chunk-050-00	1
q-251	chunk-050-01	1
q-251	chunk-050-02	1
q-251	chunk-050-03	1
q-251	chunk-050-04	1
q-251	chunk-050-05	1
q-251	chunk-050-06	1
q-251	chunk-050-07	1
q-251	chunk-050-08	1
q-251	chunk-050-09	1
q-251	chunk-050-10	1
q-251	chunk-050-11	1
q-251	chunk-050-12	1
q-251	chunk-050-13	1
q-251	chunk-050-14	1
q-251	chunk-050-15	1
q-251	chunk-050-16	1
q-251	chunk-050-17	1
q-251	chunk-050-18	1
q-251	chunk-050-19	1
q-252	chunk-051-00	1
q-252	chunk-051-01	1
q-252	chunk-051-02	1
q-252	chunk-051-03	1
q-252	chunk-051-04	1
q-252	chunk-051-05	1
q-252	chunk-051-06	1
q-252	chunk-051-07	1
q-252	chunk-051-08	1
q-252	chunk-051-09	1
q-252	chunk-051-10	1
q-252	chunk-051-11	1
q-252	chunk-051-12	1
q-252	chunk-051-13	1
q-252	chunk-051-14	1
q-252	chunk-051-15	1
q-252	chunk-051-16	1
q-252	chunk-051-17	1
q-252	chunk-051-18	1
q-252	chunk-051-19	1
q-253	chunk-052-00	1
q-253	chunk-052-01	1
q-253	chunk-052-02	1
q-253	chunk-052-03	1
q-253	chunk-052-04	1
q-253	chunk-052-05	1
q-253	chunk-052-06	1
q-253	chunk-052-07	1
q-253	chunk-052-08	1
q-253	chunk-052-09	1
q-253	chunk-052-10	1
q-253	chunk-052-11	1
q-253	chunk-052-12	1
q-253	chunk-052-13	1
q-253	chunk-052-14	1
q-253	chunk-052-15	1
q-253	chunk-052-16	1
q-253	chunk-052-17	1
q-253	chunk-052-18	1
q-253	chunk-052-19	1
q-254	chunk-053-00	1
q-254	chunk-053-01	1
q-254	chunk-053-02	1
q-254	chunk-053-03	1
q-254	chunk-053-04	1
q-254	chunk-053-05	1
q-254	chunk-053-06	1
q-254	chunk-053-07	1
q-254	chunk-053-08	1
q-254	chunk-053-09	1
q-254	chunk-053-10	1
q-254	chunk-053-11	1
q-254	chunk-053-12	1
q-254	chunk-053-13	1
q-254	chunk-053-14	1
q-254	chunk-053-15	1
q-254	chunk-053-16	1
q-254	chunk-053-17	1
q-254	chunk-053-18	1
q-254	chunk-053-19	1
q-255	chunk-054-00	1
q-255	chunk-054-01	1
q-255	chunk-054-02	1
q-255	chunk-054-03	1
q-255	chunk-054-04	1
q-255	chunk-054-05	1
q-255	chunk-054-06	1
q-255	chunk-054-07	1
q-255	chunk-054-08	1
q-255	chunk-054-09	1
q-255	chunk-054-10	1
q-255	chunk-054-11	1
q-255	chunk-054-12	1
q-255	chunk-054-13	1
q-255	chunk-054-14	1
q-255	chunk-054-15	1
q-255	chunk-054-16	1
q-255	chunk-054-17	1
q-255	chunk-054-18	1
q-255	chunk-054-19	1
q-256	chunk-055-00	1
q-256	chunk-055-01	1
q-256	chunk-055-02	1
q-256	chunk-055-03	1
q-256	chunk-055-04	1
q-256	chunk-055-05	1
q-256	chunk-055-06	1
q-256	chunk-055-07	1
q-256	chunk-055-08	1
q-256	chunk-055-09	1
q-256	chunk-055-10	1
q-256	chunk-055-11	1
q-256	chunk-055-12	1
q-256	chunk-055-13	1
q-256	chunk-055-14	1
q-256	chunk-055-15	1
q-256	chunk-055-16	1
q-256	chunk-055-17	1
q-256	chunk-055-18	1
q-256	chunk-055-19	1
q-257	chunk-056-00	1
q-257	chunk-056-01	1
q-257	chunk-056-02	1
q-257	chunk-056-03	1
q-257	chunk-056-04	1
q-257	chunk-056-05	1
q-257	chunk-056-06	1
q-257	chunk-056-07	1
q-257	chunk-056-08	1
q-257	chunk-056-09	1
q-257	chunk-056-10	1
q-257	chunk-056-11	1
q-257	chunk-056-12	1
q-257	chunk-056-13	1
q-257	chunk-056-14	1
q-257	chunk-056-15	1
q-257	chunk-056-16	1
q-257	chunk-056-17	1
q-257	chunk-056-18	1
q-257	chunk-056-19	1
q-258	chunk-057-00	1
q-258	chunk-057-01	1
q-258	chunk-057-02	1
q-258	chunk-057-03	1
q-258	chunk-057-04	1
q-258	chunk-057-05	1
q-258	chunk-057-06	1
q-258	chunk-057-07	1
q-258	chunk-057-08	1
q-258	chunk-057-09	1
q-258	chunk-057-10	1
q-258	chunk-057-11	1
q-258	chunk-057-12	1
q-258	chunk-057-13	1
q-258	chunk-057-14	1
q-258	chunk-057-15	1
q-258	chunk-057-16	1
q-258	chunk-057-17	1
q-258	chunk-057-18	1
q-258	chunk-057-19	1
q-259	chunk-058-00	1
q-259	chunk-058-01	1
q-259	chunk-058-02	1
q-259	chunk-058-03	1
q-259	chunk-058-04	1
q-259	chunk-058-05	1
q-259	chunk-058-06	1
q-259	chunk-058-07	1
q-259	chunk-058-08	1
q-259	chunk-058-09	1
q-259	chunk-058-10	1
q-259	chunk-058-11	1
q-259	chunk-058-12	1
q-259	chunk-058-13	1
q-259	chunk-058-14	1
q-259	chunk-058-15	1
q-259	chunk-058-16	1
q-259	chunk-058-17	1
q-259	chunk-058-18	1
q-259	chunk-058-19	1
q-260	chunk-059-00	1
q-260	chunk-059-01	1
q-260	chunk-059-02	1
q-260	chunk-059-03	1
q-260	chunk-059-04	1
q-260	chunk-059-05	1
q-260	chunk-059-06	1
q-260	chunk-059-07	1
q-260	chunk-059-08	1
q-260	chunk-059-09	1
q-260	chunk-059-10	1
q-260	chunk-059-11	1
q-260	chunk-059-12	1
q-260	chunk-059-13	1
q-260	chunk-059-14	1
q-260	chunk-059-15	1
q-260	chunk-059-16	1
q-260	chunk-059-17	1
q-260	chunk-059-18	1
q-260	chunk-059-19	1
q-261	chunk-060-00	1
q-261	chunk-060-01	1
q-261	chunk-060-02	1
q-261	chunk-060-03	1
q-261	chunk-060-04	1
q-261	chunk-060-05	1
q-261	chunk-060-06	1
q-261	chunk-060-07	1
q-261	chunk-060-08	1
q-261	chunk-060-09	1
q-261	chunk-060-10	1
q-261	chunk-060-11	1
q-261	chunk-060-12	1
q-261	chunk-060-13	1
q-261	chunk-060-14	1
q-261	chunk-060-15	1
q-261	chunk-060-16	1
q-261	chunk-060-17	1
q-261	chunk-060-18	1
q-261	chunk-060-19	1
q-262	chunk-061-00	1
q-262	chunk-061-01	1
q-262	chunk-061-02	1
q-262	chunk-061-03	1
q-262	chunk-061-04	1
q-262	chunk-061-05	1
q-262	chunk-061-06	1
q-262	chunk-061-07	1
q-262	chunk-061-08	1
q-262	chunk-061-09	1
q-262	chunk-061-10	1
q-262	chunk-061-11	1
q-262	chunk-061-12	1
q-262	chunk-061-13	1
q-262	chunk-061-14	1
q-262	chunk-061-15	1
q-262	chunk-061-16	1
q-262	chunk-061-17	1
q-262	chunk-061-18	1
q-262	chunk-061-19	1
q-263	chunk-062-00	1
q-263	chunk-062-01	1
q-263	chunk-062-02	1
q-263	chunk-062-03	1
q-263	chunk-062-04	1
q-263	chunk-062-05	1
q-263	chunk-062-06	1
q-263	chunk-062-07	1
q-263	chunk-062-08	1
q-263	chunk-062-09	1
q-263	chunk-062-10	1
q-263	chunk-062-11	1
q-263	chunk-062-12	1
q-263	chunk-062-13	1
q-263	chunk-062-14	1
q-263	chunk-062-15	1
q-263	chunk-062-16	1
q-263	chunk-062-17	1
q-263	chunk-062-18	1
q-263	chunk-062-19	1
q-264	chunk-063-00	1
q-264	chunk-063-01	1
q-264	chunk-063-02	1
q-264	chunk-063-03	1
q-264	chunk-063-04	1
q-264	chunk-063-05	1
q-264	chunk-063-06	1
q-264	chunk-063-07	1
q-264	chunk-063-08	1
q-264	chunk-063-09	1
q-264	chunk-063-10	1
q-264	chunk-063-11	1
q-264	chunk-063-12	1
q-264	chunk-063-13	1
q-264	chunk-063-14	1
q-264	chunk-063-15	1
q-264	chunk-063-16	1
q-264	chunk-063-17	1
q-264	chunk-063-18	1
q-264	chunk-063-19	1
q-265	chunk-064-00	1
q-265	chunk-064-01	1
q-265	chunk-064-02	1
q-265	chunk-064-03	1
q-265	chunk-064-04	1
q-265	chunk-064-05	1
q-265	chunk-064-06	1
q-265	chunk-064-07	1
q-265	chunk-064-08	1
q-265	chunk-064-09	1
q-265	chunk-064-10	1
q-265	chunk-064-11	1
q-265	chunk-064-12	1
q-265	chunk-064-13	1
q-265	chunk-064-14	1
q-265	chunk-064-15	1
q-265	chunk-064-16	1
q-265	chunk-064-17	1
q-265	chunk-064-18	1
q-265	chunk-064-19	1
q-266	chunk-065-00	1
q-266	chunk-065-01	1
q-266	chunk-065-02	1
q-266	chunk-065-03	1
q-266	chunk-065-04	1
q-266	chunk-065-05	1
q-266	chunk-065-06	1
q-266	chunk-065-07	1
q-266	chunk-065-08	1
q-266	chunk-065-09	1
q-266	chunk-065-10	1
q-266	chunk-065-11	1
q-266	chunk-065-12	1
q-266	chunk-065-13	1
q-266	chunk-065-14	1
q-266	chunk-065-15	1
q-266	chunk-065-16	1
q-266	chunk-065-17	1
q-266	chunk-065-18	1
q-266	chunk-065-19	1
q-267	chunk-066-00	1
q-267	chunk-066-01	1
q-267	chunk-066-02	1
q-267	chunk-066-03	1
q-267	chunk-066-04	1
q-267	chunk-066-05	1
q-267	chunk-066-06	1
q-267	chunk-066-07	1
q-267	chunk-066-08	1
q-267	chunk-066-09	1
q-267	chunk-066-10	1
q-267	chunk-066-11	1
q-267	chunk-066-12	1
q-267	chunk-066-13	1
q-267	chunk-066-14	1
q-267	chunk-066-15	1
q-267	chunk-066-16	1
q-267	chunk-066-17	1
q-267	chunk-066-18	1
q-267	chunk-066-19	1
q-268	chunk-067-00	1
q-268	chunk-067-01	1
q-268	chunk-067-02	1
q-268	chunk-067-03	1
q-268	chunk-067-04	1
q-268	chunk-067-05	1
q-268	chunk-067-06	1
q-268	chunk-067-07	1
q-268	chunk-067-08	1
q-268	chunk-067-09	1
q-268	chunk-067-10	1
q-268	chunk-067-11	1
q-268	chunk-067-12	1
q-268	chunk-067-13	1
q-268	chunk-067-14	1
q-268	chunk-067-15	1
q-268	chunk-067-16	1
q-268	chunk-067-17	1
q-268	chunk-067-18	1
q-268	chunk-067-19	1
q-269	chunk-068-00	1
q-269	chunk-068-01	1
q-269	chunk-068-02	1
q-269	chunk-068-03	1
q-269	chunk-068-04	1
q-269	chunk-068-05	1
q-269	chunk-068-06	1
q-269	chunk-068-07	1
q-269	chunk-068-08	1
q-269	chunk-068-09	1
q-269	chunk-068-10	1
q-269	chunk-068-11	1
q-269	chunk-068-12	1
q-269	chunk-068-13	1
q-269	chunk-068-14	1
q-269	chunk-068-15	1
q-269	chunk-068-16	1
q-269	chunk-068-17	1
q-269	chunk-068-18	1
q-269	chunk-068-19	1
q-270	chunk-069-00	1
q-270	chunk-069-01	1
q-270	chunk-069-02	1
q-270	chunk-069-03	1
q-270	chunk-069-04	1
q-270	chunk-069-05	1
q-270	chunk-069-06	1
q-270	chunk-069-07	1
q-270	chunk-069-08	1
q-270	chunk-069-09	1
q-270	chunk-069-10	1
q-270	chunk-069-11	1
q-270	chunk-069-12	1
q-270	chunk-069-13	1
q-270	chunk-069-14	1
q-270	chunk-069-15	1
q-270	chunk-069-16	1
q-270	chunk-069-17	1
q-270	chunk-069-18	1
q-270	chunk-069-19	1
q-271	chunk-070-00	1
q-271	chunk-070-01	1
q-271	chunk-070-02	1
q-271	chunk-070-03	1
q-271	chunk-070-04	1
q-271	chunk-070-05	1
q-271	chunk-070-06	1
q-271	chunk-070-07	1
q-271	chunk-070-08	1
q-271	chunk-070-09	1
q-271	chunk-070-10	1
q-271	chunk-070-11	1
q-271	chunk-070-12	1
q-271	chunk-070-13	1
q-271	chunk-070-14	1
q-271	chunk-070-15	1
q-271	chunk-070-16	1
q-271	chunk-070-17	1
q-271	chunk-070-18	1
q-271	chunk-070-19	1
q-272	chunk-071-00	1
q-272	chunk-071-01	1
q-272	chunk-071-02	1
q-272	chunk-071-03	1
q-272	chunk-071-04	1
q-272	chunk-071-05	1
q-272	chunk-071-06	1
q-272	chunk-071-07	1
q-272	chunk-071-08	1
q-272	chunk-071-09	1
q-272	chunk-071-10	1
q-272	chunk-071-11	1
q-272	chunk-071-12	1
q-272	chunk-071-13	1
q-272	chunk-071-14	1
q-272	chunk-071-15	1
q-272	chunk-071-16	1
q-272	chunk-071-17	1
q-272	chunk-071-18	1
q-272	chunk-071-19	1
q-273	chunk-072-00	1
q-273	chunk-072-01	1
q-273	chunk-072-02	1
q-273	chunk-072-03	1
q-273	chunk-072-04	1
q-273	chunk-072-05	1
q-273	chunk-072-06	1
q-273	chunk-072-07	1
q-273	chunk-072-08	1
q-273	chunk-072-09	1
q-273	chunk-072-10	1
q-273	chunk-072-11	1
q-273	chunk-072-12	1
q-273	chunk-072-13	1
q-273	chunk-072-14	1
q-273	chunk-072-15	1
q-273	chunk-072-16	1
q-273	chunk-072-17	1
q-273	chunk-072-18	1
q-273	chunk-072-19	1
q-274	chunk-073-00	1
q-274	chunk-073-01	1
q-274	chunk-073-02	1
q-274	chunk-073-03	1
q-274	chunk-073-04	1
q-274	chunk-073-05	1
q-274	chunk-073-06	1
q-274	chunk-073-07	1
q-274	chunk-073-08	1
q-274	chunk-073-09	1
q-274	chunk-073-10	1
q-274	chunk-073-11	1
q-274	chunk-073-12	1
q-274	chunk-073-13	1
q-274	chunk-073-14	1
q-274	chunk-073-15	1
q-274	chunk-073-16	1
q-274	chunk-073-17	1
q-274	chunk-073-18	1
q-274	chunk-073-19	1
q-275	chunk-074-00	1
q-275	chunk-074-01	1
q-275	chunk-074-02	1
q-275	chunk-074-03	1
q-275	chunk-074-04	1
q-275	chunk-074-05	1
q-275	chunk-074-06	1
q-275	chunk-074-07	1
q-275	chunk-074-08	1
q-275	chunk-074-09	1
q-275	chunk-074-10	1
q-275	chunk-074-11	1
q-275	chunk-074-12	1
q-275	chunk-074-13	1
q-275	chunk-074-14	1
q-275	chunk-074-15	1
q-275	chunk-074-16	1
q-275	chunk-074-17	1
q-275	chunk-074-18	1
q-275	chunk-074-19	1
q-276	chunk-075-00	1
q-276	chunk-075-01	1
q-276	chunk-075-02	1
q-276	chunk-075-03	1
q-276	chunk-075-04	1
q-276	chunk-075-05	1
q-276	chunk-075-06	1
q-276	chunk-075-07	1
q-276	chunk-075-08	1
q-276	chunk-075-09	1
q-276	chunk-075-10	1
q-276	chunk-075-11	1
q-276	chunk-075-12	1
q-276	chunk-075-13	1
q-276	chunk-075-14	1
q-276	chunk-075-15	1
q-276	chunk-075-16	1
q-276	chunk-075-17	1
q-276	chunk-075-18	1
q-276	chunk-075-19	1
q-277	chunk-076-00	1
q-277	chunk-076-01	1
q-277	chunk-076-02	1
q-277	chunk-076-03	1
q-277	chunk-076-04	1
q-277	chunk-076-05	1
q-277	chunk-076-06	1
q-277	chunk-076-07	1
q-277	chunk-076-08	1
q-277	chunk-076-09	1
q-277	chunk-076-10	1
q-277	chunk-076-11	1
q-277	chunk-076-12	1
q-277	chunk-076-13	1
q-277	chunk-076-14	1
q-277	chunk-076-15	1
q-277	chunk-076-16	1
q-277	chunk-076-17	1
q-277	chunk-076-18	1
q-277	chunk-076-19	1
q-278	chunk-077-00	1
q-278	chunk-077-01	1
q-278	chunk-077-02	1
q-278	chunk-077-03	1
q-278	chunk-077-04	1
q-278	chunk-077-05	1
q-278	chunk-077-06	1
q-278	chunk-077-07	1
q-278	chunk-077-08	1
q-278	chunk-077-09	1
q-278	chunk-077-10	1
q-278	chunk-077-11	1
q-278	chunk-077-12	1
q-278	chunk-077-13	1
q-278	chunk-077-14	1
q-278	chunk-077-15	1
q-278	chunk-077-16	1
q-278	chunk-077-17	1
q-278	chunk-077-18	1
q-278	chunk-077-19	1
q-279	chunk-078-00	1
q-279	chunk-078-01	1
q-279	chunk-078-02	1
q-279	chunk-078-03	1
q-279	chunk-078-04	1
q-279	chunk-078-05	1
q-279	chunk-078-06	1
q-279	chunk-078-07	1
q-279	chunk-078-08	1
q-279	chunk-078-09	1
q-279	chunk-078-10	1
q-279	chunk-078-11	1
q-279	chunk-078-12	1
q-279	chunk-078-13	1
q-279	chunk-078-14	1
q-279	chunk-078-15	1
q-279	chunk-078-16	1
q-279	chunk-078-17	1
q-279	chunk-078-18	1
q-279	chunk-078-19	1
q-280	chunk-079-00	1
q-280	chunk-079-01	1
q-280	chunk-079-02	1
q-280	chunk-079-03	1
q-280	chunk-079-04	1
q-280	chunk-079-05	1
q-280	chunk-079-06	1
q-280	chunk-079-07	1
q-280	chunk-079-08	1
q-280	chunk-079-09	1
q-280	chunk-079-10	1
q-280	chunk-079-11	1
q-280	chunk-079-12	1
q-280	chunk-079-13	1
q-280	chunk-079-14	1
q-280	chunk-079-15	1
q-280	chunk-079-16	1
q-280	chunk-079-17	1
q-280	chunk-079-18	1
q-280	chunk-079-19	1
q-281	chunk-080-00	1
q-281	chunk-080-01	1
q-281	chunk-080-02	1
q-281	chunk-080-03	1
q-281	chunk-080-04	1
q-281	chunk-080-05	1
q-281	chunk-080-06	1
q-281	chunk-080-07	1
q-281	chunk-080-08	1
q-281	chunk-080-09	1
q-281	chunk-080-10	1
q-281	chunk-080-11	1
q-281	chunk-080-12	1
q-281	chunk-080-13	1
q-281	chunk-080-14	1
q-281	chunk-080-15	1
q-281	chunk-080-16	1
q-281	chunk-080-17	1
q-281	chunk-080-18	1
q-281	chunk-080-19	1
q-282	chunk-081-00	1
q-282	chunk-081-01	1
q-282	chunk-081-02	1
q-282	chunk-081-03	1
q-282	chunk-081-04	1
q-282	chunk-081-05	1
q-282	chunk-081-06	1
q-282	chunk-081-07	1
q-282	chunk-081-08	1
q-282	chunk-081-09	1
q-282	chunk-081-10	1
q-282	chunk-081-11	1
q-282	chunk-081-12	1
q-282	chunk-081-13	1
q-282	chunk-081-14	1
q-282	chunk-081-15	1
q-282	chunk-081-16	1
q-282	chunk-081-17	1
q-282	chunk-081-18	1
q-282	chunk-081-19	1
q-283	chunk-082-00	1
q-283	chunk-082-01	1
q-283	chunk-082-02	1
q-283	chunk-082-03	1
q-283	chunk-082-04	1
q-283	chunk-082-05	1
q-283	chunk-082-06	1
q-283	chunk-082-07	1
q-283	chunk-082-08	1
q-283	chunk-082-09	1
q-283	chunk-082-10	1
q-283	chunk-082-11	1
q-283	chunk-082-12	1
q-283	chunk-082-13	1
q-283	chunk-082-14	1
q-283	chunk-082-15	1
q-283	chunk-082-16	1
q-283	chunk-082-17	1
q-283	chunk-082-18	1
q-283	chunk-082-19	1
q-284	chunk-083-00	1
q-284	chunk-083-01	1
q-284	chunk-083-02	1
q-284	chunk-083-03	1
q-284	chunk-083-04	1
q-284	chunk-083-05	1
q-284	chunk-083-06	1
q-284	chunk-083-07	1
q-284	chunk-083-08	1
q-284	chunk-083-09	1
q-284	chunk-083-10	1
q-284	chunk-083-11	1
q-284	chunk-083-12	1
q-284	chunk-083-13	1
q-284	chunk-083-14	1
q-284	chunk-083-15	1
q-284	chunk-083-16	1
q-284	chunk-083-17	1
q-284	chunk-083-18	1
q-284	chunk-083-19	1
q-285	chunk-084-00	1
q-285	chunk-084-01	1
q-285	chunk-084-02	1
q-285	chunk-084-03	1
q-285	chunk-084-04	1
q-285	chunk-084-05	1
q-285	chunk-084-06	1
q-285	chunk-084-07	1
q-285	chunk-084-08	1
q-285	chunk-084-09	1
q-285	chunk-084-10	1
q-285	chunk-084-11	1
q-285	chunk-084-12	1
q-285	chunk-084-13	1
q-285	chunk-084-14	1
q-285	chunk-084-15	1
q-285	chunk-084-16	1
q-285	chunk-084-17	1
q-285	chunk-084-18	1
q-285	chunk-084-19	1
q-286	chunk-085-01	1
q-286	chunk-085-05	1
q-286	chunk-085-09	1
q-286	chunk-085-13	1
q-286	chunk-085-17	1
q-286	chunk-085-21	1
q-286	chunk-085-25	1
q-286	chunk-085-29	1
q-286	chunk-085-33	1
q-286	chunk-085-37	1
q-286	chunk-085-41	1
q-286	chunk-085-45	1
q-286	chunk-085-49	1
q-287	chunk-086-00	1
q-287	chunk-086-01	1
q-287	chunk-086-02	1
q-287	chunk-086-03	1
q-287	chunk-086-04	1
q-287	chunk-086-05	1
q-287	chunk-086-06	1
q-287	chunk-086-07	1
q-287	chunk-086-08	1
q-287	chunk-086-09	1
q-287	chunk-086-10	1
q-287	chunk-086-11	1
q-287	chunk-086-12	1
q-287	chunk-086-13	1
q-287	chunk-086-14	1
q-287	chunk-086-15	1
q-287	chunk-086-16	1
q-287	chunk-086-17	1
q-287	chunk-086-18	1
q-287	chunk-086-19	1
q-288	chunk-087-00	1
q-288	chunk-087-01	1
q-288	chunk-087-02	1
q-288	chunk-087-03	1
q-288	chunk-087-04	1
q-288	chunk-087-05	1
q-288	chunk-087-06	1
q-288	chunk-087-07	1
q-288	chunk-087-08	1
q-288	chunk-087-09	1
q-288	chunk-087-10	1
q-288	chunk-087-11	1
q-288	chunk-087-12	1
q-288	chunk-087-13	1
q-288	chunk-087-14	1
q-288	chunk-087-15	1
q-288	chunk-087-16	1
q-288	chunk-087-17	1
q-288	chunk-087-18	1
q-288	chunk-087-19	1
q-289	chunk-088-00	1
q-289	chunk-088-01	1
q-289	chunk-088-02	1
q-289	chunk-088-03	1
q-289	chunk-088-04	1
q-289	chunk-088-05	1
q-289	chunk-088-06	1
q-289	chunk-088-07	1
q-289	chunk-088-08	1
q-289	chunk-088-09	1
q-289	chunk-088-10	1
q-289	chunk-088-11	1
q-289	chunk-088-12	1
q-289	chunk-088-13	1
q-289	chunk-088-14	1
q-289	chunk-088-15	1
q-289	chunk-088-16	1
q-289	chunk-088-17	1
q-289	chunk-088-18	1
q-289	chunk-088-19	1
q-290	chunk-089-00	1
q-290	chunk-089-01	1
q-290	chunk-089-02	1
q-290	chunk-089-03	1
q-290	chunk-089-04	1
q-290	chunk-089-05	1
q-290	chunk-089-06	1
q-290	chunk-089-07	1
q-290	chunk-089-08	1
q-290	chunk-089-09	1
q-290	chunk-089-10	1
q-290	chunk-089-11	1
q-290	chunk-089-12	1
q-290	chunk-089-13	1
q-290	chunk-089-14	1
q-290	chunk-089-15	1
q-290	chunk-089-16	1
q-290	chunk-089-17	1
q-290	chunk-089-18	1
q-290	chunk-089-19	1
q-291	chunk-090-00	1
q-291	chunk-090-01	1
q-291	chunk-090-02	1
q-291	chunk-090-03	1
q-291	chunk-090-04	1
q-291	chunk-090-05	1
q-291	chunk-090-06	1
q-291	chunk-090-07	1
q-291	chunk-090-08	1
q-291	chunk-090-09	1
q-291	chunk-090-10	1
q-291	chunk-090-11	1
q-291	chunk-090-12	1
q-291	chunk-090-13	1
q-291	chunk-090-14	1
q-291	chunk-090-15	1
q-291	chunk-090-16	1
q-291	chunk-090-17	1
q-291	chunk-090-18	1
q-291	chunk-090-19	1
q-292	chunk-091-00	1
q-292	chunk-091-01	1
q-292	chunk-091-02	1
q-292	chunk-091-03	1
q-292	chunk-091-04	1
q-292	chunk-091-05	1
q-292	chunk-091-06	1
q-292	chunk-091-07	1
q-292	chunk-091-08	1
q-292	chunk-091-09	1
q-292	chunk-091-10	1
q-292	chunk-091-11	1
q-292	chunk-091-12	1
q-292	chunk-091-13	1
q-292	chunk-091-14	1
q-292	chunk-091-15	1
q-292	chunk-091-16	1
q-292	chunk-091-17	1
q-292	chunk-091-18	1
q-292	chunk-091-19	1
q-293	chunk-092-00	1
q-293	chunk-092-01	1
q-293	chunk-092-02	1
q-293	chunk-092-03	1
q-293	chunk-092-04	1
q-293	chunk-092-05	1
q-293	chunk-092-06	1
q-293	chunk-092-07	1
q-293	chunk-092-08	1
q-293	chunk-092-09	1
q-293	chunk-092-10	1
q-293	chunk-092-11	1
q-293	chunk-092-12	1
q-293	chunk-092-13	1
q-293	chunk-092-14	1
q-293	chunk-092-15	1
q-293	chunk-092-16	1
q-293	chunk-092-17	1
q-293	chunk-092-18	1
q-293	chunk-092-19	1
q-294	chunk-093-01	1
q-294	chunk-093-05	1
q-294	chunk-093-09	1
q-294	chunk-093-13	1
q-294	chunk-093-17	1
q-294	chunk-093-21	1
q-294	chunk-093-25	1
q-294	chunk-093-29	1
q-294	chunk-093-33	1
q-294	chunk-093-37	1
q-294	chunk-093-41	1
q-294	chunk-093-45	1
q-294	chunk-093-49	1
q-295	chunk-094-00	1
q-295	chunk-094-01	1
q-295	chunk-094-02	1
q-295	chunk-094-03	1
q-295	chunk-094-04	1
q-295	chunk-094-05	1
q-295	chunk-094-06	1
q-295	chunk-094-07	1
q-295	chunk-094-08	1
q-295	chunk-094-09	1
q-295	chunk-094-10	1
q-295	chunk-094-11	1
q-295	chunk-094-12	1
q-295	chunk-094-13	1
q-295	chunk-094-14	1
q-295	chunk-094-15	1
q-295	chunk-094-16	1
q-295	chunk-094-17	1
q-295	chunk-094-18	1
q-295	chunk-094-19	1
q-296	chunk-095-00	1
q-296	chunk-095-01	1
q-296	chunk-095-02	1
q-296	chunk-095-03	1
q-296	chunk-095-04	1
q-296	chunk-095-05	1
q-296	chunk-095-06	1
q-296	chunk-095-07	1
q-296	chunk-095-08	1
q-296	chunk-095-09	1
q-296	chunk-095-10	1
q-296	chunk-095-11	1
q-296	chunk-095-12	1
q-296	chunk-095-13	1
q-296	chunk-095-14	1
q-296	chunk-095-15	1
q-296	chunk-095-16	1
q-296	chunk-095-17	1
q-296	chunk-095-18	1
q-296	chunk-095-19	1
q-297	chunk-096-00	1
q-297	chunk-096-01	1
q-297	chunk-096-02	1
q-297	chunk-096-03	1
q-297	chunk-096-04	1
q-297	chunk-096-05	1
q-297	chunk-096-06	1
q-297	chunk-096-07	1
q-297	chunk-096-08	1
q-297	chunk-096-09	1
q-297	chunk-096-10	1
q-297	chunk-096-11	1
q-297	chunk-096-12	1
q-297	chunk-096-13	1
q-297	chunk-096-14	1
q-297	chunk-096-15	1
q-297	chunk-096-16	1
q-297	chunk-096-17	1
q-297	chunk-096-18	1
q-297	chunk-096-19	1
q-298	chunk-097-00	1
q-298	chunk-097-01	1
q-298	chunk-097-02	1
q-298	chunk-097-03	1
q-298	chunk-097-04	1
q-298	chunk-097-05	1
q-298	chunk-097-06	1
q-298	chunk-097-07	1
q-298	chunk-097-08	1
q-298	chunk-097-09	1
q-298	chunk-097-10	1
q-298	chunk-097-11	1
q-298	chunk-097-12	1
q-298	chunk-097-13	1
q-298	chunk-097-14	1
q-298	chunk-097-15	1
q-298	chunk-097-16	1
q-298	chunk-097-17	1
q-298	chunk-097-18	1
q-298	chunk-097-19	1
q-299	chunk-098-00	1
q-299	chunk-098-01	1
q-299	chunk-098-02	1
q-299	chunk-098-03	1
q-299	chunk-098-04	1
q-299	chunk-098-05	1
q-299	chunk-098-06	1
q-299	chunk-098-07	1
q-299	chunk-098-08	1
q-299	chunk-098-09	1
q-299	chunk-098-10	1
q-299	chunk-098-11	1
q-299	chunk-098-12	1
q-299	chunk-098-13	1
q-299	chunk-098-14	1
q-299	chunk-098-15	1
q-299	chunk-098-16	1
q-299	chunk-098-17	1
q-299	chunk-098-18	1
q-299	chunk-098-19	1
q-300	chunk-099-00	1
q-300	chunk-099-01	1
q-300	chunk-099-02	1
q-300	chunk-099-03	1
q-300	chunk-099-04	1
q-300	chunk-099-05	1
q-300	chunk-099-06	1
q-300	chunk-099-07	1
q-300	chunk-099-08	1
q-300	chunk-099-09	1
q-300	chunk-099-10	1
q-300	chunk-099-11	1
q-300	chunk-099-12	1
q-300	chunk-099-13	1
q-300	chunk-099-14	1
q-300	chunk-099-15	1
q-300	chunk-099-16	1
q-300	chunk-099-17	1
q-300	chunk-099-18	1
q-300	chunk-099-19	1
